raceId,driverId,constructorId,grid,final_position,points,laps,statusId,year,round,race_name,date,forename,surname,code,constructor_name,status,n_stops,pit_total_ms,pit_mean_ms,first_stop_lap
841,20,9,1,1,25.0,58,1,2011,1,Australian Grand Prix,2011-03-27,Sebastian,Vettel,VET,Red Bull,Finished,2,46639.0,23319.5,14.0
841,1,1,2,2,18.0,58,1,2011,1,Australian Grand Prix,2011-03-27,Lewis,Hamilton,HAM,McLaren,Finished,2,46426.0,23213.0,16.0
841,808,4,6,3,15.0,58,1,2011,1,Australian Grand Prix,2011-03-27,Vitaly,Petrov,PET,Renault,Finished,2,50218.0,25109.0,16.0
841,4,6,5,4,12.0,58,1,2011,1,Australian Grand Prix,2011-03-27,Fernando,Alonso,ALO,Ferrari,Finished,3,72165.0,24055.0,12.0
841,17,9,3,5,10.0,58,1,2011,1,Australian Grand Prix,2011-03-27,Mark,Webber,WEB,Red Bull,Finished,3,72176.0,24058.666666666668,11.0
841,18,1,4,6,8.0,58,1,2011,1,Australian Grand Prix,2011-03-27,Jenson,Button,BUT,McLaren,Finished,3,62851.0,20950.333333333332,17.0
841,13,6,8,7,6.0,58,1,2011,1,Australian Grand Prix,2011-03-27,Felipe,Massa,MAS,Ferrari,Finished,3,72437.0,24145.666666666668,13.0
841,67,5,10,8,4.0,57,11,2011,1,Australian Grand Prix,2011-03-27,Sébastien,Buemi,BUE,Toro Rosso,+1 Lap,2,48442.0,24221.0,15.0
841,16,10,16,9,2.0,57,11,2011,1,Australian Grand Prix,2011-03-27,Adrian,Sutil,SUT,Force India,+1 Lap,2,49849.0,24924.5,16.0
841,814,10,14,10,1.0,57,11,2011,1,Australian Grand Prix,2011-03-27,Paul,di Resta,DIR,Force India,+1 Lap,2,49195.0,24597.5,14.0
841,153,5,12,11,0.0,57,11,2011,1,Australian Grand Prix,2011-03-27,Jaime,Alguersuari,ALG,Toro Rosso,+1 Lap,3,77709.0,25903.0,1.0
841,2,4,18,12,0.0,57,11,2011,1,Australian Grand Prix,2011-03-27,Nick,Heidfeld,HEI,Renault,+1 Lap,2,48092.0,24046.0,15.0
841,15,205,20,13,0.0,56,12,2011,1,Australian Grand Prix,2011-03-27,Jarno,Trulli,TRU,Lotus,+2 Laps,2,49747.0,24873.5,16.0
841,816,166,22,14,0.0,54,14,2011,1,Australian Grand Prix,2011-03-27,Jérôme,d'Ambrosio,DAM,Virgin,+4 Laps,2,51705.0,25852.5,14.0
841,10,166,21,15,0.0,49,19,2011,1,Australian Grand Prix,2011-03-27,Timo,Glock,GLO,Virgin,+9 Laps,1,23792.0,23792.0,18.0
841,22,3,17,16,0.0,48,7,2011,1,Australian Grand Prix,2011-03-27,Rubens,Barrichello,BAR,Williams,Transmission,4,104700.0,26175.0,13.0
841,3,131,7,17,0.0,22,4,2011,1,Australian Grand Prix,2011-03-27,Nico,Rosberg,ROS,Mercedes,Collision,1,23716.0,23716.0,16.0
841,5,205,19,18,0.0,19,47,2011,1,Australian Grand Prix,2011-03-27,Heikki,Kovalainen,KOV,Lotus,Water leak,1,24865.0,24865.0,17.0
841,30,131,11,19,0.0,19,4,2011,1,Australian Grand Prix,2011-03-27,Michael,Schumacher,MSC,Mercedes,Collision,2,49009.0,24504.5,1.0
841,813,3,15,20,0.0,9,7,2011,1,Australian Grand Prix,2011-03-27,Pastor,Maldonado,MAL,Williams,Transmission,0,,,
841,155,15,9,21,0.0,58,2,2011,1,Australian Grand Prix,2011-03-27,Kamui,Kobayashi,KOB,Sauber,Disqualified,2,48256.0,24128.0,16.0
841,815,15,13,22,0.0,58,2,2011,1,Australian Grand Prix,2011-03-27,Sergio,Pérez,PER,Sauber,Disqualified,1,23438.0,23438.0,23.0
842,20,9,1,1,25.0,56,1,2011,2,Malaysian Grand Prix,2011-04-10,Sebastian,Vettel,VET,Red Bull,Finished,3,67225.0,22408.333333333332,13.0
842,18,1,4,2,18.0,56,1,2011,2,Malaysian Grand Prix,2011-04-10,Jenson,Button,BUT,McLaren,Finished,3,67354.0,22451.333333333332,13.0
842,2,4,6,3,15.0,56,1,2011,2,Malaysian Grand Prix,2011-04-10,Nick,Heidfeld,HEI,Renault,Finished,3,69723.0,23241.0,13.0
842,17,9,3,4,12.0,56,1,2011,2,Malaysian Grand Prix,2011-04-10,Mark,Webber,WEB,Red Bull,Finished,4,88793.0,22198.25,10.0
842,13,6,7,5,10.0,56,1,2011,2,Malaysian Grand Prix,2011-04-10,Felipe,Massa,MAS,Ferrari,Finished,3,74658.0,24886.0,13.0
842,4,6,5,6,8.0,56,1,2011,2,Malaysian Grand Prix,2011-04-10,Fernando,Alonso,ALO,Ferrari,Finished,4,98040.0,24510.0,14.0
842,155,15,10,7,6.0,56,1,2011,2,Malaysian Grand Prix,2011-04-10,Kamui,Kobayashi,KOB,Sauber,Finished,2,46722.0,23361.0,17.0
842,1,1,2,8,4.0,56,1,2011,2,Malaysian Grand Prix,2011-04-10,Lewis,Hamilton,HAM,McLaren,Finished,4,93011.0,23252.75,12.0
842,30,131,11,9,2.0,56,1,2011,2,Malaysian Grand Prix,2011-04-10,Michael,Schumacher,MSC,Mercedes,Finished,3,67064.0,22354.666666666668,14.0
842,814,10,14,10,1.0,56,1,2011,2,Malaysian Grand Prix,2011-04-10,Paul,di Resta,DIR,Force India,Finished,3,69169.0,23056.333333333332,11.0
842,16,10,17,11,0.0,55,11,2011,2,Malaysian Grand Prix,2011-04-10,Adrian,Sutil,SUT,Force India,+1 Lap,3,76290.0,25430.0,3.0
842,3,131,9,12,0.0,55,11,2011,2,Malaysian Grand Prix,2011-04-10,Nico,Rosberg,ROS,Mercedes,+1 Lap,3,70070.0,23356.666666666668,15.0
842,67,5,12,13,0.0,55,11,2011,2,Malaysian Grand Prix,2011-04-10,Sébastien,Buemi,BUE,Toro Rosso,+1 Lap,3,80562.0,26854.0,15.0
842,153,5,13,14,0.0,55,11,2011,2,Malaysian Grand Prix,2011-04-10,Jaime,Alguersuari,ALG,Toro Rosso,+1 Lap,2,46472.0,23236.0,16.0
842,5,205,19,15,0.0,55,11,2011,2,Malaysian Grand Prix,2011-04-10,Heikki,Kovalainen,KOV,Lotus,+1 Lap,2,52420.0,26210.0,15.0
842,10,166,21,16,0.0,54,12,2011,2,Malaysian Grand Prix,2011-04-10,Timo,Glock,GLO,Virgin,+2 Laps,2,49046.0,24523.0,17.0
842,808,4,8,17,0.0,52,3,2011,2,Malaysian Grand Prix,2011-04-10,Vitaly,Petrov,PET,Renault,Accident,3,74556.0,24852.0,15.0
842,24,164,23,18,0.0,46,88,2011,2,Malaysian Grand Prix,2011-04-10,Vitantonio,Liuzzi,LIU,HRT,+10 Laps,3,93192.0,31064.0,17.0
842,816,166,22,19,0.0,42,3,2011,2,Malaysian Grand Prix,2011-04-10,Jérôme,d'Ambrosio,DAM,Virgin,Accident,2,50668.0,25334.0,17.0
842,15,205,20,20,0.0,31,8,2011,2,Malaysian Grand Prix,2011-04-10,Jarno,Trulli,TRU,Lotus,Clutch,1,25516.0,25516.0,13.0
842,815,15,16,21,0.0,23,3,2011,2,Malaysian Grand Prix,2011-04-10,Sergio,Pérez,PER,Sauber,Accident,1,23597.0,23597.0,17.0
842,22,3,15,22,0.0,22,6,2011,2,Malaysian Grand Prix,2011-04-10,Rubens,Barrichello,BAR,Williams,Gearbox,2,57480.0,28740.0,3.0
842,39,164,24,23,0.0,14,128,2011,2,Malaysian Grand Prix,2011-04-10,Narain,Karthikeyan,KAR,HRT,+42 Laps,0,,,
842,813,3,18,24,0.0,8,129,2011,2,Malaysian Grand Prix,2011-04-10,Pastor,Maldonado,MAL,Williams,Engine misfire,0,,,
843,1,1,3,1,25.0,56,1,2011,3,Chinese Grand Prix,2011-04-17,Lewis,Hamilton,HAM,McLaren,Finished,3,61978.0,20659.333333333332,15.0
843,20,9,1,2,18.0,56,1,2011,3,Chinese Grand Prix,2011-04-17,Sebastian,Vettel,VET,Red Bull,Finished,2,43528.0,21764.0,14.0
843,17,9,18,3,15.0,56,1,2011,3,Chinese Grand Prix,2011-04-17,Mark,Webber,WEB,Red Bull,Finished,3,65665.0,21888.333333333332,10.0
843,18,1,2,4,12.0,56,1,2011,3,Chinese Grand Prix,2011-04-17,Jenson,Button,BUT,McLaren,Finished,3,65774.0,21924.666666666668,14.0
843,3,131,4,5,10.0,56,1,2011,3,Chinese Grand Prix,2011-04-17,Nico,Rosberg,ROS,Mercedes,Finished,3,63496.0,21165.333333333332,12.0
843,13,6,6,6,8.0,56,1,2011,3,Chinese Grand Prix,2011-04-17,Felipe,Massa,MAS,Ferrari,Finished,2,42792.0,21396.0,15.0
843,4,6,5,7,6.0,56,1,2011,3,Chinese Grand Prix,2011-04-17,Fernando,Alonso,ALO,Ferrari,Finished,2,43775.0,21887.5,16.0
843,30,131,14,8,4.0,56,1,2011,3,Chinese Grand Prix,2011-04-17,Michael,Schumacher,MSC,Mercedes,Finished,3,63886.0,21295.333333333332,10.0
843,808,4,10,9,2.0,56,1,2011,3,Chinese Grand Prix,2011-04-17,Vitaly,Petrov,PET,Renault,Finished,2,43986.0,21993.0,17.0
843,155,15,13,10,1.0,56,1,2011,3,Chinese Grand Prix,2011-04-17,Kamui,Kobayashi,KOB,Sauber,Finished,2,43791.0,21895.5,14.0
843,814,10,8,11,0.0,56,1,2011,3,Chinese Grand Prix,2011-04-17,Paul,di Resta,DIR,Force India,Finished,2,43207.0,21603.5,11.0
843,2,4,16,12,0.0,56,1,2011,3,Chinese Grand Prix,2011-04-17,Nick,Heidfeld,HEI,Renault,Finished,2,44037.0,22018.5,18.0
843,22,3,15,13,0.0,56,1,2011,3,Chinese Grand Prix,2011-04-17,Rubens,Barrichello,BAR,Williams,Finished,2,43190.0,21595.0,16.0
843,67,5,9,14,0.0,56,1,2011,3,Chinese Grand Prix,2011-04-17,Sébastien,Buemi,BUE,Toro Rosso,Finished,3,68660.0,22886.666666666668,12.0
843,16,10,11,15,0.0,55,11,2011,3,Chinese Grand Prix,2011-04-17,Adrian,Sutil,SUT,Force India,+1 Lap,3,70755.0,23585.0,15.0
843,5,205,19,16,0.0,55,11,2011,3,Chinese Grand Prix,2011-04-17,Heikki,Kovalainen,KOV,Lotus,+1 Lap,2,44375.0,22187.5,19.0
843,815,15,12,17,0.0,55,11,2011,3,Chinese Grand Prix,2011-04-17,Sergio,Pérez,PER,Sauber,+1 Lap,4,87615.0,21903.75,16.0
843,813,3,17,18,0.0,55,11,2011,3,Chinese Grand Prix,2011-04-17,Pastor,Maldonado,MAL,Williams,+1 Lap,3,72842.0,24280.666666666668,10.0
843,15,205,20,19,0.0,55,11,2011,3,Chinese Grand Prix,2011-04-17,Jarno,Trulli,TRU,Lotus,+1 Lap,2,45289.0,22644.5,20.0
843,816,166,21,20,0.0,54,12,2011,3,Chinese Grand Prix,2011-04-17,Jérôme,d'Ambrosio,DAM,Virgin,+2 Laps,2,45703.0,22851.5,20.0
843,10,166,22,21,0.0,54,12,2011,3,Chinese Grand Prix,2011-04-17,Timo,Glock,GLO,Virgin,+2 Laps,3,78418.0,26139.333333333332,16.0
843,24,164,23,22,0.0,54,12,2011,3,Chinese Grand Prix,2011-04-17,Vitantonio,Liuzzi,LIU,HRT,+2 Laps,3,62126.0,20708.666666666668,9.0
843,39,164,24,23,0.0,54,12,2011,3,Chinese Grand Prix,2011-04-17,Narain,Karthikeyan,KAR,HRT,+2 Laps,1,26049.0,26049.0,23.0
843,153,5,7,24,0.0,9,36,2011,3,Chinese Grand Prix,2011-04-17,Jaime,Alguersuari,ALG,Toro Rosso,Wheel,1,22419.0,22419.0,9.0
844,20,9,1,1,25.0,58,1,2011,4,Turkish Grand Prix,2011-05-08,Sebastian,Vettel,VET,Red Bull,Finished,4,81609.0,20402.25,11.0
844,17,9,2,2,18.0,58,1,2011,4,Turkish Grand Prix,2011-05-08,Mark,Webber,WEB,Red Bull,Finished,4,84401.0,21100.25,10.0
844,4,6,5,3,15.0,58,1,2011,4,Turkish Grand Prix,2011-05-08,Fernando,Alonso,ALO,Ferrari,Finished,4,86121.0,21530.25,10.0
844,1,1,4,4,12.0,58,1,2011,4,Turkish Grand Prix,2011-05-08,Lewis,Hamilton,HAM,McLaren,Finished,4,99637.0,24909.25,9.0
844,3,131,3,5,10.0,58,1,2011,4,Turkish Grand Prix,2011-05-08,Nico,Rosberg,ROS,Mercedes,Finished,4,84757.0,21189.25,10.0
844,18,1,6,6,8.0,58,1,2011,4,Turkish Grand Prix,2011-05-08,Jenson,Button,BUT,McLaren,Finished,3,65424.0,21808.0,13.0
844,2,4,9,7,6.0,58,1,2011,4,Turkish Grand Prix,2011-05-08,Nick,Heidfeld,HEI,Renault,Finished,4,86975.0,21743.75,10.0
844,808,4,7,8,4.0,58,1,2011,4,Turkish Grand Prix,2011-05-08,Vitaly,Petrov,PET,Renault,Finished,4,86245.0,21561.25,8.0
844,67,5,16,9,2.0,58,1,2011,4,Turkish Grand Prix,2011-05-08,Sébastien,Buemi,BUE,Toro Rosso,Finished,3,65929.0,21976.333333333332,9.0
844,155,15,24,10,1.0,58,1,2011,4,Turkish Grand Prix,2011-05-08,Kamui,Kobayashi,KOB,Sauber,Finished,3,67731.0,22577.0,13.0
844,13,6,10,11,0.0,58,1,2011,4,Turkish Grand Prix,2011-05-08,Felipe,Massa,MAS,Ferrari,Finished,4,93500.0,23375.0,9.0
844,30,131,8,12,0.0,58,1,2011,4,Turkish Grand Prix,2011-05-08,Michael,Schumacher,MSC,Mercedes,Finished,4,92065.0,23016.25,2.0
844,16,10,12,13,0.0,57,11,2011,4,Turkish Grand Prix,2011-05-08,Adrian,Sutil,SUT,Force India,+1 Lap,3,63739.0,21246.333333333332,10.0
844,815,15,15,14,0.0,57,11,2011,4,Turkish Grand Prix,2011-05-08,Sergio,Pérez,PER,Sauber,+1 Lap,4,96245.0,24061.25,1.0
844,22,3,11,15,0.0,57,11,2011,4,Turkish Grand Prix,2011-05-08,Rubens,Barrichello,BAR,Williams,+1 Lap,3,67272.0,22424.0,10.0
844,153,5,17,16,0.0,57,11,2011,4,Turkish Grand Prix,2011-05-08,Jaime,Alguersuari,ALG,Toro Rosso,+1 Lap,4,88456.0,22114.0,13.0
844,813,3,14,17,0.0,57,11,2011,4,Turkish Grand Prix,2011-05-08,Pastor,Maldonado,MAL,Williams,+1 Lap,4,82188.0,20547.0,11.0
844,15,205,19,18,0.0,57,11,2011,4,Turkish Grand Prix,2011-05-08,Jarno,Trulli,TRU,Lotus,+1 Lap,3,68147.0,22715.666666666668,13.0
844,5,205,18,19,0.0,56,12,2011,4,Turkish Grand Prix,2011-05-08,Heikki,Kovalainen,KOV,Lotus,+2 Laps,3,67601.0,22533.666666666668,15.0
844,816,166,23,20,0.0,56,12,2011,4,Turkish Grand Prix,2011-05-08,Jérôme,d'Ambrosio,DAM,Virgin,+2 Laps,2,47616.0,23808.0,16.0
844,39,164,22,21,0.0,55,13,2011,4,Turkish Grand Prix,2011-05-08,Narain,Karthikeyan,KAR,HRT,+3 Laps,3,76789.0,25596.333333333332,14.0
844,24,164,20,22,0.0,53,15,2011,4,Turkish Grand Prix,2011-05-08,Vitantonio,Liuzzi,LIU,HRT,+5 Laps,4,149973.0,37493.25,15.0
844,814,10,13,23,0.0,44,31,2011,4,Turkish Grand Prix,2011-05-08,Paul,di Resta,DIR,Force India,Retired,4,83995.0,20998.75,11.0
844,10,166,21,24,0.0,0,6,2011,4,Turkish Grand Prix,2011-05-08,Timo,Glock,GLO,Virgin,Gearbox,0,,,
845,20,9,2,1,25.0,66,1,2011,5,Spanish Grand Prix,2011-05-22,Sebastian,Vettel,VET,Red Bull,Finished,4,80858.0,20214.5,9.0
845,1,1,3,2,18.0,66,1,2011,5,Spanish Grand Prix,2011-05-22,Lewis,Hamilton,HAM,McLaren,Finished,4,81457.0,20364.25,11.0
845,18,1,5,3,15.0,66,1,2011,5,Spanish Grand Prix,2011-05-22,Jenson,Button,BUT,McLaren,Finished,3,60885.0,20295.0,14.0
845,17,9,1,4,12.0,66,1,2011,5,Spanish Grand Prix,2011-05-22,Mark,Webber,WEB,Red Bull,Finished,4,81223.0,20305.75,10.0
845,4,6,4,5,10.0,65,11,2011,5,Spanish Grand Prix,2011-05-22,Fernando,Alonso,ALO,Ferrari,+1 Lap,4,81923.0,20480.75,10.0
845,30,131,10,6,8.0,65,11,2011,5,Spanish Grand Prix,2011-05-22,Michael,Schumacher,MSC,Mercedes,+1 Lap,3,61022.0,20340.666666666668,10.0
845,3,131,7,7,6.0,65,11,2011,5,Spanish Grand Prix,2011-05-22,Nico,Rosberg,ROS,Mercedes,+1 Lap,3,60576.0,20192.0,11.0
845,2,4,24,8,4.0,65,11,2011,5,Spanish Grand Prix,2011-05-22,Nick,Heidfeld,HEI,Renault,+1 Lap,3,64071.0,21357.0,21.0
845,815,15,12,9,2.0,65,11,2011,5,Spanish Grand Prix,2011-05-22,Sergio,Pérez,PER,Sauber,+1 Lap,3,66564.0,22188.0,7.0
845,155,15,14,10,1.0,65,11,2011,5,Spanish Grand Prix,2011-05-22,Kamui,Kobayashi,KOB,Sauber,+1 Lap,3,66499.0,22166.333333333332,1.0
845,808,4,6,11,0.0,65,11,2011,5,Spanish Grand Prix,2011-05-22,Vitaly,Petrov,PET,Renault,+1 Lap,3,67827.0,22609.0,11.0
845,814,10,16,12,0.0,65,11,2011,5,Spanish Grand Prix,2011-05-22,Paul,di Resta,DIR,Force India,+1 Lap,3,60769.0,20256.333333333332,15.0
845,16,10,17,13,0.0,65,11,2011,5,Spanish Grand Prix,2011-05-22,Adrian,Sutil,SUT,Force India,+1 Lap,3,64270.0,21423.333333333332,13.0
845,67,5,11,14,0.0,65,11,2011,5,Spanish Grand Prix,2011-05-22,Sébastien,Buemi,BUE,Toro Rosso,+1 Lap,3,66382.0,22127.333333333332,9.0
845,813,3,9,15,0.0,65,11,2011,5,Spanish Grand Prix,2011-05-22,Pastor,Maldonado,MAL,Williams,+1 Lap,4,91161.0,22790.25,8.0
845,153,5,13,16,0.0,64,12,2011,5,Spanish Grand Prix,2011-05-22,Jaime,Alguersuari,ALG,Toro Rosso,+2 Laps,4,85775.0,21443.75,11.0
845,22,3,19,17,0.0,64,12,2011,5,Spanish Grand Prix,2011-05-22,Rubens,Barrichello,BAR,Williams,+2 Laps,4,92449.0,23112.25,11.0
845,15,205,18,18,0.0,64,12,2011,5,Spanish Grand Prix,2011-05-22,Jarno,Trulli,TRU,Lotus,+2 Laps,3,67088.0,22362.666666666668,15.0
845,10,166,20,19,0.0,63,13,2011,5,Spanish Grand Prix,2011-05-22,Timo,Glock,GLO,Virgin,+3 Laps,3,65546.0,21848.666666666668,16.0
845,816,166,23,20,0.0,62,14,2011,5,Spanish Grand Prix,2011-05-22,Jérôme,d'Ambrosio,DAM,Virgin,+4 Laps,3,67866.0,22622.0,17.0
845,39,164,22,21,0.0,61,15,2011,5,Spanish Grand Prix,2011-05-22,Narain,Karthikeyan,KAR,HRT,+5 Laps,3,73589.0,24529.666666666668,14.0
845,13,6,8,22,0.0,58,6,2011,5,Spanish Grand Prix,2011-05-22,Felipe,Massa,MAS,Ferrari,Gearbox,3,64854.0,21618.0,11.0
845,5,205,15,23,0.0,48,3,2011,5,Spanish Grand Prix,2011-05-22,Heikki,Kovalainen,KOV,Lotus,Accident,3,64894.0,21631.333333333332,16.0
845,24,164,21,24,0.0,28,6,2011,5,Spanish Grand Prix,2011-05-22,Vitantonio,Liuzzi,LIU,HRT,Gearbox,1,23157.0,23157.0,16.0
846,20,9,1,1,25.0,78,1,2011,6,Monaco Grand Prix,2011-05-29,Sebastian,Vettel,VET,Red Bull,Finished,1,28536.0,28536.0,16.0
846,4,6,4,2,18.0,78,1,2011,6,Monaco Grand Prix,2011-05-29,Fernando,Alonso,ALO,Ferrari,Finished,2,56734.0,28367.0,17.0
846,18,1,2,3,15.0,78,1,2011,6,Monaco Grand Prix,2011-05-29,Jenson,Button,BUT,McLaren,Finished,3,76371.0,25457.0,15.0
846,17,9,3,4,12.0,78,1,2011,6,Monaco Grand Prix,2011-05-29,Mark,Webber,WEB,Red Bull,Finished,2,64004.0,32002.0,16.0
846,155,15,12,5,10.0,78,1,2011,6,Monaco Grand Prix,2011-05-29,Kamui,Kobayashi,KOB,Sauber,Finished,1,28642.0,28642.0,34.0
846,1,1,9,6,8.0,78,1,2011,6,Monaco Grand Prix,2011-05-29,Lewis,Hamilton,HAM,McLaren,Finished,3,77769.0,25923.0,22.0
846,16,10,14,7,6.0,77,11,2011,6,Monaco Grand Prix,2011-05-29,Adrian,Sutil,SUT,Force India,+1 Lap,2,52916.0,26458.0,34.0
846,2,4,15,8,4.0,77,11,2011,6,Monaco Grand Prix,2011-05-29,Nick,Heidfeld,HEI,Renault,+1 Lap,2,52132.0,26066.0,33.0
846,22,3,11,9,2.0,77,11,2011,6,Monaco Grand Prix,2011-05-29,Rubens,Barrichello,BAR,Williams,+1 Lap,2,51596.0,25798.0,32.0
846,67,5,16,10,1.0,77,11,2011,6,Monaco Grand Prix,2011-05-29,Sébastien,Buemi,BUE,Toro Rosso,+1 Lap,2,51118.0,25559.0,33.0
846,3,131,7,11,0.0,76,12,2011,6,Monaco Grand Prix,2011-05-29,Nico,Rosberg,ROS,Mercedes,+2 Laps,3,75615.0,25205.0,15.0
846,814,10,13,12,0.0,76,12,2011,6,Monaco Grand Prix,2011-05-29,Paul,di Resta,DIR,Force India,+2 Laps,3,91556.0,30518.666666666668,20.0
846,15,205,18,13,0.0,76,12,2011,6,Monaco Grand Prix,2011-05-29,Jarno,Trulli,TRU,Lotus,+2 Laps,2,51660.0,25830.0,24.0
846,5,205,17,14,0.0,76,12,2011,6,Monaco Grand Prix,2011-05-29,Heikki,Kovalainen,KOV,Lotus,+2 Laps,2,52355.0,26177.5,19.0
846,816,166,21,15,0.0,75,13,2011,6,Monaco Grand Prix,2011-05-29,Jérôme,d'Ambrosio,DAM,Virgin,+3 Laps,2,54041.0,27020.5,33.0
846,24,164,23,16,0.0,75,13,2011,6,Monaco Grand Prix,2011-05-29,Vitantonio,Liuzzi,LIU,HRT,+3 Laps,1,28298.0,28298.0,32.0
846,39,164,22,17,0.0,74,14,2011,6,Monaco Grand Prix,2011-05-29,Narain,Karthikeyan,KAR,HRT,+4 Laps,2,68242.0,34121.0,25.0
846,813,3,8,18,0.0,73,3,2011,6,Monaco Grand Prix,2011-05-29,Pastor,Maldonado,MAL,Williams,Accident,2,52155.0,26077.5,25.0
846,808,4,10,19,0.0,67,4,2011,6,Monaco Grand Prix,2011-05-29,Vitaly,Petrov,PET,Renault,Collision,1,28856.0,28856.0,28.0
846,153,5,19,20,0.0,66,4,2011,6,Monaco Grand Prix,2011-05-29,Jaime,Alguersuari,ALG,Toro Rosso,Collision,2,53457.0,26728.5,29.0
846,13,6,6,21,0.0,32,3,2011,6,Monaco Grand Prix,2011-05-29,Felipe,Massa,MAS,Ferrari,Accident,1,26615.0,26615.0,26.0
846,30,131,5,22,0.0,32,5,2011,6,Monaco Grand Prix,2011-05-29,Michael,Schumacher,MSC,Mercedes,Engine,1,35084.0,35084.0,12.0
846,10,166,20,23,0.0,30,22,2011,6,Monaco Grand Prix,2011-05-29,Timo,Glock,GLO,Virgin,Suspension,1,26827.0,26827.0,22.0
847,18,1,7,1,25.0,70,1,2011,7,Canadian Grand Prix,2011-06-12,Jenson,Button,BUT,McLaren,Finished,6,141067.0,23511.166666666668,8.0
847,20,9,1,2,18.0,70,1,2011,7,Canadian Grand Prix,2011-06-12,Sebastian,Vettel,VET,Red Bull,Finished,3,69356.0,23118.666666666668,20.0
847,17,9,4,3,15.0,70,1,2011,7,Canadian Grand Prix,2011-06-12,Mark,Webber,WEB,Red Bull,Finished,3,74718.0,24906.0,20.0
847,30,131,8,4,12.0,70,1,2011,7,Canadian Grand Prix,2011-06-12,Michael,Schumacher,MSC,Mercedes,Finished,4,94369.0,23592.25,18.0
847,808,4,10,5,10.0,70,1,2011,7,Canadian Grand Prix,2011-06-12,Vitaly,Petrov,PET,Renault,Finished,2,47961.0,23980.5,36.0
847,13,6,3,6,8.0,70,1,2011,7,Canadian Grand Prix,2011-06-12,Felipe,Massa,MAS,Ferrari,Finished,4,98534.0,24633.5,21.0
847,155,15,13,7,6.0,70,1,2011,7,Canadian Grand Prix,2011-06-12,Kamui,Kobayashi,KOB,Sauber,Finished,2,48305.0,24152.5,36.0
847,153,5,24,8,4.0,70,1,2011,7,Canadian Grand Prix,2011-06-12,Jaime,Alguersuari,ALG,Toro Rosso,Finished,3,74246.0,24748.666666666668,19.0
847,22,3,16,9,2.0,70,1,2011,7,Canadian Grand Prix,2011-06-12,Rubens,Barrichello,BAR,Williams,Finished,4,96114.0,24028.5,15.0
847,67,5,15,10,1.0,70,1,2011,7,Canadian Grand Prix,2011-06-12,Sébastien,Buemi,BUE,Toro Rosso,Finished,4,99129.0,24782.25,17.0
847,3,131,6,11,0.0,70,1,2011,7,Canadian Grand Prix,2011-06-12,Nico,Rosberg,ROS,Mercedes,Finished,4,91528.0,22882.0,17.0
847,37,15,17,12,0.0,70,1,2011,7,Canadian Grand Prix,2011-06-12,Pedro,de la Rosa,DLR,Sauber,Finished,2,54327.0,27163.5,35.0
847,24,164,20,13,0.0,69,11,2011,7,Canadian Grand Prix,2011-06-12,Vitantonio,Liuzzi,LIU,HRT,+1 Lap,3,95377.0,31792.333333333332,9.0
847,39,164,22,14,0.0,69,11,2011,7,Canadian Grand Prix,2011-06-12,Narain,Karthikeyan,KAR,HRT,+1 Lap,2,58655.0,29327.5,37.0
847,816,166,23,15,0.0,69,11,2011,7,Canadian Grand Prix,2011-06-12,Jérôme,d'Ambrosio,DAM,Virgin,+1 Lap,5,124547.0,24909.4,17.0
847,10,166,21,16,0.0,69,11,2011,7,Canadian Grand Prix,2011-06-12,Timo,Glock,GLO,Virgin,+1 Lap,2,49504.0,24752.0,34.0
847,15,205,18,17,0.0,69,11,2011,7,Canadian Grand Prix,2011-06-12,Jarno,Trulli,TRU,Lotus,+1 Lap,3,100156.0,33385.333333333336,19.0
847,814,10,11,18,0.0,67,3,2011,7,Canadian Grand Prix,2011-06-12,Paul,di Resta,DIR,Force India,Accident,4,88776.0,22194.0,35.0
847,813,3,12,19,0.0,61,31,2011,7,Canadian Grand Prix,2011-06-12,Pastor,Maldonado,MAL,Williams,Retired,5,127508.0,25501.6,17.0
847,2,4,9,20,0.0,55,3,2011,7,Canadian Grand Prix,2011-06-12,Nick,Heidfeld,HEI,Renault,Accident,2,46477.0,23238.5,35.0
847,16,10,14,21,0.0,49,3,2011,7,Canadian Grand Prix,2011-06-12,Adrian,Sutil,SUT,Force India,Accident,4,93989.0,23497.25,16.0
847,4,6,2,22,0.0,36,4,2011,7,Canadian Grand Prix,2011-06-12,Fernando,Alonso,ALO,Ferrari,Collision,3,76370.0,25456.666666666668,17.0
847,5,205,19,23,0.0,28,7,2011,7,Canadian Grand Prix,2011-06-12,Heikki,Kovalainen,KOV,Lotus,Transmission,1,44037.0,44037.0,19.0
847,1,1,5,24,0.0,7,4,2011,7,Canadian Grand Prix,2011-06-12,Lewis,Hamilton,HAM,McLaren,Collision,0,,,
848,20,9,1,1,25.0,57,1,2011,8,European Grand Prix,2011-06-26,Sebastian,Vettel,VET,Red Bull,Finished,3,61778.0,20592.666666666668,14.0
848,4,6,4,2,18.0,57,1,2011,8,European Grand Prix,2011-06-26,Fernando,Alonso,ALO,Ferrari,Finished,3,62164.0,20721.333333333332,14.0
848,17,9,2,3,15.0,57,1,2011,8,European Grand Prix,2011-06-26,Mark,Webber,WEB,Red Bull,Finished,3,61151.0,20383.666666666668,13.0
848,1,1,3,4,12.0,57,1,2011,8,European Grand Prix,2011-06-26,Lewis,Hamilton,HAM,McLaren,Finished,3,61587.0,20529.0,12.0
848,13,6,5,5,10.0,57,1,2011,8,European Grand Prix,2011-06-26,Felipe,Massa,MAS,Ferrari,Finished,3,66659.0,22219.666666666668,15.0
848,18,1,6,6,8.0,57,1,2011,8,European Grand Prix,2011-06-26,Jenson,Button,BUT,McLaren,Finished,3,61801.0,20600.333333333332,14.0
848,3,131,7,7,6.0,57,1,2011,8,European Grand Prix,2011-06-26,Nico,Rosberg,ROS,Mercedes,Finished,3,65497.0,21832.333333333332,12.0
848,153,5,18,8,4.0,56,11,2011,8,European Grand Prix,2011-06-26,Jaime,Alguersuari,ALG,Toro Rosso,+1 Lap,2,42494.0,21247.0,19.0
848,16,10,10,9,2.0,56,11,2011,8,European Grand Prix,2011-06-26,Adrian,Sutil,SUT,Force India,+1 Lap,3,61998.0,20666.0,12.0
848,2,4,9,10,1.0,56,11,2011,8,European Grand Prix,2011-06-26,Nick,Heidfeld,HEI,Renault,+1 Lap,3,65871.0,21957.0,11.0
848,815,15,16,11,0.0,56,11,2011,8,European Grand Prix,2011-06-26,Sergio,Pérez,PER,Sauber,+1 Lap,1,21939.0,21939.0,25.0
848,22,3,13,12,0.0,56,11,2011,8,European Grand Prix,2011-06-26,Rubens,Barrichello,BAR,Williams,+1 Lap,3,63711.0,21237.0,11.0
848,67,5,17,13,0.0,56,11,2011,8,European Grand Prix,2011-06-26,Sébastien,Buemi,BUE,Toro Rosso,+1 Lap,3,62776.0,20925.333333333332,14.0
848,814,10,12,14,0.0,56,11,2011,8,European Grand Prix,2011-06-26,Paul,di Resta,DIR,Force India,+1 Lap,3,62454.0,20818.0,14.0
848,808,4,11,15,0.0,56,11,2011,8,European Grand Prix,2011-06-26,Vitaly,Petrov,PET,Renault,+1 Lap,3,64377.0,21459.0,15.0
848,155,15,14,16,0.0,56,11,2011,8,European Grand Prix,2011-06-26,Kamui,Kobayashi,KOB,Sauber,+1 Lap,2,44037.0,22018.5,11.0
848,30,131,8,17,0.0,56,11,2011,8,European Grand Prix,2011-06-26,Michael,Schumacher,MSC,Mercedes,+1 Lap,3,73034.0,24344.666666666668,14.0
848,813,3,15,18,0.0,56,11,2011,8,European Grand Prix,2011-06-26,Pastor,Maldonado,MAL,Williams,+1 Lap,3,64596.0,21532.0,10.0
848,5,205,19,19,0.0,55,12,2011,8,European Grand Prix,2011-06-26,Heikki,Kovalainen,KOV,Lotus,+2 Laps,3,66999.0,22333.0,14.0
848,15,205,20,20,0.0,55,12,2011,8,European Grand Prix,2011-06-26,Jarno,Trulli,TRU,Lotus,+2 Laps,2,45458.0,22729.0,18.0
848,10,166,21,21,0.0,55,12,2011,8,European Grand Prix,2011-06-26,Timo,Glock,GLO,Virgin,+2 Laps,2,43930.0,21965.0,17.0
848,816,166,23,22,0.0,55,12,2011,8,European Grand Prix,2011-06-26,Jérôme,d'Ambrosio,DAM,Virgin,+2 Laps,2,44193.0,22096.5,18.0
848,24,164,22,23,0.0,54,13,2011,8,European Grand Prix,2011-06-26,Vitantonio,Liuzzi,LIU,HRT,+3 Laps,3,69460.0,23153.333333333332,15.0
848,39,164,24,24,0.0,54,13,2011,8,European Grand Prix,2011-06-26,Narain,Karthikeyan,KAR,HRT,+3 Laps,3,78764.0,26254.666666666668,14.0
849,4,6,3,1,25.0,52,1,2011,9,British Grand Prix,2011-07-10,Fernando,Alonso,ALO,Ferrari,Finished,3,74014.0,24671.333333333332,12.0
849,20,9,2,2,18.0,52,1,2011,9,British Grand Prix,2011-07-10,Sebastian,Vettel,VET,Red Bull,Finished,3,79513.0,26504.333333333332,13.0
849,17,9,1,3,15.0,52,1,2011,9,British Grand Prix,2011-07-10,Mark,Webber,WEB,Red Bull,Finished,3,73248.0,24416.0,12.0
849,1,1,10,4,12.0,52,1,2011,9,British Grand Prix,2011-07-10,Lewis,Hamilton,HAM,McLaren,Finished,3,72505.0,24168.333333333332,12.0
849,13,6,4,5,10.0,52,1,2011,9,British Grand Prix,2011-07-10,Felipe,Massa,MAS,Ferrari,Finished,3,71326.0,23775.333333333332,13.0
849,3,131,9,6,8.0,52,1,2011,9,British Grand Prix,2011-07-10,Nico,Rosberg,ROS,Mercedes,Finished,2,49121.0,24560.5,12.0
849,815,15,12,7,6.0,52,1,2011,9,British Grand Prix,2011-07-10,Sergio,Pérez,PER,Sauber,Finished,2,51005.0,25502.5,12.0
849,2,4,16,8,4.0,52,1,2011,9,British Grand Prix,2011-07-10,Nick,Heidfeld,HEI,Renault,Finished,2,49150.0,24575.0,10.0
849,30,131,13,9,2.0,52,1,2011,9,British Grand Prix,2011-07-10,Michael,Schumacher,MSC,Mercedes,Finished,3,86644.0,28881.333333333332,9.0
849,153,5,18,10,1.0,52,1,2011,9,British Grand Prix,2011-07-10,Jaime,Alguersuari,ALG,Toro Rosso,Finished,2,48814.0,24407.0,12.0
849,16,10,11,11,0.0,52,1,2011,9,British Grand Prix,2011-07-10,Adrian,Sutil,SUT,Force India,Finished,3,77054.0,25684.666666666668,11.0
849,808,4,14,12,0.0,52,1,2011,9,British Grand Prix,2011-07-10,Vitaly,Petrov,PET,Renault,Finished,2,49052.0,24526.0,11.0
849,22,3,15,13,0.0,51,11,2011,9,British Grand Prix,2011-07-10,Rubens,Barrichello,BAR,Williams,+1 Lap,2,49815.0,24907.5,11.0
849,813,3,7,14,0.0,51,11,2011,9,British Grand Prix,2011-07-10,Pastor,Maldonado,MAL,Williams,+1 Lap,3,74379.0,24793.0,11.0
849,814,10,6,15,0.0,51,11,2011,9,British Grand Prix,2011-07-10,Paul,di Resta,DIR,Force India,+1 Lap,3,103374.0,34458.0,12.0
849,10,166,20,16,0.0,50,12,2011,9,British Grand Prix,2011-07-10,Timo,Glock,GLO,Virgin,+2 Laps,2,50375.0,25187.5,11.0
849,816,166,22,17,0.0,50,12,2011,9,British Grand Prix,2011-07-10,Jérôme,d'Ambrosio,DAM,Virgin,+2 Laps,2,54170.0,27085.0,11.0
849,24,164,23,18,0.0,50,12,2011,9,British Grand Prix,2011-07-10,Vitantonio,Liuzzi,LIU,HRT,+2 Laps,2,52148.0,26074.0,11.0
849,817,164,24,19,0.0,49,13,2011,9,British Grand Prix,2011-07-10,Daniel,Ricciardo,RIC,HRT,+3 Laps,2,52814.0,26407.0,12.0
849,18,1,5,20,0.0,39,61,2011,9,British Grand Prix,2011-07-10,Jenson,Button,BUT,McLaren,Wheel nut,3,72649.0,24216.333333333332,11.0
849,67,5,19,21,0.0,25,3,2011,9,British Grand Prix,2011-07-10,Sébastien,Buemi,BUE,Toro Rosso,Accident,2,50899.0,25449.5,11.0
849,155,15,8,22,0.0,23,5,2011,9,British Grand Prix,2011-07-10,Kamui,Kobayashi,KOB,Sauber,Engine,2,59999.0,29999.5,11.0
849,15,205,21,23,0.0,10,44,2011,9,British Grand Prix,2011-07-10,Jarno,Trulli,TRU,Lotus,Oil leak,0,,,
849,5,205,17,24,0.0,2,6,2011,9,British Grand Prix,2011-07-10,Heikki,Kovalainen,KOV,Lotus,Gearbox,0,,,
850,1,1,2,1,25.0,60,1,2011,10,German Grand Prix,2011-07-24,Lewis,Hamilton,HAM,McLaren,Finished,3,61881.0,20627.0,16.0
850,4,6,4,2,18.0,60,1,2011,10,German Grand Prix,2011-07-24,Fernando,Alonso,ALO,Ferrari,Finished,3,60440.0,20146.666666666668,16.0
850,17,9,1,3,15.0,60,1,2011,10,German Grand Prix,2011-07-24,Mark,Webber,WEB,Red Bull,Finished,3,62063.0,20687.666666666668,14.0
850,20,9,3,4,12.0,60,1,2011,10,German Grand Prix,2011-07-24,Sebastian,Vettel,VET,Red Bull,Finished,3,60778.0,20259.333333333332,16.0
850,13,6,5,5,10.0,60,1,2011,10,German Grand Prix,2011-07-24,Felipe,Massa,MAS,Ferrari,Finished,3,62432.0,20810.666666666668,17.0
850,16,10,8,6,8.0,60,1,2011,10,German Grand Prix,2011-07-24,Adrian,Sutil,SUT,Force India,Finished,2,41718.0,20859.0,22.0
850,3,131,6,7,6.0,59,11,2011,10,German Grand Prix,2011-07-24,Nico,Rosberg,ROS,Mercedes,+1 Lap,3,61370.0,20456.666666666668,14.0
850,30,131,10,8,4.0,59,11,2011,10,German Grand Prix,2011-07-24,Michael,Schumacher,MSC,Mercedes,+1 Lap,3,60997.0,20332.333333333332,15.0
850,155,15,17,9,2.0,59,11,2011,10,German Grand Prix,2011-07-24,Kamui,Kobayashi,KOB,Sauber,+1 Lap,2,42149.0,21074.5,20.0
850,808,4,9,10,1.0,59,11,2011,10,German Grand Prix,2011-07-24,Vitaly,Petrov,PET,Renault,+1 Lap,2,42021.0,21010.5,23.0
850,815,15,15,11,0.0,59,11,2011,10,German Grand Prix,2011-07-24,Sergio,Pérez,PER,Sauber,+1 Lap,2,48892.0,24446.0,8.0
850,153,5,16,12,0.0,59,11,2011,10,German Grand Prix,2011-07-24,Jaime,Alguersuari,ALG,Toro Rosso,+1 Lap,2,42751.0,21375.5,23.0
850,814,10,12,13,0.0,59,11,2011,10,German Grand Prix,2011-07-24,Paul,di Resta,DIR,Force India,+1 Lap,2,46211.0,23105.5,23.0
850,813,3,13,14,0.0,59,11,2011,10,German Grand Prix,2011-07-24,Pastor,Maldonado,MAL,Williams,+1 Lap,2,42658.0,21329.0,15.0
850,67,5,24,15,0.0,59,11,2011,10,German Grand Prix,2011-07-24,Sébastien,Buemi,BUE,Toro Rosso,+1 Lap,2,48255.0,24127.5,10.0
850,5,205,18,16,0.0,58,12,2011,10,German Grand Prix,2011-07-24,Heikki,Kovalainen,KOV,Lotus,+2 Laps,2,43263.0,21631.5,26.0
850,10,166,19,17,0.0,57,13,2011,10,German Grand Prix,2011-07-24,Timo,Glock,GLO,Virgin,+3 Laps,2,43504.0,21752.0,22.0
850,816,166,21,18,0.0,57,13,2011,10,German Grand Prix,2011-07-24,Jérôme,d'Ambrosio,DAM,Virgin,+3 Laps,2,44350.0,22175.0,24.0
850,817,164,22,19,0.0,57,13,2011,10,German Grand Prix,2011-07-24,Daniel,Ricciardo,RIC,HRT,+3 Laps,2,46372.0,23186.0,21.0
850,812,205,20,20,0.0,56,14,2011,10,German Grand Prix,2011-07-24,Karun,Chandhok,CHA,Lotus,+4 Laps,3,76668.0,25556.0,10.0
850,24,164,23,21,0.0,37,10,2011,10,German Grand Prix,2011-07-24,Vitantonio,Liuzzi,LIU,HRT,Electrical,1,22048.0,22048.0,20.0
850,18,1,7,22,0.0,35,9,2011,10,German Grand Prix,2011-07-24,Jenson,Button,BUT,McLaren,Hydraulics,1,20952.0,20952.0,24.0
850,22,3,14,23,0.0,16,44,2011,10,German Grand Prix,2011-07-24,Rubens,Barrichello,BAR,Williams,Oil leak,0,,,
850,2,4,11,24,0.0,9,4,2011,10,German Grand Prix,2011-07-24,Nick,Heidfeld,HEI,Renault,Collision,0,,,
851,18,1,3,1,25.0,70,1,2011,11,Hungarian Grand Prix,2011-07-31,Jenson,Button,BUT,McLaren,Finished,3,62897.0,20965.666666666668,11.0
851,20,9,1,2,18.0,70,1,2011,11,Hungarian Grand Prix,2011-07-31,Sebastian,Vettel,VET,Red Bull,Finished,3,60965.0,20321.666666666668,12.0
851,4,6,5,3,15.0,70,1,2011,11,Hungarian Grand Prix,2011-07-31,Fernando,Alonso,ALO,Ferrari,Finished,4,86156.0,21539.0,12.0
851,1,1,2,4,12.0,70,1,2011,11,Hungarian Grand Prix,2011-07-31,Lewis,Hamilton,HAM,McLaren,Finished,6,119200.0,19866.666666666668,12.0
851,17,9,6,5,10.0,70,1,2011,11,Hungarian Grand Prix,2011-07-31,Mark,Webber,WEB,Red Bull,Finished,5,103364.0,20672.8,10.0
851,13,6,4,6,8.0,70,1,2011,11,Hungarian Grand Prix,2011-07-31,Felipe,Massa,MAS,Ferrari,Finished,4,87041.0,21760.25,10.0
851,814,10,11,7,6.0,69,11,2011,11,Hungarian Grand Prix,2011-07-31,Paul,di Resta,DIR,Force India,+1 Lap,3,63998.0,21332.666666666668,11.0
851,67,5,23,8,4.0,69,11,2011,11,Hungarian Grand Prix,2011-07-31,Sébastien,Buemi,BUE,Toro Rosso,+1 Lap,3,64169.0,21389.666666666668,12.0
851,3,131,7,9,2.0,69,11,2011,11,Hungarian Grand Prix,2011-07-31,Nico,Rosberg,ROS,Mercedes,+1 Lap,4,84513.0,21128.25,12.0
851,153,5,16,10,1.0,69,11,2011,11,Hungarian Grand Prix,2011-07-31,Jaime,Alguersuari,ALG,Toro Rosso,+1 Lap,3,67631.0,22543.666666666668,13.0
851,155,15,13,11,0.0,69,11,2011,11,Hungarian Grand Prix,2011-07-31,Kamui,Kobayashi,KOB,Sauber,+1 Lap,3,67835.0,22611.666666666668,12.0
851,808,4,12,12,0.0,69,11,2011,11,Hungarian Grand Prix,2011-07-31,Vitaly,Petrov,PET,Renault,+1 Lap,4,92688.0,23172.0,10.0
851,22,3,15,13,0.0,68,12,2011,11,Hungarian Grand Prix,2011-07-31,Rubens,Barrichello,BAR,Williams,+2 Laps,5,122572.0,24514.4,10.0
851,16,10,8,14,0.0,68,12,2011,11,Hungarian Grand Prix,2011-07-31,Adrian,Sutil,SUT,Force India,+2 Laps,4,85790.0,21447.5,12.0
851,815,15,10,15,0.0,68,12,2011,11,Hungarian Grand Prix,2011-07-31,Sergio,Pérez,PER,Sauber,+2 Laps,4,76903.0,19225.75,12.0
851,813,3,17,16,0.0,68,12,2011,11,Hungarian Grand Prix,2011-07-31,Pastor,Maldonado,MAL,Williams,+2 Laps,5,103850.0,20770.0,11.0
851,10,166,20,17,0.0,66,14,2011,11,Hungarian Grand Prix,2011-07-31,Timo,Glock,GLO,Virgin,+4 Laps,3,63764.0,21254.666666666668,11.0
851,817,164,22,18,0.0,66,14,2011,11,Hungarian Grand Prix,2011-07-31,Daniel,Ricciardo,RIC,HRT,+4 Laps,3,68058.0,22686.0,13.0
851,816,166,24,19,0.0,65,15,2011,11,Hungarian Grand Prix,2011-07-31,Jérôme,d'Ambrosio,DAM,Virgin,+5 Laps,4,118572.0,29643.0,11.0
851,24,164,21,20,0.0,65,15,2011,11,Hungarian Grand Prix,2011-07-31,Vitantonio,Liuzzi,LIU,HRT,+5 Laps,5,119441.0,23888.2,12.0
851,5,205,18,21,0.0,55,47,2011,11,Hungarian Grand Prix,2011-07-31,Heikki,Kovalainen,KOV,Lotus,Water leak,5,109988.0,21997.6,12.0
851,30,131,9,22,0.0,26,6,2011,11,Hungarian Grand Prix,2011-07-31,Michael,Schumacher,MSC,Mercedes,Gearbox,2,42019.0,21009.5,13.0
851,2,4,14,23,0.0,23,42,2011,11,Hungarian Grand Prix,2011-07-31,Nick,Heidfeld,HEI,Renault,Heat shield fire,2,46805.0,23402.5,11.0
851,15,205,19,24,0.0,17,44,2011,11,Hungarian Grand Prix,2011-07-31,Jarno,Trulli,TRU,Lotus,Oil leak,1,23118.0,23118.0,13.0
852,20,9,1,1,25.0,44,1,2011,12,Belgian Grand Prix,2011-08-28,Sebastian,Vettel,VET,Red Bull,Finished,3,63095.0,21031.666666666668,5.0
852,17,9,3,2,18.0,44,1,2011,12,Belgian Grand Prix,2011-08-28,Mark,Webber,WEB,Red Bull,Finished,2,41962.0,20981.0,3.0
852,18,1,13,3,15.0,44,1,2011,12,Belgian Grand Prix,2011-08-28,Jenson,Button,BUT,McLaren,Finished,3,69442.0,23147.333333333332,3.0
852,4,6,8,4,12.0,44,1,2011,12,Belgian Grand Prix,2011-08-28,Fernando,Alonso,ALO,Ferrari,Finished,2,42237.0,21118.5,8.0
852,30,131,24,5,10.0,44,1,2011,12,Belgian Grand Prix,2011-08-28,Michael,Schumacher,MSC,Mercedes,Finished,3,61698.0,20566.0,4.0
852,3,131,5,6,8.0,44,1,2011,12,Belgian Grand Prix,2011-08-28,Nico,Rosberg,ROS,Mercedes,Finished,2,44261.0,22130.5,11.0
852,16,10,15,7,6.0,44,1,2011,12,Belgian Grand Prix,2011-08-28,Adrian,Sutil,SUT,Force India,Finished,2,43756.0,21878.0,13.0
852,13,6,4,8,4.0,44,1,2011,12,Belgian Grand Prix,2011-08-28,Felipe,Massa,MAS,Ferrari,Finished,3,65608.0,21869.333333333332,9.0
852,808,4,10,9,2.0,44,1,2011,12,Belgian Grand Prix,2011-08-28,Vitaly,Petrov,PET,Renault,Finished,2,43374.0,21687.0,12.0
852,813,3,21,10,1.0,44,1,2011,12,Belgian Grand Prix,2011-08-28,Pastor,Maldonado,MAL,Williams,Finished,2,43724.0,21862.0,12.0
852,814,10,17,11,0.0,44,1,2011,12,Belgian Grand Prix,2011-08-28,Paul,di Resta,DIR,Force India,Finished,2,42684.0,21342.0,14.0
852,155,15,12,12,0.0,44,1,2011,12,Belgian Grand Prix,2011-08-28,Kamui,Kobayashi,KOB,Sauber,Finished,2,45430.0,22715.0,14.0
852,811,4,7,13,0.0,44,1,2011,12,Belgian Grand Prix,2011-08-28,Bruno,Senna,SEN,Renault,Finished,3,65519.0,21839.666666666668,1.0
852,15,205,18,14,0.0,43,11,2011,12,Belgian Grand Prix,2011-08-28,Jarno,Trulli,TRU,Lotus,+1 Lap,2,43643.0,21821.5,13.0
852,5,205,16,15,0.0,43,11,2011,12,Belgian Grand Prix,2011-08-28,Heikki,Kovalainen,KOV,Lotus,+1 Lap,3,72854.0,24284.666666666668,1.0
852,22,3,14,16,0.0,43,11,2011,12,Belgian Grand Prix,2011-08-28,Rubens,Barrichello,BAR,Williams,+1 Lap,3,91049.0,30349.666666666668,13.0
852,816,166,20,17,0.0,43,11,2011,12,Belgian Grand Prix,2011-08-28,Jérôme,d'Ambrosio,DAM,Virgin,+1 Lap,2,45053.0,22526.5,13.0
852,10,166,19,18,0.0,43,11,2011,12,Belgian Grand Prix,2011-08-28,Timo,Glock,GLO,Virgin,+1 Lap,4,94931.0,23732.75,1.0
852,24,164,22,19,0.0,43,11,2011,12,Belgian Grand Prix,2011-08-28,Vitantonio,Liuzzi,LIU,HRT,+1 Lap,2,52725.0,26362.5,11.0
852,815,15,9,20,0.0,27,22,2011,12,Belgian Grand Prix,2011-08-28,Sergio,Pérez,PER,Sauber,Suspension,3,64064.0,21354.666666666668,5.0
852,817,164,23,21,0.0,13,5,2011,12,Belgian Grand Prix,2011-08-28,Daniel,Ricciardo,RIC,HRT,Engine,1,23780.0,23780.0,13.0
852,1,1,2,22,0.0,12,4,2011,12,Belgian Grand Prix,2011-08-28,Lewis,Hamilton,HAM,McLaren,Collision,1,21895.0,21895.0,10.0
852,67,5,11,23,0.0,6,65,2011,12,Belgian Grand Prix,2011-08-28,Sébastien,Buemi,BUE,Toro Rosso,Rear wing,0,,,
852,153,5,6,24,0.0,0,4,2011,12,Belgian Grand Prix,2011-08-28,Jaime,Alguersuari,ALG,Toro Rosso,Collision,0,,,
853,20,9,1,1,25.0,53,1,2011,13,Italian Grand Prix,2011-09-11,Sebastian,Vettel,VET,Red Bull,Finished,2,43502.0,21751.0,20.0
853,18,1,3,2,18.0,53,1,2011,13,Italian Grand Prix,2011-09-11,Jenson,Button,BUT,McLaren,Finished,2,43755.0,21877.5,17.0
853,4,6,4,3,15.0,53,1,2011,13,Italian Grand Prix,2011-09-11,Fernando,Alonso,ALO,Ferrari,Finished,2,44528.0,22264.0,19.0
853,1,1,2,4,12.0,53,1,2011,13,Italian Grand Prix,2011-09-11,Lewis,Hamilton,HAM,McLaren,Finished,2,43959.0,21979.5,18.0
853,30,131,8,5,10.0,53,1,2011,13,Italian Grand Prix,2011-09-11,Michael,Schumacher,MSC,Mercedes,Finished,2,44723.0,22361.5,16.0
853,13,6,6,6,8.0,53,1,2011,13,Italian Grand Prix,2011-09-11,Felipe,Massa,MAS,Ferrari,Finished,2,43969.0,21984.5,21.0
853,153,5,18,7,6.0,52,11,2011,13,Italian Grand Prix,2011-09-11,Jaime,Alguersuari,ALG,Toro Rosso,+1 Lap,2,44267.0,22133.5,20.0
853,814,10,11,8,4.0,52,11,2011,13,Italian Grand Prix,2011-09-11,Paul,di Resta,DIR,Force India,+1 Lap,2,44939.0,22469.5,13.0
853,811,4,10,9,2.0,52,11,2011,13,Italian Grand Prix,2011-09-11,Bruno,Senna,SEN,Renault,+1 Lap,3,67952.0,22650.666666666668,2.0
853,67,5,16,10,1.0,52,11,2011,13,Italian Grand Prix,2011-09-11,Sébastien,Buemi,BUE,Toro Rosso,+1 Lap,2,48320.0,24160.0,16.0
853,813,3,14,11,0.0,52,11,2011,13,Italian Grand Prix,2011-09-11,Pastor,Maldonado,MAL,Williams,+1 Lap,2,45677.0,22838.5,19.0
853,22,3,13,12,0.0,52,11,2011,13,Italian Grand Prix,2011-09-11,Rubens,Barrichello,BAR,Williams,+1 Lap,2,52571.0,26285.5,1.0
853,5,205,20,13,0.0,51,12,2011,13,Italian Grand Prix,2011-09-11,Heikki,Kovalainen,KOV,Lotus,+2 Laps,2,45909.0,22954.5,21.0
853,15,205,19,14,0.0,51,12,2011,13,Italian Grand Prix,2011-09-11,Jarno,Trulli,TRU,Lotus,+2 Laps,2,53811.0,26905.5,5.0
853,10,166,21,15,0.0,51,12,2011,13,Italian Grand Prix,2011-09-11,Timo,Glock,GLO,Virgin,+2 Laps,2,47931.0,23965.5,20.0
853,817,164,23,16,0.0,39,111,2011,13,Italian Grand Prix,2011-09-11,Daniel,Ricciardo,RIC,HRT,+14 Laps,2,1035495.0,517747.5,1.0
853,815,15,15,17,0.0,32,6,2011,13,Italian Grand Prix,2011-09-11,Sergio,Pérez,PER,Sauber,Gearbox,0,,,
853,155,15,17,18,0.0,21,6,2011,13,Italian Grand Prix,2011-09-11,Kamui,Kobayashi,KOB,Sauber,Gearbox,2,50489.0,25244.5,1.0
853,16,10,12,19,0.0,9,9,2011,13,Italian Grand Prix,2011-09-11,Adrian,Sutil,SUT,Force India,Hydraulics,0,,,
853,17,9,5,20,0.0,4,3,2011,13,Italian Grand Prix,2011-09-11,Mark,Webber,WEB,Red Bull,Accident,0,,,
853,816,166,22,21,0.0,1,6,2011,13,Italian Grand Prix,2011-09-11,Jérôme,d'Ambrosio,DAM,Virgin,Gearbox,0,,,
853,808,4,7,22,0.0,0,4,2011,13,Italian Grand Prix,2011-09-11,Vitaly,Petrov,PET,Renault,Collision,0,,,
853,3,131,9,23,0.0,0,4,2011,13,Italian Grand Prix,2011-09-11,Nico,Rosberg,ROS,Mercedes,Collision,0,,,
853,24,164,24,24,0.0,0,4,2011,13,Italian Grand Prix,2011-09-11,Vitantonio,Liuzzi,LIU,HRT,Collision,0,,,
854,20,9,1,1,25.0,61,1,2011,14,Singapore Grand Prix,2011-09-25,Sebastian,Vettel,VET,Red Bull,Finished,3,91628.0,30542.666666666668,14.0
854,18,1,3,2,18.0,61,1,2011,14,Singapore Grand Prix,2011-09-25,Jenson,Button,BUT,McLaren,Finished,3,90395.0,30131.666666666668,14.0
854,17,9,2,3,15.0,61,1,2011,14,Singapore Grand Prix,2011-09-25,Mark,Webber,WEB,Red Bull,Finished,3,92079.0,30693.0,12.0
854,4,6,5,4,12.0,61,1,2011,14,Singapore Grand Prix,2011-09-25,Fernando,Alonso,ALO,Ferrari,Finished,3,90980.0,30326.666666666668,10.0
854,1,1,4,5,10.0,61,1,2011,14,Singapore Grand Prix,2011-09-25,Lewis,Hamilton,HAM,McLaren,Finished,5,148522.0,29704.4,11.0
854,814,10,10,6,8.0,61,1,2011,14,Singapore Grand Prix,2011-09-25,Paul,di Resta,DIR,Force India,Finished,2,60468.0,30234.0,19.0
854,3,131,7,7,6.0,60,11,2011,14,Singapore Grand Prix,2011-09-25,Nico,Rosberg,ROS,Mercedes,+1 Lap,3,89227.0,29742.333333333332,9.0
854,16,10,9,8,4.0,60,11,2011,14,Singapore Grand Prix,2011-09-25,Adrian,Sutil,SUT,Force India,+1 Lap,2,64136.0,32068.0,11.0
854,13,6,6,9,2.0,60,11,2011,14,Singapore Grand Prix,2011-09-25,Felipe,Massa,MAS,Ferrari,+1 Lap,4,124102.0,31025.5,11.0
854,815,15,11,10,1.0,60,11,2011,14,Singapore Grand Prix,2011-09-25,Sergio,Pérez,PER,Sauber,+1 Lap,2,64154.0,32077.0,15.0
854,813,3,13,11,0.0,60,11,2011,14,Singapore Grand Prix,2011-09-25,Pastor,Maldonado,MAL,Williams,+1 Lap,3,91552.0,30517.333333333332,11.0
854,67,5,14,12,0.0,60,11,2011,14,Singapore Grand Prix,2011-09-25,Sébastien,Buemi,BUE,Toro Rosso,+1 Lap,3,96960.0,32320.0,11.0
854,22,3,12,13,0.0,60,11,2011,14,Singapore Grand Prix,2011-09-25,Rubens,Barrichello,BAR,Williams,+1 Lap,2,61000.0,30500.0,12.0
854,155,15,17,14,0.0,59,12,2011,14,Singapore Grand Prix,2011-09-25,Kamui,Kobayashi,KOB,Sauber,+2 Laps,4,117650.0,29412.5,16.0
854,811,4,15,15,0.0,59,12,2011,14,Singapore Grand Prix,2011-09-25,Bruno,Senna,SEN,Renault,+2 Laps,4,134073.0,33518.25,10.0
854,5,205,19,16,0.0,59,12,2011,14,Singapore Grand Prix,2011-09-25,Heikki,Kovalainen,KOV,Lotus,+2 Laps,3,95030.0,31676.666666666668,11.0
854,808,4,18,17,0.0,59,12,2011,14,Singapore Grand Prix,2011-09-25,Vitaly,Petrov,PET,Renault,+2 Laps,3,91917.0,30639.0,16.0
854,816,166,22,18,0.0,59,12,2011,14,Singapore Grand Prix,2011-09-25,Jérôme,d'Ambrosio,DAM,Virgin,+2 Laps,2,63355.0,31677.5,16.0
854,817,164,23,19,0.0,57,14,2011,14,Singapore Grand Prix,2011-09-25,Daniel,Ricciardo,RIC,HRT,+4 Laps,3,112010.0,37336.666666666664,1.0
854,24,164,24,20,0.0,57,14,2011,14,Singapore Grand Prix,2011-09-25,Vitantonio,Liuzzi,LIU,HRT,+4 Laps,4,141058.0,35264.5,13.0
854,153,5,16,21,0.0,56,3,2011,14,Singapore Grand Prix,2011-09-25,Jaime,Alguersuari,ALG,Toro Rosso,Accident,3,87083.0,29027.666666666668,17.0
854,15,205,20,22,0.0,47,6,2011,14,Singapore Grand Prix,2011-09-25,Jarno,Trulli,TRU,Lotus,Gearbox,3,95533.0,31844.333333333332,16.0
854,30,131,8,23,0.0,28,3,2011,14,Singapore Grand Prix,2011-09-25,Michael,Schumacher,MSC,Mercedes,Accident,2,59083.0,29541.5,10.0
854,10,166,21,24,0.0,9,3,2011,14,Singapore Grand Prix,2011-09-25,Timo,Glock,GLO,Virgin,Accident,0,,,
855,18,1,2,1,25.0,53,1,2011,15,Japanese Grand Prix,2011-10-09,Jenson,Button,BUT,McLaren,Finished,3,62805.0,20935.0,10.0
855,4,6,5,2,18.0,53,1,2011,15,Japanese Grand Prix,2011-10-09,Fernando,Alonso,ALO,Ferrari,Finished,3,63197.0,21065.666666666668,10.0
855,20,9,1,3,15.0,53,1,2011,15,Japanese Grand Prix,2011-10-09,Sebastian,Vettel,VET,Red Bull,Finished,3,65675.0,21891.666666666668,9.0
855,17,9,6,4,12.0,53,1,2011,15,Japanese Grand Prix,2011-10-09,Mark,Webber,WEB,Red Bull,Finished,3,64644.0,21548.0,10.0
855,1,1,3,5,10.0,53,1,2011,15,Japanese Grand Prix,2011-10-09,Lewis,Hamilton,HAM,McLaren,Finished,3,65204.0,21734.666666666668,8.0
855,30,131,8,6,8.0,53,1,2011,15,Japanese Grand Prix,2011-10-09,Michael,Schumacher,MSC,Mercedes,Finished,3,64116.0,21372.0,9.0
855,13,6,4,7,6.0,53,1,2011,15,Japanese Grand Prix,2011-10-09,Felipe,Massa,MAS,Ferrari,Finished,3,63627.0,21209.0,11.0
855,815,15,17,8,4.0,53,1,2011,15,Japanese Grand Prix,2011-10-09,Sergio,Pérez,PER,Sauber,Finished,2,46116.0,23058.0,20.0
855,808,4,10,9,2.0,53,1,2011,15,Japanese Grand Prix,2011-10-09,Vitaly,Petrov,PET,Renault,Finished,2,42136.0,21068.0,18.0
855,3,131,23,10,1.0,53,1,2011,15,Japanese Grand Prix,2011-10-09,Nico,Rosberg,ROS,Mercedes,Finished,3,62049.0,20683.0,12.0
855,16,10,11,11,0.0,53,1,2011,15,Japanese Grand Prix,2011-10-09,Adrian,Sutil,SUT,Force India,Finished,3,64687.0,21562.333333333332,8.0
855,814,10,12,12,0.0,53,1,2011,15,Japanese Grand Prix,2011-10-09,Paul,di Resta,DIR,Force India,Finished,3,65481.0,21827.0,10.0
855,155,15,7,13,0.0,53,1,2011,15,Japanese Grand Prix,2011-10-09,Kamui,Kobayashi,KOB,Sauber,Finished,2,46562.0,23281.0,10.0
855,813,3,14,14,0.0,53,1,2011,15,Japanese Grand Prix,2011-10-09,Pastor,Maldonado,MAL,Williams,Finished,3,63426.0,21142.0,16.0
855,153,5,16,15,0.0,53,1,2011,15,Japanese Grand Prix,2011-10-09,Jaime,Alguersuari,ALG,Toro Rosso,Finished,2,44376.0,22188.0,17.0
855,811,4,9,16,0.0,53,1,2011,15,Japanese Grand Prix,2011-10-09,Bruno,Senna,SEN,Renault,Finished,2,48393.0,24196.5,15.0
855,22,3,13,17,0.0,53,1,2011,15,Japanese Grand Prix,2011-10-09,Rubens,Barrichello,BAR,Williams,Finished,3,66756.0,22252.0,12.0
855,5,205,18,18,0.0,53,1,2011,15,Japanese Grand Prix,2011-10-09,Heikki,Kovalainen,KOV,Lotus,Finished,3,65463.0,21821.0,10.0
855,15,205,19,19,0.0,53,1,2011,15,Japanese Grand Prix,2011-10-09,Jarno,Trulli,TRU,Lotus,Finished,3,66025.0,22008.333333333332,11.0
855,10,166,21,20,0.0,51,12,2011,15,Japanese Grand Prix,2011-10-09,Timo,Glock,GLO,Virgin,+2 Laps,3,70166.0,23388.666666666668,12.0
855,816,166,20,21,0.0,51,12,2011,15,Japanese Grand Prix,2011-10-09,Jérôme,d'Ambrosio,DAM,Virgin,+2 Laps,3,69540.0,23180.0,13.0
855,817,164,22,22,0.0,51,12,2011,15,Japanese Grand Prix,2011-10-09,Daniel,Ricciardo,RIC,HRT,+2 Laps,3,69805.0,23268.333333333332,11.0
855,24,164,24,23,0.0,50,13,2011,15,Japanese Grand Prix,2011-10-09,Vitantonio,Liuzzi,LIU,HRT,+3 Laps,3,75591.0,25197.0,8.0
855,67,5,15,24,0.0,11,36,2011,15,Japanese Grand Prix,2011-10-09,Sébastien,Buemi,BUE,Toro Rosso,Wheel,1,21849.0,21849.0,11.0
856,20,9,2,1,25.0,55,1,2011,16,Korean Grand Prix,2011-10-16,Sebastian,Vettel,VET,Red Bull,Finished,2,40155.0,20077.5,16.0
856,1,1,1,2,18.0,55,1,2011,16,Korean Grand Prix,2011-10-16,Lewis,Hamilton,HAM,McLaren,Finished,2,41430.0,20715.0,15.0
856,17,9,4,3,15.0,55,1,2011,16,Korean Grand Prix,2011-10-16,Mark,Webber,WEB,Red Bull,Finished,2,41628.0,20814.0,14.0
856,18,1,3,4,12.0,55,1,2011,16,Korean Grand Prix,2011-10-16,Jenson,Button,BUT,McLaren,Finished,2,41524.0,20762.0,13.0
856,4,6,6,5,10.0,55,1,2011,16,Korean Grand Prix,2011-10-16,Fernando,Alonso,ALO,Ferrari,Finished,2,41617.0,20808.5,15.0
856,13,6,5,6,8.0,55,1,2011,16,Korean Grand Prix,2011-10-16,Felipe,Massa,MAS,Ferrari,Finished,2,44722.0,22361.0,14.0
856,153,5,11,7,6.0,55,1,2011,16,Korean Grand Prix,2011-10-16,Jaime,Alguersuari,ALG,Toro Rosso,Finished,2,44626.0,22313.0,17.0
856,3,131,7,8,4.0,55,1,2011,16,Korean Grand Prix,2011-10-16,Nico,Rosberg,ROS,Mercedes,Finished,2,40863.0,20431.5,13.0
856,67,5,13,9,2.0,55,1,2011,16,Korean Grand Prix,2011-10-16,Sébastien,Buemi,BUE,Toro Rosso,Finished,2,44090.0,22045.0,14.0
856,814,10,9,10,1.0,55,1,2011,16,Korean Grand Prix,2011-10-16,Paul,di Resta,DIR,Force India,Finished,2,43135.0,21567.5,11.0
856,16,10,10,11,0.0,55,1,2011,16,Korean Grand Prix,2011-10-16,Adrian,Sutil,SUT,Force India,Finished,2,46736.0,23368.0,16.0
856,22,3,18,12,0.0,55,1,2011,16,Korean Grand Prix,2011-10-16,Rubens,Barrichello,BAR,Williams,Finished,2,44069.0,22034.5,10.0
856,811,4,15,13,0.0,54,11,2011,16,Korean Grand Prix,2011-10-16,Bruno,Senna,SEN,Renault,+1 Lap,2,43056.0,21528.0,13.0
856,5,205,19,14,0.0,54,11,2011,16,Korean Grand Prix,2011-10-16,Heikki,Kovalainen,KOV,Lotus,+1 Lap,2,44620.0,22310.0,13.0
856,155,15,14,15,0.0,54,11,2011,16,Korean Grand Prix,2011-10-16,Kamui,Kobayashi,KOB,Sauber,+1 Lap,3,68673.0,22891.0,10.0
856,815,15,17,16,0.0,54,11,2011,16,Korean Grand Prix,2011-10-16,Sergio,Pérez,PER,Sauber,+1 Lap,3,64581.0,21527.0,16.0
856,15,205,20,17,0.0,54,11,2011,16,Korean Grand Prix,2011-10-16,Jarno,Trulli,TRU,Lotus,+1 Lap,2,45292.0,22646.0,12.0
856,10,166,21,18,0.0,54,11,2011,16,Korean Grand Prix,2011-10-16,Timo,Glock,GLO,Virgin,+1 Lap,2,45014.0,22507.0,16.0
856,817,164,24,19,0.0,54,11,2011,16,Korean Grand Prix,2011-10-16,Daniel,Ricciardo,RIC,HRT,+1 Lap,2,45311.0,22655.5,16.0
856,816,166,22,20,0.0,54,11,2011,16,Korean Grand Prix,2011-10-16,Jérôme,d'Ambrosio,DAM,Virgin,+1 Lap,2,49317.0,24658.5,16.0
856,24,164,23,21,0.0,52,13,2011,16,Korean Grand Prix,2011-10-16,Vitantonio,Liuzzi,LIU,HRT,+3 Laps,3,72015.0,24005.0,1.0
856,813,3,16,22,0.0,30,8,2011,16,Korean Grand Prix,2011-10-16,Pastor,Maldonado,MAL,Williams,Clutch,3,57588.0,19196.0,16.0
856,808,4,8,23,0.0,16,4,2011,16,Korean Grand Prix,2011-10-16,Vitaly,Petrov,PET,Renault,Collision,1,21478.0,21478.0,14.0
856,30,131,12,24,0.0,15,4,2011,16,Korean Grand Prix,2011-10-16,Michael,Schumacher,MSC,Mercedes,Collision,1,20238.0,20238.0,14.0
857,20,9,1,1,25.0,60,1,2011,17,Indian Grand Prix,2011-10-30,Sebastian,Vettel,VET,Red Bull,Finished,2,42864.0,21432.0,19.0
857,18,1,4,2,18.0,60,1,2011,17,Indian Grand Prix,2011-10-30,Jenson,Button,BUT,McLaren,Finished,2,42930.0,21465.0,18.0
857,4,6,3,3,15.0,60,1,2011,17,Indian Grand Prix,2011-10-30,Fernando,Alonso,ALO,Ferrari,Finished,2,43628.0,21814.0,16.0
857,17,9,2,4,12.0,60,1,2011,17,Indian Grand Prix,2011-10-30,Mark,Webber,WEB,Red Bull,Finished,2,42632.0,21316.0,16.0
857,30,131,11,5,10.0,60,1,2011,17,Indian Grand Prix,2011-10-30,Michael,Schumacher,MSC,Mercedes,Finished,2,42375.0,21187.5,18.0
857,3,131,7,6,8.0,60,1,2011,17,Indian Grand Prix,2011-10-30,Nico,Rosberg,ROS,Mercedes,Finished,2,44127.0,22063.5,17.0
857,1,1,5,7,6.0,60,1,2011,17,Indian Grand Prix,2011-10-30,Lewis,Hamilton,HAM,McLaren,Finished,3,71895.0,23965.0,16.0
857,153,5,10,8,4.0,59,11,2011,17,Indian Grand Prix,2011-10-30,Jaime,Alguersuari,ALG,Toro Rosso,+1 Lap,2,45940.0,22970.0,16.0
857,16,10,8,9,2.0,59,11,2011,17,Indian Grand Prix,2011-10-30,Adrian,Sutil,SUT,Force India,+1 Lap,2,43401.0,21700.5,15.0
857,815,15,20,10,1.0,59,11,2011,17,Indian Grand Prix,2011-10-30,Sergio,Pérez,PER,Sauber,+1 Lap,2,47465.0,23732.5,1.0
857,808,4,16,11,0.0,59,11,2011,17,Indian Grand Prix,2011-10-30,Vitaly,Petrov,PET,Renault,+1 Lap,2,49656.0,24828.0,3.0
857,811,4,14,12,0.0,59,11,2011,17,Indian Grand Prix,2011-10-30,Bruno,Senna,SEN,Renault,+1 Lap,2,43867.0,21933.5,22.0
857,814,10,12,13,0.0,59,11,2011,17,Indian Grand Prix,2011-10-30,Paul,di Resta,DIR,Force India,+1 Lap,3,66659.0,22219.666666666668,2.0
857,5,205,18,14,0.0,58,12,2011,17,Indian Grand Prix,2011-10-30,Heikki,Kovalainen,KOV,Lotus,+2 Laps,2,44227.0,22113.5,21.0
857,22,3,15,15,0.0,58,12,2011,17,Indian Grand Prix,2011-10-30,Rubens,Barrichello,BAR,Williams,+2 Laps,2,55989.0,27994.5,1.0
857,816,166,21,16,0.0,57,13,2011,17,Indian Grand Prix,2011-10-30,Jérôme,d'Ambrosio,DAM,Virgin,+3 Laps,2,45159.0,22579.5,22.0
857,39,164,24,17,0.0,57,13,2011,17,Indian Grand Prix,2011-10-30,Narain,Karthikeyan,KAR,HRT,+3 Laps,2,47651.0,23825.5,22.0
857,817,164,23,18,0.0,57,13,2011,17,Indian Grand Prix,2011-10-30,Daniel,Ricciardo,RIC,HRT,+3 Laps,3,96077.0,32025.666666666668,25.0
857,15,205,19,19,0.0,55,15,2011,17,Indian Grand Prix,2011-10-30,Jarno,Trulli,TRU,Lotus,+5 Laps,3,87778.0,29259.333333333332,1.0
857,13,6,6,20,0.0,32,22,2011,17,Indian Grand Prix,2011-10-30,Felipe,Massa,MAS,Ferrari,Suspension,3,64386.0,21462.0,17.0
857,67,5,9,21,0.0,24,5,2011,17,Indian Grand Prix,2011-10-30,Sébastien,Buemi,BUE,Toro Rosso,Engine,1,22579.0,22579.0,18.0
857,813,3,13,22,0.0,12,6,2011,17,Indian Grand Prix,2011-10-30,Pastor,Maldonado,MAL,Williams,Gearbox,0,,,
857,10,166,22,23,0.0,2,4,2011,17,Indian Grand Prix,2011-10-30,Timo,Glock,GLO,Virgin,Collision,1,27378.0,27378.0,1.0
857,155,15,17,24,0.0,0,4,2011,17,Indian Grand Prix,2011-10-30,Kamui,Kobayashi,KOB,Sauber,Collision,0,,,
858,1,1,2,1,25.0,55,1,2011,18,Abu Dhabi Grand Prix,2011-11-13,Lewis,Hamilton,HAM,McLaren,Finished,2,38789.0,19394.5,16.0
858,4,6,5,2,18.0,55,1,2011,18,Abu Dhabi Grand Prix,2011-11-13,Fernando,Alonso,ALO,Ferrari,Finished,2,41525.0,20762.5,16.0
858,18,1,3,3,15.0,55,1,2011,18,Abu Dhabi Grand Prix,2011-11-13,Jenson,Button,BUT,McLaren,Finished,2,41209.0,20604.5,16.0
858,17,9,4,4,12.0,55,1,2011,18,Abu Dhabi Grand Prix,2011-11-13,Mark,Webber,WEB,Red Bull,Finished,3,64707.0,21569.0,17.0
858,13,6,6,5,10.0,55,1,2011,18,Abu Dhabi Grand Prix,2011-11-13,Felipe,Massa,MAS,Ferrari,Finished,2,40506.0,20253.0,15.0
858,3,131,7,6,8.0,55,1,2011,18,Abu Dhabi Grand Prix,2011-11-13,Nico,Rosberg,ROS,Mercedes,Finished,2,39692.0,19846.0,17.0
858,30,131,8,7,6.0,55,1,2011,18,Abu Dhabi Grand Prix,2011-11-13,Michael,Schumacher,MSC,Mercedes,Finished,2,40298.0,20149.0,16.0
858,16,10,9,8,4.0,55,1,2011,18,Abu Dhabi Grand Prix,2011-11-13,Adrian,Sutil,SUT,Force India,Finished,2,40970.0,20485.0,16.0
858,814,10,10,9,2.0,55,1,2011,18,Abu Dhabi Grand Prix,2011-11-13,Paul,di Resta,DIR,Force India,Finished,1,20216.0,20216.0,27.0
858,155,15,16,10,1.0,54,11,2011,18,Abu Dhabi Grand Prix,2011-11-13,Kamui,Kobayashi,KOB,Sauber,+1 Lap,2,42941.0,21470.5,5.0
858,815,15,11,11,0.0,54,11,2011,18,Abu Dhabi Grand Prix,2011-11-13,Sergio,Pérez,PER,Sauber,+1 Lap,2,44633.0,22316.5,2.0
858,22,3,24,12,0.0,54,11,2011,18,Abu Dhabi Grand Prix,2011-11-13,Rubens,Barrichello,BAR,Williams,+1 Lap,2,44753.0,22376.5,18.0
858,808,4,12,13,0.0,54,11,2011,18,Abu Dhabi Grand Prix,2011-11-13,Vitaly,Petrov,PET,Renault,+1 Lap,2,40706.0,20353.0,18.0
858,813,3,23,14,0.0,54,11,2011,18,Abu Dhabi Grand Prix,2011-11-13,Pastor,Maldonado,MAL,Williams,+1 Lap,2,33098.0,16549.0,25.0
858,153,5,15,15,0.0,54,11,2011,18,Abu Dhabi Grand Prix,2011-11-13,Jaime,Alguersuari,ALG,Toro Rosso,+1 Lap,2,64937.0,32468.5,15.0
858,811,4,14,16,0.0,54,11,2011,18,Abu Dhabi Grand Prix,2011-11-13,Bruno,Senna,SEN,Renault,+1 Lap,3,54171.0,18057.0,1.0
858,5,205,17,17,0.0,54,11,2011,18,Abu Dhabi Grand Prix,2011-11-13,Heikki,Kovalainen,KOV,Lotus,+1 Lap,2,41798.0,20899.0,16.0
858,15,205,18,18,0.0,53,12,2011,18,Abu Dhabi Grand Prix,2011-11-13,Jarno,Trulli,TRU,Lotus,+2 Laps,2,41615.0,20807.5,17.0
858,10,166,19,19,0.0,53,12,2011,18,Abu Dhabi Grand Prix,2011-11-13,Timo,Glock,GLO,Virgin,+2 Laps,2,42353.0,21176.5,25.0
858,24,164,22,20,0.0,53,12,2011,18,Abu Dhabi Grand Prix,2011-11-13,Vitantonio,Liuzzi,LIU,HRT,+2 Laps,1,21247.0,21247.0,24.0
858,817,164,20,21,0.0,48,26,2011,18,Abu Dhabi Grand Prix,2011-11-13,Daniel,Ricciardo,RIC,HRT,Mechanical,2,44885.0,22442.5,18.0
858,67,5,13,22,0.0,19,9,2011,18,Abu Dhabi Grand Prix,2011-11-13,Sébastien,Buemi,BUE,Toro Rosso,Hydraulics,0,,,
858,816,166,21,23,0.0,18,23,2011,18,Abu Dhabi Grand Prix,2011-11-13,Jérôme,d'Ambrosio,DAM,Virgin,Brakes,0,,,
858,20,9,1,24,0.0,1,29,2011,18,Abu Dhabi Grand Prix,2011-11-13,Sebastian,Vettel,VET,Red Bull,Puncture,0,,,
859,17,9,2,1,25.0,71,1,2011,19,Brazilian Grand Prix,2011-11-27,Mark,Webber,WEB,Red Bull,Finished,3,62526.0,20842.0,18.0
859,20,9,1,2,18.0,71,1,2011,19,Brazilian Grand Prix,2011-11-27,Sebastian,Vettel,VET,Red Bull,Finished,3,63673.0,21224.333333333332,17.0
859,18,1,3,3,15.0,71,1,2011,19,Brazilian Grand Prix,2011-11-27,Jenson,Button,BUT,McLaren,Finished,3,64626.0,21542.0,15.0
859,4,6,5,4,12.0,71,1,2011,19,Brazilian Grand Prix,2011-11-27,Fernando,Alonso,ALO,Ferrari,Finished,3,62189.0,20729.666666666668,16.0
859,13,6,7,5,10.0,71,1,2011,19,Brazilian Grand Prix,2011-11-27,Felipe,Massa,MAS,Ferrari,Finished,2,42749.0,21374.5,21.0
859,16,10,8,6,8.0,70,11,2011,19,Brazilian Grand Prix,2011-11-27,Adrian,Sutil,SUT,Force India,+1 Lap,3,63135.0,21045.0,14.0
859,3,131,6,7,6.0,70,11,2011,19,Brazilian Grand Prix,2011-11-27,Nico,Rosberg,ROS,Mercedes,+1 Lap,2,41431.0,20715.5,16.0
859,814,10,11,8,4.0,70,11,2011,19,Brazilian Grand Prix,2011-11-27,Paul,di Resta,DIR,Force India,+1 Lap,2,42512.0,21256.0,17.0
859,155,15,16,9,2.0,70,11,2011,19,Brazilian Grand Prix,2011-11-27,Kamui,Kobayashi,KOB,Sauber,+1 Lap,2,46348.0,23174.0,21.0
859,808,4,15,10,1.0,70,11,2011,19,Brazilian Grand Prix,2011-11-27,Vitaly,Petrov,PET,Renault,+1 Lap,3,66052.0,22017.333333333332,13.0
859,153,5,13,11,0.0,70,11,2011,19,Brazilian Grand Prix,2011-11-27,Jaime,Alguersuari,ALG,Toro Rosso,+1 Lap,2,44628.0,22314.0,21.0
859,67,5,14,12,0.0,70,11,2011,19,Brazilian Grand Prix,2011-11-27,Sébastien,Buemi,BUE,Toro Rosso,+1 Lap,2,44878.0,22439.0,19.0
859,815,15,17,13,0.0,70,11,2011,19,Brazilian Grand Prix,2011-11-27,Sergio,Pérez,PER,Sauber,+1 Lap,2,43558.0,21779.0,20.0
859,22,3,12,14,0.0,70,11,2011,19,Brazilian Grand Prix,2011-11-27,Rubens,Barrichello,BAR,Williams,+1 Lap,3,65765.0,21921.666666666668,16.0
859,30,131,10,15,0.0,70,11,2011,19,Brazilian Grand Prix,2011-11-27,Michael,Schumacher,MSC,Mercedes,+1 Lap,3,67636.0,22545.333333333332,10.0
859,5,205,19,16,0.0,69,12,2011,19,Brazilian Grand Prix,2011-11-27,Heikki,Kovalainen,KOV,Lotus,+2 Laps,3,66345.0,22115.0,17.0
859,811,4,9,17,0.0,69,12,2011,19,Brazilian Grand Prix,2011-11-27,Bruno,Senna,SEN,Renault,+2 Laps,4,81346.0,20336.5,12.0
859,15,205,20,18,0.0,69,12,2011,19,Brazilian Grand Prix,2011-11-27,Jarno,Trulli,TRU,Lotus,+2 Laps,2,44171.0,22085.5,22.0
859,816,166,23,19,0.0,68,13,2011,19,Brazilian Grand Prix,2011-11-27,Jérôme,d'Ambrosio,DAM,Virgin,+3 Laps,2,45401.0,22700.5,20.0
859,817,164,22,20,0.0,68,13,2011,19,Brazilian Grand Prix,2011-11-27,Daniel,Ricciardo,RIC,HRT,+3 Laps,2,46377.0,23188.5,20.0
859,24,164,21,21,0.0,61,31,2011,19,Brazilian Grand Prix,2011-11-27,Vitantonio,Liuzzi,LIU,HRT,Retired,2,45662.0,22831.0,21.0
859,1,1,4,22,0.0,46,6,2011,19,Brazilian Grand Prix,2011-11-27,Lewis,Hamilton,HAM,McLaren,Gearbox,3,62176.0,20725.333333333332,16.0
859,813,3,18,23,0.0,26,31,2011,19,Brazilian Grand Prix,2011-11-27,Pastor,Maldonado,MAL,Williams,Retired,1,21561.0,21561.0,17.0
859,10,166,24,24,0.0,21,31,2011,19,Brazilian Grand Prix,2011-11-27,Timo,Glock,GLO,Virgin,Retired,1,22452.0,22452.0,21.0
860,18,1,2,1,25.0,58,1,2012,1,Australian Grand Prix,2012-03-18,Jenson,Button,BUT,McLaren,Finished,2,46112.0,23056.0,16.0
860,20,9,6,2,18.0,58,1,2012,1,Australian Grand Prix,2012-03-18,Sebastian,Vettel,VET,Red Bull,Finished,2,48387.0,24193.5,16.0
860,1,1,1,3,15.0,58,1,2012,1,Australian Grand Prix,2012-03-18,Lewis,Hamilton,HAM,McLaren,Finished,2,46326.0,23163.0,17.0
860,17,9,5,4,12.0,58,1,2012,1,Australian Grand Prix,2012-03-18,Mark,Webber,WEB,Red Bull,Finished,2,46217.0,23108.5,14.0
860,4,6,12,5,10.0,58,1,2012,1,Australian Grand Prix,2012-03-18,Fernando,Alonso,ALO,Ferrari,Finished,2,43945.0,21972.5,13.0
860,155,15,13,6,8.0,58,1,2012,1,Australian Grand Prix,2012-03-18,Kamui,Kobayashi,KOB,Sauber,Finished,2,49508.0,24754.0,13.0
860,8,208,17,7,6.0,58,1,2012,1,Australian Grand Prix,2012-03-18,Kimi,Räikkönen,RAI,Lotus F1,Finished,2,48191.0,24095.5,19.0
860,815,15,22,8,4.0,58,1,2012,1,Australian Grand Prix,2012-03-18,Sergio,Pérez,PER,Sauber,Finished,1,23882.0,23882.0,24.0
860,817,5,10,9,2.0,58,1,2012,1,Australian Grand Prix,2012-03-18,Daniel,Ricciardo,RIC,Toro Rosso,Finished,3,79924.0,26641.333333333332,1.0
860,814,10,15,10,1.0,58,1,2012,1,Australian Grand Prix,2012-03-18,Paul,di Resta,DIR,Force India,Finished,2,49512.0,24756.0,13.0
860,818,5,11,11,0.0,58,1,2012,1,Australian Grand Prix,2012-03-18,Jean-Éric,Vergne,VER,Toro Rosso,Finished,2,46772.0,23386.0,19.0
860,3,131,7,12,0.0,58,1,2012,1,Australian Grand Prix,2012-03-18,Nico,Rosberg,ROS,Mercedes,Finished,2,46220.0,23110.0,12.0
860,813,3,8,13,0.0,57,3,2012,1,Australian Grand Prix,2012-03-18,Pastor,Maldonado,MAL,Williams,Accident,2,46593.0,23296.5,16.0
860,10,206,20,14,0.0,57,11,2012,1,Australian Grand Prix,2012-03-18,Timo,Glock,GLO,Marussia,+1 Lap,2,51368.0,25684.0,20.0
860,819,206,21,15,0.0,53,15,2012,1,Australian Grand Prix,2012-03-18,Charles,Pic,PIC,Marussia,+5 Laps,3,91375.0,30458.333333333332,21.0
860,811,3,14,16,0.0,52,4,2012,1,Australian Grand Prix,2012-03-18,Bruno,Senna,SEN,Williams,Collision,3,79264.0,26421.333333333332,1.0
860,13,6,16,17,0.0,46,4,2012,1,Australian Grand Prix,2012-03-18,Felipe,Massa,MAS,Ferrari,Collision,3,66944.0,22314.666666666668,11.0
860,5,207,18,18,0.0,38,22,2012,1,Australian Grand Prix,2012-03-18,Heikki,Kovalainen,KOV,Caterham,Suspension,3,77865.0,25955.0,14.0
860,808,207,19,19,0.0,34,38,2012,1,Australian Grand Prix,2012-03-18,Vitaly,Petrov,PET,Caterham,Steering,1,24579.0,24579.0,18.0
860,30,131,4,20,0.0,10,6,2012,1,Australian Grand Prix,2012-03-18,Michael,Schumacher,MSC,Mercedes,Gearbox,0,,,
860,154,208,3,21,0.0,1,4,2012,1,Australian Grand Prix,2012-03-18,Romain,Grosjean,GRO,Lotus F1,Collision,0,,,
860,807,10,9,22,0.0,0,4,2012,1,Australian Grand Prix,2012-03-18,Nico,Hülkenberg,HUL,Force India,Collision,0,,,
860,37,164,0,23,0.0,0,81,2012,1,Australian Grand Prix,2012-03-18,Pedro,de la Rosa,DLR,HRT,Did not qualify,0,,,
860,39,164,0,24,0.0,0,81,2012,1,Australian Grand Prix,2012-03-18,Narain,Karthikeyan,KAR,HRT,Did not qualify,0,,,
861,4,6,8,1,25.0,56,1,2012,2,Malaysian Grand Prix,2012-03-25,Fernando,Alonso,ALO,Ferrari,Finished,3,70051.0,23350.333333333332,4.0
861,815,15,9,2,18.0,56,1,2012,2,Malaysian Grand Prix,2012-03-25,Sergio,Pérez,PER,Sauber,Finished,3,74734.0,24911.333333333332,1.0
861,1,1,1,3,15.0,56,1,2012,2,Malaysian Grand Prix,2012-03-25,Lewis,Hamilton,HAM,McLaren,Finished,3,78570.0,26190.0,5.0
861,17,9,4,4,12.0,56,1,2012,2,Malaysian Grand Prix,2012-03-25,Mark,Webber,WEB,Red Bull,Finished,3,74101.0,24700.333333333332,5.0
861,8,208,10,5,10.0,56,1,2012,2,Malaysian Grand Prix,2012-03-25,Kimi,Räikkönen,RAI,Lotus F1,Finished,3,77570.0,25856.666666666668,5.0
861,811,3,13,6,8.0,56,1,2012,2,Malaysian Grand Prix,2012-03-25,Bruno,Senna,SEN,Williams,Finished,4,106079.0,26519.75,1.0
861,814,10,14,7,6.0,56,1,2012,2,Malaysian Grand Prix,2012-03-25,Paul,di Resta,DIR,Force India,Finished,3,69019.0,23006.333333333332,2.0
861,818,5,18,8,4.0,56,1,2012,2,Malaysian Grand Prix,2012-03-25,Jean-Éric,Vergne,VER,Toro Rosso,Finished,2,47559.0,23779.5,15.0
861,807,10,16,9,2.0,56,1,2012,2,Malaysian Grand Prix,2012-03-25,Nico,Hülkenberg,HUL,Force India,Finished,3,70763.0,23587.666666666668,4.0
861,30,131,3,10,1.0,56,1,2012,2,Malaysian Grand Prix,2012-03-25,Michael,Schumacher,MSC,Mercedes,Finished,3,71088.0,23696.0,5.0
861,20,9,5,11,0.0,56,1,2012,2,Malaysian Grand Prix,2012-03-25,Sebastian,Vettel,VET,Red Bull,Finished,4,98597.0,24649.25,5.0
861,817,5,15,12,0.0,56,1,2012,2,Malaysian Grand Prix,2012-03-25,Daniel,Ricciardo,RIC,Toro Rosso,Finished,4,96267.0,24066.75,4.0
861,3,131,7,13,0.0,56,1,2012,2,Malaysian Grand Prix,2012-03-25,Nico,Rosberg,ROS,Mercedes,Finished,4,97080.0,24270.0,5.0
861,18,1,2,14,0.0,56,1,2012,2,Malaysian Grand Prix,2012-03-25,Jenson,Button,BUT,McLaren,Finished,5,133730.0,26746.0,4.0
861,13,6,12,15,0.0,56,1,2012,2,Malaysian Grand Prix,2012-03-25,Felipe,Massa,MAS,Ferrari,Finished,4,98518.0,24629.5,3.0
861,808,207,19,16,0.0,55,11,2012,2,Malaysian Grand Prix,2012-03-25,Vitaly,Petrov,PET,Caterham,+1 Lap,3,84412.0,28137.333333333332,4.0
861,10,206,20,17,0.0,55,11,2012,2,Malaysian Grand Prix,2012-03-25,Timo,Glock,GLO,Marussia,+1 Lap,3,76146.0,25382.0,3.0
861,5,207,24,18,0.0,55,11,2012,2,Malaysian Grand Prix,2012-03-25,Heikki,Kovalainen,KOV,Caterham,+1 Lap,4,115691.0,28922.75,4.0
861,813,3,11,19,0.0,54,5,2012,2,Malaysian Grand Prix,2012-03-25,Pastor,Maldonado,MAL,Williams,Engine,4,94539.0,23634.75,5.0
861,819,206,21,20,0.0,54,12,2012,2,Malaysian Grand Prix,2012-03-25,Charles,Pic,PIC,Marussia,+2 Laps,3,98083.0,32694.333333333332,3.0
861,39,164,23,21,0.0,54,12,2012,2,Malaysian Grand Prix,2012-03-25,Narain,Karthikeyan,KAR,HRT,+2 Laps,2,64576.0,32288.0,15.0
861,37,164,22,22,0.0,54,12,2012,2,Malaysian Grand Prix,2012-03-25,Pedro,de la Rosa,DLR,HRT,+2 Laps,3,83054.0,27684.666666666668,13.0
861,155,15,17,23,0.0,46,31,2012,2,Malaysian Grand Prix,2012-03-25,Kamui,Kobayashi,KOB,Sauber,Retired,3,78039.0,26013.0,5.0
861,154,208,6,24,0.0,3,4,2012,2,Malaysian Grand Prix,2012-03-25,Romain,Grosjean,GRO,Lotus F1,Collision,0,,,
862,3,131,1,1,25.0,56,1,2012,3,Chinese Grand Prix,2012-04-15,Nico,Rosberg,ROS,Mercedes,Finished,2,41758.0,20879.0,13.0
862,18,1,5,2,18.0,56,1,2012,3,Chinese Grand Prix,2012-04-15,Jenson,Button,BUT,McLaren,Finished,3,67655.0,22551.666666666668,11.0
862,1,1,7,3,15.0,56,1,2012,3,Chinese Grand Prix,2012-04-15,Lewis,Hamilton,HAM,McLaren,Finished,3,61771.0,20590.333333333332,10.0
862,17,9,6,4,12.0,56,1,2012,3,Chinese Grand Prix,2012-04-15,Mark,Webber,WEB,Red Bull,Finished,3,61322.0,20440.666666666668,6.0
862,20,9,11,5,10.0,56,1,2012,3,Chinese Grand Prix,2012-04-15,Sebastian,Vettel,VET,Red Bull,Finished,2,42595.0,21297.5,9.0
862,154,208,10,6,8.0,56,1,2012,3,Chinese Grand Prix,2012-04-15,Romain,Grosjean,GRO,Lotus F1,Finished,2,47019.0,23509.5,11.0
862,811,3,14,7,6.0,56,1,2012,3,Chinese Grand Prix,2012-04-15,Bruno,Senna,SEN,Williams,Finished,2,42507.0,21253.5,12.0
862,813,3,13,8,4.0,56,1,2012,3,Chinese Grand Prix,2012-04-15,Pastor,Maldonado,MAL,Williams,Finished,2,42798.0,21399.0,11.0
862,4,6,9,9,2.0,56,1,2012,3,Chinese Grand Prix,2012-04-15,Fernando,Alonso,ALO,Ferrari,Finished,3,60456.0,20152.0,12.0
862,155,15,3,10,1.0,56,1,2012,3,Chinese Grand Prix,2012-04-15,Kamui,Kobayashi,KOB,Sauber,Finished,3,64358.0,21452.666666666668,9.0
862,815,15,8,11,0.0,56,1,2012,3,Chinese Grand Prix,2012-04-15,Sergio,Pérez,PER,Sauber,Finished,2,45574.0,22787.0,16.0
862,814,10,15,12,0.0,56,1,2012,3,Chinese Grand Prix,2012-04-15,Paul,di Resta,DIR,Force India,Finished,2,41393.0,20696.5,11.0
862,13,6,12,13,0.0,56,1,2012,3,Chinese Grand Prix,2012-04-15,Felipe,Massa,MAS,Ferrari,Finished,2,40301.0,20150.5,18.0
862,8,208,4,14,0.0,56,1,2012,3,Chinese Grand Prix,2012-04-15,Kimi,Räikkönen,RAI,Lotus F1,Finished,2,42927.0,21463.5,10.0
862,807,10,16,15,0.0,56,1,2012,3,Chinese Grand Prix,2012-04-15,Nico,Hülkenberg,HUL,Force India,Finished,2,53434.0,26717.0,9.0
862,818,5,24,16,0.0,56,1,2012,3,Chinese Grand Prix,2012-04-15,Jean-Éric,Vergne,VER,Toro Rosso,Finished,3,68989.0,22996.333333333332,11.0
862,817,5,17,17,0.0,56,1,2012,3,Chinese Grand Prix,2012-04-15,Daniel,Ricciardo,RIC,Toro Rosso,Finished,2,44202.0,22101.0,17.0
862,808,207,19,18,0.0,55,11,2012,3,Chinese Grand Prix,2012-04-15,Vitaly,Petrov,PET,Caterham,+1 Lap,2,43858.0,21929.0,10.0
862,10,206,20,19,0.0,55,11,2012,3,Chinese Grand Prix,2012-04-15,Timo,Glock,GLO,Marussia,+1 Lap,2,42842.0,21421.0,18.0
862,819,206,21,20,0.0,55,11,2012,3,Chinese Grand Prix,2012-04-15,Charles,Pic,PIC,Marussia,+1 Lap,3,59866.0,19955.333333333332,19.0
862,37,164,22,21,0.0,55,11,2012,3,Chinese Grand Prix,2012-04-15,Pedro,de la Rosa,DLR,HRT,+1 Lap,2,47122.0,23561.0,17.0
862,39,164,23,22,0.0,54,12,2012,3,Chinese Grand Prix,2012-04-15,Narain,Karthikeyan,KAR,HRT,+2 Laps,2,48088.0,24044.0,16.0
862,5,207,18,23,0.0,53,13,2012,3,Chinese Grand Prix,2012-04-15,Heikki,Kovalainen,KOV,Caterham,+3 Laps,3,83067.0,27689.0,12.0
862,30,131,2,24,0.0,12,61,2012,3,Chinese Grand Prix,2012-04-15,Michael,Schumacher,MSC,Mercedes,Wheel nut,1,21746.0,21746.0,12.0
863,20,9,1,1,25.0,57,1,2012,4,Bahrain Grand Prix,2012-04-22,Sebastian,Vettel,VET,Red Bull,Finished,3,66534.0,22178.0,11.0
863,8,208,11,2,18.0,57,1,2012,4,Bahrain Grand Prix,2012-04-22,Kimi,Räikkönen,RAI,Lotus F1,Finished,3,67371.0,22457.0,11.0
863,154,208,7,3,15.0,57,1,2012,4,Bahrain Grand Prix,2012-04-22,Romain,Grosjean,GRO,Lotus F1,Finished,3,68905.0,22968.333333333332,10.0
863,17,9,3,4,12.0,57,1,2012,4,Bahrain Grand Prix,2012-04-22,Mark,Webber,WEB,Red Bull,Finished,3,66590.0,22196.666666666668,9.0
863,3,131,5,5,10.0,57,1,2012,4,Bahrain Grand Prix,2012-04-22,Nico,Rosberg,ROS,Mercedes,Finished,3,67019.0,22339.666666666668,8.0
863,814,10,10,6,8.0,57,1,2012,4,Bahrain Grand Prix,2012-04-22,Paul,di Resta,DIR,Force India,Finished,2,44552.0,22276.0,14.0
863,4,6,9,7,6.0,57,1,2012,4,Bahrain Grand Prix,2012-04-22,Fernando,Alonso,ALO,Ferrari,Finished,3,68750.0,22916.666666666668,9.0
863,1,1,2,8,4.0,57,1,2012,4,Bahrain Grand Prix,2012-04-22,Lewis,Hamilton,HAM,McLaren,Finished,3,82659.0,27553.0,9.0
863,13,6,14,9,2.0,57,1,2012,4,Bahrain Grand Prix,2012-04-22,Felipe,Massa,MAS,Ferrari,Finished,3,67458.0,22486.0,8.0
863,30,131,22,10,1.0,57,1,2012,4,Bahrain Grand Prix,2012-04-22,Michael,Schumacher,MSC,Mercedes,Finished,3,66276.0,22092.0,9.0
863,815,15,8,11,0.0,57,1,2012,4,Bahrain Grand Prix,2012-04-22,Sergio,Pérez,PER,Sauber,Finished,3,69760.0,23253.333333333332,9.0
863,807,10,13,12,0.0,57,1,2012,4,Bahrain Grand Prix,2012-04-22,Nico,Hülkenberg,HUL,Force India,Finished,3,67419.0,22473.0,9.0
863,155,15,12,13,0.0,57,1,2012,4,Bahrain Grand Prix,2012-04-22,Kamui,Kobayashi,KOB,Sauber,Finished,3,73022.0,24340.666666666668,14.0
863,818,5,17,14,0.0,57,1,2012,4,Bahrain Grand Prix,2012-04-22,Jean-Éric,Vergne,VER,Toro Rosso,Finished,3,68357.0,22785.666666666668,10.0
863,817,5,6,15,0.0,56,11,2012,4,Bahrain Grand Prix,2012-04-22,Daniel,Ricciardo,RIC,Toro Rosso,+1 Lap,3,70619.0,23539.666666666668,7.0
863,808,207,18,16,0.0,56,11,2012,4,Bahrain Grand Prix,2012-04-22,Vitaly,Petrov,PET,Caterham,+1 Lap,3,69999.0,23333.0,10.0
863,5,207,16,17,0.0,56,11,2012,4,Bahrain Grand Prix,2012-04-22,Heikki,Kovalainen,KOV,Caterham,+1 Lap,4,95182.0,23795.5,1.0
863,18,1,4,18,0.0,55,43,2012,4,Bahrain Grand Prix,2012-04-22,Jenson,Button,BUT,McLaren,Exhaust,4,91845.0,22961.25,8.0
863,10,206,23,19,0.0,55,12,2012,4,Bahrain Grand Prix,2012-04-22,Timo,Glock,GLO,Marussia,+2 Laps,3,76004.0,25334.666666666668,10.0
863,37,164,20,20,0.0,55,12,2012,4,Bahrain Grand Prix,2012-04-22,Pedro,de la Rosa,DLR,HRT,+2 Laps,3,72181.0,24060.333333333332,9.0
863,39,164,24,21,0.0,55,12,2012,4,Bahrain Grand Prix,2012-04-22,Narain,Karthikeyan,KAR,HRT,+2 Laps,4,101834.0,25458.5,10.0
863,811,3,15,22,0.0,54,76,2012,4,Bahrain Grand Prix,2012-04-22,Bruno,Senna,SEN,Williams,Vibrations,3,68511.0,22837.0,9.0
863,813,3,21,23,0.0,25,29,2012,4,Bahrain Grand Prix,2012-04-22,Pastor,Maldonado,MAL,Williams,Puncture,2,45198.0,22599.0,11.0
863,819,206,19,24,0.0,24,5,2012,4,Bahrain Grand Prix,2012-04-22,Charles,Pic,PIC,Marussia,Engine,1,24020.0,24020.0,12.0
864,813,3,1,1,25.0,66,1,2012,5,Spanish Grand Prix,2012-05-13,Pastor,Maldonado,MAL,Williams,Finished,3,63667.0,21222.333333333332,11.0
864,4,6,2,2,18.0,66,1,2012,5,Spanish Grand Prix,2012-05-13,Fernando,Alonso,ALO,Ferrari,Finished,3,59589.0,19863.0,10.0
864,8,208,4,3,15.0,66,1,2012,5,Spanish Grand Prix,2012-05-13,Kimi,Räikkönen,RAI,Lotus F1,Finished,3,61151.0,20383.666666666668,11.0
864,154,208,3,4,12.0,66,1,2012,5,Spanish Grand Prix,2012-05-13,Romain,Grosjean,GRO,Lotus F1,Finished,3,62473.0,20824.333333333332,10.0
864,155,15,9,5,10.0,66,1,2012,5,Spanish Grand Prix,2012-05-13,Kamui,Kobayashi,KOB,Sauber,Finished,3,63952.0,21317.333333333332,8.0
864,20,9,7,6,8.0,66,1,2012,5,Spanish Grand Prix,2012-05-13,Sebastian,Vettel,VET,Red Bull,Finished,4,78847.0,19711.75,7.0
864,3,131,6,7,6.0,66,1,2012,5,Spanish Grand Prix,2012-05-13,Nico,Rosberg,ROS,Mercedes,Finished,3,60758.0,20252.666666666668,9.0
864,1,1,24,8,4.0,66,1,2012,5,Spanish Grand Prix,2012-05-13,Lewis,Hamilton,HAM,McLaren,Finished,2,41943.0,20971.5,14.0
864,18,1,10,9,2.0,66,1,2012,5,Spanish Grand Prix,2012-05-13,Jenson,Button,BUT,McLaren,Finished,3,61282.0,20427.333333333332,9.0
864,807,10,13,10,1.0,65,11,2012,5,Spanish Grand Prix,2012-05-13,Nico,Hülkenberg,HUL,Force India,+1 Lap,3,61594.0,20531.333333333332,10.0
864,17,9,11,11,0.0,65,11,2012,5,Spanish Grand Prix,2012-05-13,Mark,Webber,WEB,Red Bull,+1 Lap,3,65112.0,21704.0,6.0
864,818,5,14,12,0.0,65,11,2012,5,Spanish Grand Prix,2012-05-13,Jean-Éric,Vergne,VER,Toro Rosso,+1 Lap,3,63493.0,21164.333333333332,10.0
864,817,5,15,13,0.0,65,11,2012,5,Spanish Grand Prix,2012-05-13,Daniel,Ricciardo,RIC,Toro Rosso,+1 Lap,3,61274.0,20424.666666666668,11.0
864,814,10,12,14,0.0,65,11,2012,5,Spanish Grand Prix,2012-05-13,Paul,di Resta,DIR,Force India,+1 Lap,3,61534.0,20511.333333333332,9.0
864,13,6,16,15,0.0,65,11,2012,5,Spanish Grand Prix,2012-05-13,Felipe,Massa,MAS,Ferrari,+1 Lap,4,75733.0,18933.25,10.0
864,5,207,19,16,0.0,65,11,2012,5,Spanish Grand Prix,2012-05-13,Heikki,Kovalainen,KOV,Caterham,+1 Lap,3,65131.0,21710.333333333332,13.0
864,808,207,18,17,0.0,65,11,2012,5,Spanish Grand Prix,2012-05-13,Vitaly,Petrov,PET,Caterham,+1 Lap,3,69745.0,23248.333333333332,10.0
864,10,206,21,18,0.0,64,12,2012,5,Spanish Grand Prix,2012-05-13,Timo,Glock,GLO,Marussia,+2 Laps,3,62653.0,20884.333333333332,14.0
864,37,164,22,19,0.0,63,13,2012,5,Spanish Grand Prix,2012-05-13,Pedro,de la Rosa,DLR,HRT,+3 Laps,4,87424.0,21856.0,10.0
864,815,15,5,20,0.0,37,61,2012,5,Spanish Grand Prix,2012-05-13,Sergio,Pérez,PER,Sauber,Wheel nut,3,71450.0,23816.666666666668,1.0
864,819,206,20,21,0.0,35,26,2012,5,Spanish Grand Prix,2012-05-13,Charles,Pic,PIC,Marussia,Mechanical,2,42274.0,21137.0,15.0
864,39,164,23,22,0.0,22,26,2012,5,Spanish Grand Prix,2012-05-13,Narain,Karthikeyan,KAR,HRT,Mechanical,2,44033.0,22016.5,11.0
864,811,3,17,23,0.0,12,4,2012,5,Spanish Grand Prix,2012-05-13,Bruno,Senna,SEN,Williams,Collision,0,,,
864,30,131,8,24,0.0,12,4,2012,5,Spanish Grand Prix,2012-05-13,Michael,Schumacher,MSC,Mercedes,Collision,1,20113.0,20113.0,10.0
865,17,9,1,1,25.0,78,1,2012,6,Monaco Grand Prix,2012-05-27,Mark,Webber,WEB,Red Bull,Finished,1,25566.0,25566.0,29.0
865,3,131,2,2,18.0,78,1,2012,6,Monaco Grand Prix,2012-05-27,Nico,Rosberg,ROS,Mercedes,Finished,1,24874.0,24874.0,27.0
865,4,6,5,3,15.0,78,1,2012,6,Monaco Grand Prix,2012-05-27,Fernando,Alonso,ALO,Ferrari,Finished,1,25220.0,25220.0,30.0
865,20,9,9,4,12.0,78,1,2012,6,Monaco Grand Prix,2012-05-27,Sebastian,Vettel,VET,Red Bull,Finished,1,25079.0,25079.0,46.0
865,1,1,3,5,10.0,78,1,2012,6,Monaco Grand Prix,2012-05-27,Lewis,Hamilton,HAM,McLaren,Finished,1,25748.0,25748.0,29.0
865,13,6,7,6,8.0,78,1,2012,6,Monaco Grand Prix,2012-05-27,Felipe,Massa,MAS,Ferrari,Finished,1,24993.0,24993.0,31.0
865,814,10,14,7,6.0,78,1,2012,6,Monaco Grand Prix,2012-05-27,Paul,di Resta,DIR,Force India,Finished,1,25642.0,25642.0,35.0
865,807,10,10,8,4.0,78,1,2012,6,Monaco Grand Prix,2012-05-27,Nico,Hülkenberg,HUL,Force India,Finished,1,26447.0,26447.0,29.0
865,8,208,8,9,2.0,78,1,2012,6,Monaco Grand Prix,2012-05-27,Kimi,Räikkönen,RAI,Lotus F1,Finished,1,26380.0,26380.0,29.0
865,811,3,13,10,1.0,78,1,2012,6,Monaco Grand Prix,2012-05-27,Bruno,Senna,SEN,Williams,Finished,1,26410.0,26410.0,29.0
865,815,15,23,11,0.0,77,11,2012,6,Monaco Grand Prix,2012-05-27,Sergio,Pérez,PER,Sauber,+1 Lap,2,45343.0,22671.5,34.0
865,818,5,16,12,0.0,77,11,2012,6,Monaco Grand Prix,2012-05-27,Jean-Éric,Vergne,VER,Toro Rosso,+1 Lap,2,52220.0,26110.0,17.0
865,5,207,17,13,0.0,77,11,2012,6,Monaco Grand Prix,2012-05-27,Heikki,Kovalainen,KOV,Caterham,+1 Lap,2,57359.0,28679.5,30.0
865,10,206,19,14,0.0,77,11,2012,6,Monaco Grand Prix,2012-05-27,Timo,Glock,GLO,Marussia,+1 Lap,2,62070.0,31035.0,30.0
865,39,164,22,15,0.0,76,12,2012,6,Monaco Grand Prix,2012-05-27,Narain,Karthikeyan,KAR,HRT,+2 Laps,2,54279.0,27139.5,29.0
865,18,1,12,16,0.0,70,4,2012,6,Monaco Grand Prix,2012-05-27,Jenson,Button,BUT,McLaren,Collision,1,25219.0,25219.0,38.0
865,817,5,15,17,0.0,65,31,2012,6,Monaco Grand Prix,2012-05-27,Daniel,Ricciardo,RIC,Toro Rosso,Retired,1,25335.0,25335.0,40.0
865,819,206,21,18,0.0,64,31,2012,6,Monaco Grand Prix,2012-05-27,Charles,Pic,PIC,Marussia,Retired,1,27186.0,27186.0,33.0
865,30,131,6,19,0.0,63,32,2012,6,Monaco Grand Prix,2012-05-27,Michael,Schumacher,MSC,Mercedes,Fuel pressure,1,25117.0,25117.0,34.0
865,808,207,18,20,0.0,15,10,2012,6,Monaco Grand Prix,2012-05-27,Vitaly,Petrov,PET,Caterham,Electrical,1,39391.0,39391.0,3.0
865,155,15,11,21,0.0,5,3,2012,6,Monaco Grand Prix,2012-05-27,Kamui,Kobayashi,KOB,Sauber,Accident,1,28390.0,28390.0,1.0
865,37,164,20,22,0.0,0,3,2012,6,Monaco Grand Prix,2012-05-27,Pedro,de la Rosa,DLR,HRT,Accident,0,,,
865,813,3,24,23,0.0,0,3,2012,6,Monaco Grand Prix,2012-05-27,Pastor,Maldonado,MAL,Williams,Accident,0,,,
865,154,208,4,24,0.0,0,3,2012,6,Monaco Grand Prix,2012-05-27,Romain,Grosjean,GRO,Lotus F1,Accident,0,,,
866,1,1,2,1,25.0,70,1,2012,7,Canadian Grand Prix,2012-06-10,Lewis,Hamilton,HAM,McLaren,Finished,2,43905.0,21952.5,17.0
866,154,208,7,2,18.0,70,1,2012,7,Canadian Grand Prix,2012-06-10,Romain,Grosjean,GRO,Lotus F1,Finished,1,21830.0,21830.0,21.0
866,815,15,15,3,15.0,70,1,2012,7,Canadian Grand Prix,2012-06-10,Sergio,Pérez,PER,Sauber,Finished,1,21407.0,21407.0,41.0
866,20,9,1,4,12.0,70,1,2012,7,Canadian Grand Prix,2012-06-10,Sebastian,Vettel,VET,Red Bull,Finished,2,44067.0,22033.5,16.0
866,4,6,3,5,10.0,70,1,2012,7,Canadian Grand Prix,2012-06-10,Fernando,Alonso,ALO,Ferrari,Finished,1,21133.0,21133.0,19.0
866,3,131,5,6,8.0,70,1,2012,7,Canadian Grand Prix,2012-06-10,Nico,Rosberg,ROS,Mercedes,Finished,2,42401.0,21200.5,19.0
866,17,9,4,7,6.0,70,1,2012,7,Canadian Grand Prix,2012-06-10,Mark,Webber,WEB,Red Bull,Finished,2,42453.0,21226.5,17.0
866,8,208,12,8,4.0,70,1,2012,7,Canadian Grand Prix,2012-06-10,Kimi,Räikkönen,RAI,Lotus F1,Finished,1,21534.0,21534.0,40.0
866,155,15,11,9,2.0,70,1,2012,7,Canadian Grand Prix,2012-06-10,Kamui,Kobayashi,KOB,Sauber,Finished,1,21453.0,21453.0,24.0
866,13,6,6,10,1.0,70,1,2012,7,Canadian Grand Prix,2012-06-10,Felipe,Massa,MAS,Ferrari,Finished,2,42243.0,21121.5,12.0
866,814,10,8,11,0.0,70,1,2012,7,Canadian Grand Prix,2012-06-10,Paul,di Resta,DIR,Force India,Finished,2,43223.0,21611.5,13.0
866,807,10,13,12,0.0,70,1,2012,7,Canadian Grand Prix,2012-06-10,Nico,Hülkenberg,HUL,Force India,Finished,2,48243.0,24121.5,21.0
866,813,3,22,13,0.0,70,1,2012,7,Canadian Grand Prix,2012-06-10,Pastor,Maldonado,MAL,Williams,Finished,1,22704.0,22704.0,29.0
866,817,5,14,14,0.0,70,1,2012,7,Canadian Grand Prix,2012-06-10,Daniel,Ricciardo,RIC,Toro Rosso,Finished,2,43247.0,21623.5,17.0
866,818,5,19,15,0.0,69,11,2012,7,Canadian Grand Prix,2012-06-10,Jean-Éric,Vergne,VER,Toro Rosso,+1 Lap,3,60082.0,20027.333333333332,16.0
866,18,1,10,16,0.0,69,11,2012,7,Canadian Grand Prix,2012-06-10,Jenson,Button,BUT,McLaren,+1 Lap,3,64956.0,21652.0,15.0
866,811,3,16,17,0.0,69,11,2012,7,Canadian Grand Prix,2012-06-10,Bruno,Senna,SEN,Williams,+1 Lap,1,22781.0,22781.0,23.0
866,5,207,17,18,0.0,69,11,2012,7,Canadian Grand Prix,2012-06-10,Heikki,Kovalainen,KOV,Caterham,+1 Lap,2,43437.0,21718.5,17.0
866,808,207,18,19,0.0,69,11,2012,7,Canadian Grand Prix,2012-06-10,Vitaly,Petrov,PET,Caterham,+1 Lap,2,43291.0,21645.5,18.0
866,819,206,23,20,0.0,69,13,2012,7,Canadian Grand Prix,2012-06-10,Charles,Pic,PIC,Marussia,+3 Laps,1,23291.0,23291.0,28.0
866,10,206,21,21,0.0,56,22,2012,7,Canadian Grand Prix,2012-06-10,Timo,Glock,GLO,Marussia,Suspension,1,25520.0,25520.0,24.0
866,30,131,9,22,0.0,43,65,2012,7,Canadian Grand Prix,2012-06-10,Michael,Schumacher,MSC,Mercedes,Rear wing,2,44331.0,22165.5,13.0
866,37,164,20,23,0.0,24,23,2012,7,Canadian Grand Prix,2012-06-10,Pedro,de la Rosa,DLR,HRT,Brakes,0,,,
866,39,164,24,24,0.0,22,22,2012,7,Canadian Grand Prix,2012-06-10,Narain,Karthikeyan,KAR,HRT,Suspension,0,,,
867,4,6,11,1,25.0,57,1,2012,8,European Grand Prix,2012-06-24,Fernando,Alonso,ALO,Ferrari,Finished,2,40507.0,20253.5,15.0
867,8,208,5,2,18.0,57,1,2012,8,European Grand Prix,2012-06-24,Kimi,Räikkönen,RAI,Lotus F1,Finished,2,42982.0,21491.0,14.0
867,30,131,12,3,15.0,57,1,2012,8,European Grand Prix,2012-06-24,Michael,Schumacher,MSC,Mercedes,Finished,2,40518.0,20259.0,19.0
867,17,9,19,4,12.0,57,1,2012,8,European Grand Prix,2012-06-24,Mark,Webber,WEB,Red Bull,Finished,2,40468.0,20234.0,19.0
867,807,10,8,5,10.0,57,1,2012,8,European Grand Prix,2012-06-24,Nico,Hülkenberg,HUL,Force India,Finished,2,41530.0,20765.0,14.0
867,3,131,6,6,8.0,57,1,2012,8,European Grand Prix,2012-06-24,Nico,Rosberg,ROS,Mercedes,Finished,2,40740.0,20370.0,20.0
867,814,10,10,7,6.0,57,1,2012,8,European Grand Prix,2012-06-24,Paul,di Resta,DIR,Force India,Finished,1,20295.0,20295.0,23.0
867,18,1,9,8,4.0,57,1,2012,8,European Grand Prix,2012-06-24,Jenson,Button,BUT,McLaren,Finished,2,39886.0,19943.0,10.0
867,815,15,15,9,2.0,57,1,2012,8,European Grand Prix,2012-06-24,Sergio,Pérez,PER,Sauber,Finished,2,41936.0,20968.0,10.0
867,811,3,14,10,1.0,57,1,2012,8,European Grand Prix,2012-06-24,Bruno,Senna,SEN,Williams,Finished,2,43099.0,21549.5,20.0
867,817,5,17,11,0.0,57,1,2012,8,European Grand Prix,2012-06-24,Daniel,Ricciardo,RIC,Toro Rosso,Finished,2,43806.0,21903.0,14.0
867,813,3,3,12,0.0,57,1,2012,8,European Grand Prix,2012-06-24,Pastor,Maldonado,MAL,Williams,Finished,2,42867.0,21433.5,14.0
867,808,207,20,13,0.0,57,1,2012,8,European Grand Prix,2012-06-24,Vitaly,Petrov,PET,Caterham,Finished,4,94157.0,23539.25,13.0
867,5,207,16,14,0.0,57,1,2012,8,European Grand Prix,2012-06-24,Heikki,Kovalainen,KOV,Caterham,Finished,2,45485.0,22742.5,12.0
867,819,206,23,15,0.0,57,1,2012,8,European Grand Prix,2012-06-24,Charles,Pic,PIC,Marussia,Finished,2,54474.0,27237.0,11.0
867,13,6,13,16,0.0,56,11,2012,8,European Grand Prix,2012-06-24,Felipe,Massa,MAS,Ferrari,+1 Lap,4,100141.0,25035.25,11.0
867,37,164,21,17,0.0,56,11,2012,8,European Grand Prix,2012-06-24,Pedro,de la Rosa,DLR,HRT,+1 Lap,2,46252.0,23126.0,14.0
867,39,164,22,18,0.0,56,11,2012,8,European Grand Prix,2012-06-24,Narain,Karthikeyan,KAR,HRT,+1 Lap,3,64080.0,21360.0,15.0
867,1,1,2,19,0.0,55,4,2012,8,European Grand Prix,2012-06-24,Lewis,Hamilton,HAM,McLaren,Collision,2,50436.0,25218.0,13.0
867,154,208,4,20,0.0,40,40,2012,8,European Grand Prix,2012-06-24,Romain,Grosjean,GRO,Lotus F1,Electronics,2,43662.0,21831.0,16.0
867,20,9,1,21,0.0,33,6,2012,8,European Grand Prix,2012-06-24,Sebastian,Vettel,VET,Red Bull,Gearbox,2,40380.0,20190.0,16.0
867,155,15,7,22,0.0,33,4,2012,8,European Grand Prix,2012-06-24,Kamui,Kobayashi,KOB,Sauber,Collision,2,48790.0,24395.0,14.0
867,818,5,18,23,0.0,26,4,2012,8,European Grand Prix,2012-06-24,Jean-Éric,Vergne,VER,Toro Rosso,Collision,1,21303.0,21303.0,17.0
867,10,206,0,24,0.0,0,54,2012,8,European Grand Prix,2012-06-24,Timo,Glock,GLO,Marussia,Withdrew,0,,,
868,17,9,2,1,25.0,52,1,2012,9,British Grand Prix,2012-07-08,Mark,Webber,WEB,Red Bull,Finished,2,51033.0,25516.5,14.0
868,4,6,1,2,18.0,52,1,2012,9,British Grand Prix,2012-07-08,Fernando,Alonso,ALO,Ferrari,Finished,2,50370.0,25185.0,15.0
868,20,9,4,3,15.0,52,1,2012,9,British Grand Prix,2012-07-08,Sebastian,Vettel,VET,Red Bull,Finished,2,51148.0,25574.0,10.0
868,13,6,5,4,12.0,52,1,2012,9,British Grand Prix,2012-07-08,Felipe,Massa,MAS,Ferrari,Finished,2,50435.0,25217.5,13.0
868,8,208,6,5,10.0,52,1,2012,9,British Grand Prix,2012-07-08,Kimi,Räikkönen,RAI,Lotus F1,Finished,2,51452.0,25726.0,13.0
868,154,208,9,6,8.0,52,1,2012,9,British Grand Prix,2012-07-08,Romain,Grosjean,GRO,Lotus F1,Finished,2,59589.0,29794.5,2.0
868,30,131,3,7,6.0,52,1,2012,9,British Grand Prix,2012-07-08,Michael,Schumacher,MSC,Mercedes,Finished,2,51490.0,25745.0,12.0
868,1,1,8,8,4.0,52,1,2012,9,British Grand Prix,2012-07-08,Lewis,Hamilton,HAM,McLaren,Finished,2,49501.0,24750.5,21.0
868,811,3,13,9,2.0,52,1,2012,9,British Grand Prix,2012-07-08,Bruno,Senna,SEN,Williams,Finished,2,52556.0,26278.0,14.0
868,18,1,16,10,1.0,52,1,2012,9,British Grand Prix,2012-07-08,Jenson,Button,BUT,McLaren,Finished,2,49900.0,24950.0,16.0
868,155,15,17,11,0.0,52,1,2012,9,British Grand Prix,2012-07-08,Kamui,Kobayashi,KOB,Sauber,Finished,2,66053.0,33026.5,16.0
868,807,10,14,12,0.0,52,1,2012,9,British Grand Prix,2012-07-08,Nico,Hülkenberg,HUL,Force India,Finished,2,51504.0,25752.0,16.0
868,817,5,12,13,0.0,52,1,2012,9,British Grand Prix,2012-07-08,Daniel,Ricciardo,RIC,Toro Rosso,Finished,2,51239.0,25619.5,16.0
868,818,5,23,14,0.0,52,1,2012,9,British Grand Prix,2012-07-08,Jean-Éric,Vergne,VER,Toro Rosso,Finished,2,52689.0,26344.5,14.0
868,3,131,11,15,0.0,52,1,2012,9,British Grand Prix,2012-07-08,Nico,Rosberg,ROS,Mercedes,Finished,2,58718.0,29359.0,15.0
868,813,3,7,16,0.0,51,11,2012,9,British Grand Prix,2012-07-08,Pastor,Maldonado,MAL,Williams,+1 Lap,2,58698.0,29349.0,11.0
868,5,207,19,17,0.0,51,11,2012,9,British Grand Prix,2012-07-08,Heikki,Kovalainen,KOV,Caterham,+1 Lap,2,52630.0,26315.0,12.0
868,10,206,20,18,0.0,51,11,2012,9,British Grand Prix,2012-07-08,Timo,Glock,GLO,Marussia,+1 Lap,2,51406.0,25703.0,18.0
868,819,206,24,19,0.0,51,11,2012,9,British Grand Prix,2012-07-08,Charles,Pic,PIC,Marussia,+1 Lap,2,52477.0,26238.5,13.0
868,37,164,21,20,0.0,50,12,2012,9,British Grand Prix,2012-07-08,Pedro,de la Rosa,DLR,HRT,+2 Laps,1,27715.0,27715.0,27.0
868,39,164,22,21,0.0,50,12,2012,9,British Grand Prix,2012-07-08,Narain,Karthikeyan,KAR,HRT,+2 Laps,2,57852.0,28926.0,16.0
868,815,15,15,22,0.0,11,4,2012,9,British Grand Prix,2012-07-08,Sergio,Pérez,PER,Sauber,Collision,1,25192.0,25192.0,11.0
868,814,10,10,23,0.0,2,4,2012,9,British Grand Prix,2012-07-08,Paul,di Resta,DIR,Force India,Collision,1,32790.0,32790.0,1.0
868,808,207,18,24,0.0,0,5,2012,9,British Grand Prix,2012-07-08,Vitaly,Petrov,PET,Caterham,Engine,0,,,
869,4,6,1,1,25.0,67,1,2012,10,German Grand Prix,2012-07-22,Fernando,Alonso,ALO,Ferrari,Finished,2,35512.0,17756.0,18.0
869,18,1,6,2,18.0,67,1,2012,10,German Grand Prix,2012-07-22,Jenson,Button,BUT,McLaren,Finished,2,34698.0,17349.0,19.0
869,8,208,10,3,15.0,67,1,2012,10,German Grand Prix,2012-07-22,Kimi,Räikkönen,RAI,Lotus F1,Finished,2,35737.0,17868.5,11.0
869,155,15,12,4,12.0,67,1,2012,10,German Grand Prix,2012-07-22,Kamui,Kobayashi,KOB,Sauber,Finished,2,38081.0,19040.5,22.0
869,20,9,2,5,10.0,67,1,2012,10,German Grand Prix,2012-07-22,Sebastian,Vettel,VET,Red Bull,Finished,2,35371.0,17685.5,20.0
869,815,15,17,6,8.0,67,1,2012,10,German Grand Prix,2012-07-22,Sergio,Pérez,PER,Sauber,Finished,2,36342.0,18171.0,17.0
869,30,131,3,7,6.0,67,1,2012,10,German Grand Prix,2012-07-22,Michael,Schumacher,MSC,Mercedes,Finished,3,54588.0,18196.0,14.0
869,17,9,8,8,4.0,67,1,2012,10,German Grand Prix,2012-07-22,Mark,Webber,WEB,Red Bull,Finished,2,35543.0,17771.5,12.0
869,807,10,4,9,2.0,67,1,2012,10,German Grand Prix,2012-07-22,Nico,Hülkenberg,HUL,Force India,Finished,3,55093.0,18364.333333333332,12.0
869,3,131,21,10,1.0,67,1,2012,10,German Grand Prix,2012-07-22,Nico,Rosberg,ROS,Mercedes,Finished,3,55030.0,18343.333333333332,12.0
869,814,10,9,11,0.0,67,1,2012,10,German Grand Prix,2012-07-22,Paul,di Resta,DIR,Force India,Finished,2,35867.0,17933.5,10.0
869,13,6,13,12,0.0,67,1,2012,10,German Grand Prix,2012-07-22,Felipe,Massa,MAS,Ferrari,Finished,3,61866.0,20622.0,1.0
869,817,5,11,13,0.0,67,1,2012,10,German Grand Prix,2012-07-22,Daniel,Ricciardo,RIC,Toro Rosso,Finished,2,36364.0,18182.0,19.0
869,818,5,15,14,0.0,67,1,2012,10,German Grand Prix,2012-07-22,Jean-Éric,Vergne,VER,Toro Rosso,Finished,3,57275.0,19091.666666666668,6.0
869,813,3,5,15,0.0,66,11,2012,10,German Grand Prix,2012-07-22,Pastor,Maldonado,MAL,Williams,+1 Lap,3,56941.0,18980.333333333332,13.0
869,808,207,18,16,0.0,66,11,2012,10,German Grand Prix,2012-07-22,Vitaly,Petrov,PET,Caterham,+1 Lap,3,56479.0,18826.333333333332,14.0
869,811,3,14,17,0.0,66,11,2012,10,German Grand Prix,2012-07-22,Bruno,Senna,SEN,Williams,+1 Lap,3,85077.0,28359.0,1.0
869,154,208,19,18,0.0,66,11,2012,10,German Grand Prix,2012-07-22,Romain,Grosjean,GRO,Lotus F1,+1 Lap,3,75897.0,25299.0,1.0
869,5,207,16,19,0.0,65,12,2012,10,German Grand Prix,2012-07-22,Heikki,Kovalainen,KOV,Caterham,+2 Laps,4,86407.0,21601.75,13.0
869,819,206,20,20,0.0,65,12,2012,10,German Grand Prix,2012-07-22,Charles,Pic,PIC,Marussia,+2 Laps,2,37212.0,18606.0,21.0
869,37,164,23,21,0.0,64,13,2012,10,German Grand Prix,2012-07-22,Pedro,de la Rosa,DLR,HRT,+3 Laps,2,40514.0,20257.0,20.0
869,10,206,22,22,0.0,64,13,2012,10,German Grand Prix,2012-07-22,Timo,Glock,GLO,Marussia,+3 Laps,2,40351.0,20175.5,19.0
869,39,164,24,23,0.0,64,13,2012,10,German Grand Prix,2012-07-22,Narain,Karthikeyan,KAR,HRT,+3 Laps,2,38917.0,19458.5,22.0
869,1,1,7,24,0.0,56,29,2012,10,German Grand Prix,2012-07-22,Lewis,Hamilton,HAM,McLaren,Puncture,3,57487.0,19162.333333333332,3.0
870,1,1,1,1,25.0,69,1,2012,11,Hungarian Grand Prix,2012-07-29,Lewis,Hamilton,HAM,McLaren,Finished,2,39495.0,19747.5,18.0
870,8,208,5,2,18.0,69,1,2012,11,Hungarian Grand Prix,2012-07-29,Kimi,Räikkönen,RAI,Lotus F1,Finished,2,39859.0,19929.5,20.0
870,154,208,2,3,15.0,69,1,2012,11,Hungarian Grand Prix,2012-07-29,Romain,Grosjean,GRO,Lotus F1,Finished,2,42382.0,21191.0,19.0
870,20,9,3,4,12.0,69,1,2012,11,Hungarian Grand Prix,2012-07-29,Sebastian,Vettel,VET,Red Bull,Finished,3,57675.0,19225.0,17.0
870,4,6,6,5,10.0,69,1,2012,11,Hungarian Grand Prix,2012-07-29,Fernando,Alonso,ALO,Ferrari,Finished,2,39034.0,19517.0,17.0
870,18,1,4,6,8.0,69,1,2012,11,Hungarian Grand Prix,2012-07-29,Jenson,Button,BUT,McLaren,Finished,3,58846.0,19615.333333333332,15.0
870,811,3,9,7,6.0,69,1,2012,11,Hungarian Grand Prix,2012-07-29,Bruno,Senna,SEN,Williams,Finished,2,40817.0,20408.5,16.0
870,17,9,11,8,4.0,69,1,2012,11,Hungarian Grand Prix,2012-07-29,Mark,Webber,WEB,Red Bull,Finished,3,58172.0,19390.666666666668,20.0
870,13,6,7,9,2.0,69,1,2012,11,Hungarian Grand Prix,2012-07-29,Felipe,Massa,MAS,Ferrari,Finished,2,39898.0,19949.0,18.0
870,3,131,13,10,1.0,69,1,2012,11,Hungarian Grand Prix,2012-07-29,Nico,Rosberg,ROS,Mercedes,Finished,2,40984.0,20492.0,16.0
870,807,10,10,11,0.0,69,1,2012,11,Hungarian Grand Prix,2012-07-29,Nico,Hülkenberg,HUL,Force India,Finished,2,41343.0,20671.5,15.0
870,814,10,12,12,0.0,69,1,2012,11,Hungarian Grand Prix,2012-07-29,Paul,di Resta,DIR,Force India,Finished,2,40812.0,20406.0,16.0
870,813,3,8,13,0.0,69,1,2012,11,Hungarian Grand Prix,2012-07-29,Pastor,Maldonado,MAL,Williams,Finished,3,53265.0,17755.0,15.0
870,815,15,14,14,0.0,69,1,2012,11,Hungarian Grand Prix,2012-07-29,Sergio,Pérez,PER,Sauber,Finished,2,40536.0,20268.0,21.0
870,817,5,18,15,0.0,68,11,2012,11,Hungarian Grand Prix,2012-07-29,Daniel,Ricciardo,RIC,Toro Rosso,+1 Lap,3,60167.0,20055.666666666668,14.0
870,818,5,16,16,0.0,68,11,2012,11,Hungarian Grand Prix,2012-07-29,Jean-Éric,Vergne,VER,Toro Rosso,+1 Lap,4,79465.0,19866.25,12.0
870,5,207,19,17,0.0,68,11,2012,11,Hungarian Grand Prix,2012-07-29,Heikki,Kovalainen,KOV,Caterham,+1 Lap,3,63202.0,21067.333333333332,17.0
870,155,15,15,18,0.0,67,12,2012,11,Hungarian Grand Prix,2012-07-29,Kamui,Kobayashi,KOB,Sauber,+2 Laps,2,40299.0,20149.5,8.0
870,808,207,20,19,0.0,67,12,2012,11,Hungarian Grand Prix,2012-07-29,Vitaly,Petrov,PET,Caterham,+2 Laps,3,62177.0,20725.666666666668,18.0
870,819,206,21,20,0.0,67,12,2012,11,Hungarian Grand Prix,2012-07-29,Charles,Pic,PIC,Marussia,+2 Laps,2,42293.0,21146.5,20.0
870,10,206,22,21,0.0,66,13,2012,11,Hungarian Grand Prix,2012-07-29,Timo,Glock,GLO,Marussia,+3 Laps,2,41720.0,20860.0,18.0
870,37,164,23,22,0.0,66,13,2012,11,Hungarian Grand Prix,2012-07-29,Pedro,de la Rosa,DLR,HRT,+3 Laps,2,44209.0,22104.5,22.0
870,39,164,24,23,0.0,60,22,2012,11,Hungarian Grand Prix,2012-07-29,Narain,Karthikeyan,KAR,HRT,Suspension,2,43290.0,21645.0,18.0
870,30,131,17,24,0.0,58,45,2012,11,Hungarian Grand Prix,2012-07-29,Michael,Schumacher,MSC,Mercedes,+11 Laps,3,55038.0,18346.0,1.0
871,18,1,1,1,25.0,44,1,2012,12,Belgian Grand Prix,2012-09-02,Jenson,Button,BUT,McLaren,Finished,1,19668.0,19668.0,20.0
871,20,9,10,2,18.0,44,1,2012,12,Belgian Grand Prix,2012-09-02,Sebastian,Vettel,VET,Red Bull,Finished,1,20811.0,20811.0,21.0
871,8,208,3,3,15.0,44,1,2012,12,Belgian Grand Prix,2012-09-02,Kimi,Räikkönen,RAI,Lotus F1,Finished,2,40672.0,20336.0,11.0
871,807,10,11,4,12.0,44,1,2012,12,Belgian Grand Prix,2012-09-02,Nico,Hülkenberg,HUL,Force India,Finished,2,42848.0,21424.0,13.0
871,13,6,14,5,10.0,44,1,2012,12,Belgian Grand Prix,2012-09-02,Felipe,Massa,MAS,Ferrari,Finished,2,41355.0,20677.5,12.0
871,17,9,12,6,8.0,44,1,2012,12,Belgian Grand Prix,2012-09-02,Mark,Webber,WEB,Red Bull,Finished,2,41293.0,20646.5,11.0
871,30,131,13,7,6.0,44,1,2012,12,Belgian Grand Prix,2012-09-02,Michael,Schumacher,MSC,Mercedes,Finished,2,42499.0,21249.5,19.0
871,818,5,15,8,4.0,44,1,2012,12,Belgian Grand Prix,2012-09-02,Jean-Éric,Vergne,VER,Toro Rosso,Finished,2,41737.0,20868.5,15.0
871,817,5,16,9,2.0,44,1,2012,12,Belgian Grand Prix,2012-09-02,Daniel,Ricciardo,RIC,Toro Rosso,Finished,2,41347.0,20673.5,12.0
871,814,10,9,10,1.0,44,1,2012,12,Belgian Grand Prix,2012-09-02,Paul,di Resta,DIR,Force India,Finished,2,42517.0,21258.5,10.0
871,3,131,23,11,0.0,44,1,2012,12,Belgian Grand Prix,2012-09-02,Nico,Rosberg,ROS,Mercedes,Finished,2,41596.0,20798.0,20.0
871,811,3,17,12,0.0,44,1,2012,12,Belgian Grand Prix,2012-09-02,Bruno,Senna,SEN,Williams,Finished,2,43720.0,21860.0,16.0
871,155,15,2,13,0.0,44,1,2012,12,Belgian Grand Prix,2012-09-02,Kamui,Kobayashi,KOB,Sauber,Finished,3,71023.0,23674.333333333332,1.0
871,808,207,19,14,0.0,43,11,2012,12,Belgian Grand Prix,2012-09-02,Vitaly,Petrov,PET,Caterham,+1 Lap,2,47152.0,23576.0,12.0
871,10,206,20,15,0.0,43,11,2012,12,Belgian Grand Prix,2012-09-02,Timo,Glock,GLO,Marussia,+1 Lap,2,43123.0,21561.5,11.0
871,819,206,22,16,0.0,43,11,2012,12,Belgian Grand Prix,2012-09-02,Charles,Pic,PIC,Marussia,+1 Lap,1,21611.0,21611.0,18.0
871,5,207,18,17,0.0,43,11,2012,12,Belgian Grand Prix,2012-09-02,Heikki,Kovalainen,KOV,Caterham,+1 Lap,2,74137.0,37068.5,14.0
871,37,164,21,18,0.0,43,11,2012,12,Belgian Grand Prix,2012-09-02,Pedro,de la Rosa,DLR,HRT,+1 Lap,3,76198.0,25399.333333333332,1.0
871,39,164,24,19,0.0,29,20,2012,12,Belgian Grand Prix,2012-09-02,Narain,Karthikeyan,KAR,HRT,Spun off,2,46476.0,23238.0,14.0
871,813,3,6,20,0.0,4,4,2012,12,Belgian Grand Prix,2012-09-02,Pastor,Maldonado,MAL,Williams,Collision,1,21842.0,21842.0,1.0
871,815,15,4,21,0.0,0,4,2012,12,Belgian Grand Prix,2012-09-02,Sergio,Pérez,PER,Sauber,Collision,0,,,
871,4,6,5,22,0.0,0,4,2012,12,Belgian Grand Prix,2012-09-02,Fernando,Alonso,ALO,Ferrari,Collision,0,,,
871,1,1,7,23,0.0,0,4,2012,12,Belgian Grand Prix,2012-09-02,Lewis,Hamilton,HAM,McLaren,Collision,0,,,
871,154,208,8,24,0.0,0,4,2012,12,Belgian Grand Prix,2012-09-02,Romain,Grosjean,GRO,Lotus F1,Collision,0,,,
872,1,1,1,1,25.0,53,1,2012,13,Italian Grand Prix,2012-09-09,Lewis,Hamilton,HAM,McLaren,Finished,1,20736.0,20736.0,23.0
872,815,15,12,2,18.0,53,1,2012,13,Italian Grand Prix,2012-09-09,Sergio,Pérez,PER,Sauber,Finished,1,22472.0,22472.0,29.0
872,4,6,10,3,15.0,53,1,2012,13,Italian Grand Prix,2012-09-09,Fernando,Alonso,ALO,Ferrari,Finished,1,21515.0,21515.0,20.0
872,13,6,3,4,12.0,53,1,2012,13,Italian Grand Prix,2012-09-09,Felipe,Massa,MAS,Ferrari,Finished,1,22161.0,22161.0,19.0
872,8,208,7,5,10.0,53,1,2012,13,Italian Grand Prix,2012-09-09,Kimi,Räikkönen,RAI,Lotus F1,Finished,1,21730.0,21730.0,17.0
872,30,131,4,6,8.0,53,1,2012,13,Italian Grand Prix,2012-09-09,Michael,Schumacher,MSC,Mercedes,Finished,2,44557.0,22278.5,15.0
872,3,131,6,7,6.0,53,1,2012,13,Italian Grand Prix,2012-09-09,Nico,Rosberg,ROS,Mercedes,Finished,2,44200.0,22100.0,14.0
872,814,10,9,8,4.0,53,1,2012,13,Italian Grand Prix,2012-09-09,Paul,di Resta,DIR,Force India,Finished,1,22190.0,22190.0,21.0
872,155,15,8,9,2.0,53,1,2012,13,Italian Grand Prix,2012-09-09,Kamui,Kobayashi,KOB,Sauber,Finished,1,22874.0,22874.0,20.0
872,811,3,13,10,1.0,53,1,2012,13,Italian Grand Prix,2012-09-09,Bruno,Senna,SEN,Williams,Finished,1,22985.0,22985.0,24.0
872,813,3,22,11,0.0,53,1,2012,13,Italian Grand Prix,2012-09-09,Pastor,Maldonado,MAL,Williams,Finished,2,44784.0,22392.0,13.0
872,817,5,14,12,0.0,53,1,2012,13,Italian Grand Prix,2012-09-09,Daniel,Ricciardo,RIC,Toro Rosso,Finished,1,21720.0,21720.0,24.0
872,816,208,15,13,0.0,53,1,2012,13,Italian Grand Prix,2012-09-09,Jérôme,d'Ambrosio,DAM,Lotus F1,Finished,1,21962.0,21962.0,27.0
872,5,207,17,14,0.0,52,11,2012,13,Italian Grand Prix,2012-09-09,Heikki,Kovalainen,KOV,Caterham,+1 Lap,2,44647.0,22323.5,17.0
872,808,207,18,15,0.0,52,11,2012,13,Italian Grand Prix,2012-09-09,Vitaly,Petrov,PET,Caterham,+1 Lap,2,44993.0,22496.5,19.0
872,819,206,20,16,0.0,52,11,2012,13,Italian Grand Prix,2012-09-09,Charles,Pic,PIC,Marussia,+1 Lap,2,46085.0,23042.5,18.0
872,10,206,19,17,0.0,52,11,2012,13,Italian Grand Prix,2012-09-09,Timo,Glock,GLO,Marussia,+1 Lap,2,51328.0,25664.0,7.0
872,37,164,23,18,0.0,52,11,2012,13,Italian Grand Prix,2012-09-09,Pedro,de la Rosa,DLR,HRT,+1 Lap,1,23488.0,23488.0,22.0
872,39,164,21,19,0.0,52,11,2012,13,Italian Grand Prix,2012-09-09,Narain,Karthikeyan,KAR,HRT,+1 Lap,1,31745.0,31745.0,23.0
872,17,9,11,20,0.0,51,76,2012,13,Italian Grand Prix,2012-09-09,Mark,Webber,WEB,Red Bull,Vibrations,1,21556.0,21556.0,21.0
872,807,10,24,21,0.0,50,23,2012,13,Italian Grand Prix,2012-09-09,Nico,Hülkenberg,HUL,Force India,Brakes,1,22746.0,22746.0,27.0
872,20,9,5,22,0.0,47,91,2012,13,Italian Grand Prix,2012-09-09,Sebastian,Vettel,VET,Red Bull,Alternator,2,37311.0,18655.5,20.0
872,18,1,2,23,0.0,32,32,2012,13,Italian Grand Prix,2012-09-09,Jenson,Button,BUT,McLaren,Fuel pressure,1,23375.0,23375.0,22.0
872,818,5,16,24,0.0,8,22,2012,13,Italian Grand Prix,2012-09-09,Jean-Éric,Vergne,VER,Toro Rosso,Suspension,0,,,
873,20,9,3,1,25.0,59,1,2012,14,Singapore Grand Prix,2012-09-23,Sebastian,Vettel,VET,Red Bull,Finished,2,60254.0,30127.0,10.0
873,18,1,4,2,18.0,59,1,2012,14,Singapore Grand Prix,2012-09-23,Jenson,Button,BUT,McLaren,Finished,2,59681.0,29840.5,14.0
873,4,6,5,3,15.0,59,1,2012,14,Singapore Grand Prix,2012-09-23,Fernando,Alonso,ALO,Ferrari,Finished,2,58747.0,29373.5,11.0
873,814,10,6,4,12.0,59,1,2012,14,Singapore Grand Prix,2012-09-23,Paul,di Resta,DIR,Force India,Finished,2,61055.0,30527.5,12.0
873,3,131,10,5,10.0,59,1,2012,14,Singapore Grand Prix,2012-09-23,Nico,Rosberg,ROS,Mercedes,Finished,2,59233.0,29616.5,12.0
873,8,208,12,6,8.0,59,1,2012,14,Singapore Grand Prix,2012-09-23,Kimi,Räikkönen,RAI,Lotus F1,Finished,2,59039.0,29519.5,13.0
873,154,208,8,7,6.0,59,1,2012,14,Singapore Grand Prix,2012-09-23,Romain,Grosjean,GRO,Lotus F1,Finished,2,63833.0,31916.5,14.0
873,13,6,13,8,4.0,59,1,2012,14,Singapore Grand Prix,2012-09-23,Felipe,Massa,MAS,Ferrari,Finished,3,90816.0,30272.0,1.0
873,817,5,15,9,2.0,59,1,2012,14,Singapore Grand Prix,2012-09-23,Daniel,Ricciardo,RIC,Toro Rosso,Finished,2,60781.0,30390.5,11.0
873,815,15,14,10,1.0,59,1,2012,14,Singapore Grand Prix,2012-09-23,Sergio,Pérez,PER,Sauber,Finished,2,60260.0,30130.0,18.0
873,17,9,7,11,0.0,59,1,2012,14,Singapore Grand Prix,2012-09-23,Mark,Webber,WEB,Red Bull,Finished,3,87985.0,29328.333333333332,8.0
873,10,206,20,12,0.0,59,1,2012,14,Singapore Grand Prix,2012-09-23,Timo,Glock,GLO,Marussia,Finished,2,62992.0,31496.0,13.0
873,155,15,17,13,0.0,59,1,2012,14,Singapore Grand Prix,2012-09-23,Kamui,Kobayashi,KOB,Sauber,Finished,3,97681.0,32560.333333333332,14.0
873,807,10,11,14,0.0,59,1,2012,14,Singapore Grand Prix,2012-09-23,Nico,Hülkenberg,HUL,Force India,Finished,3,95577.0,31859.0,18.0
873,5,207,19,15,0.0,59,1,2012,14,Singapore Grand Prix,2012-09-23,Heikki,Kovalainen,KOV,Caterham,Finished,3,90771.0,30257.0,12.0
873,819,206,21,16,0.0,59,1,2012,14,Singapore Grand Prix,2012-09-23,Charles,Pic,PIC,Marussia,Finished,2,61481.0,30740.5,16.0
873,37,164,24,17,0.0,58,11,2012,14,Singapore Grand Prix,2012-09-23,Pedro,de la Rosa,DLR,HRT,+1 Lap,3,109768.0,36589.333333333336,18.0
873,811,3,22,18,0.0,57,31,2012,14,Singapore Grand Prix,2012-09-23,Bruno,Senna,SEN,Williams,Retired,3,91829.0,30609.666666666668,10.0
873,808,207,18,19,0.0,57,12,2012,14,Singapore Grand Prix,2012-09-23,Vitaly,Petrov,PET,Caterham,+2 Laps,4,138048.0,34512.0,1.0
873,818,5,16,20,0.0,38,4,2012,14,Singapore Grand Prix,2012-09-23,Jean-Éric,Vergne,VER,Toro Rosso,Collision,2,60397.0,30198.5,12.0
873,30,131,9,21,0.0,38,4,2012,14,Singapore Grand Prix,2012-09-23,Michael,Schumacher,MSC,Mercedes,Collision,2,61217.0,30608.5,11.0
873,813,3,2,22,0.0,36,9,2012,14,Singapore Grand Prix,2012-09-23,Pastor,Maldonado,MAL,Williams,Hydraulics,3,91755.0,30585.0,13.0
873,39,164,23,23,0.0,30,3,2012,14,Singapore Grand Prix,2012-09-23,Narain,Karthikeyan,KAR,HRT,Accident,1,32436.0,32436.0,19.0
873,1,1,1,24,0.0,22,6,2012,14,Singapore Grand Prix,2012-09-23,Lewis,Hamilton,HAM,McLaren,Gearbox,1,29124.0,29124.0,12.0
874,20,9,1,1,25.0,53,1,2012,15,Japanese Grand Prix,2012-10-07,Sebastian,Vettel,VET,Red Bull,Finished,2,40854.0,20427.0,17.0
874,13,6,10,2,18.0,53,1,2012,15,Japanese Grand Prix,2012-10-07,Felipe,Massa,MAS,Ferrari,Finished,2,41714.0,20857.0,17.0
874,155,15,3,3,15.0,53,1,2012,15,Japanese Grand Prix,2012-10-07,Kamui,Kobayashi,KOB,Sauber,Finished,2,41545.0,20772.5,14.0
874,18,1,8,4,12.0,53,1,2012,15,Japanese Grand Prix,2012-10-07,Jenson,Button,BUT,McLaren,Finished,2,41332.0,20666.0,13.0
874,1,1,9,5,10.0,53,1,2012,15,Japanese Grand Prix,2012-10-07,Lewis,Hamilton,HAM,McLaren,Finished,2,40942.0,20471.0,16.0
874,8,208,7,6,8.0,53,1,2012,15,Japanese Grand Prix,2012-10-07,Kimi,Räikkönen,RAI,Lotus F1,Finished,2,42123.0,21061.5,13.0
874,807,10,15,7,6.0,53,1,2012,15,Japanese Grand Prix,2012-10-07,Nico,Hülkenberg,HUL,Force India,Finished,2,42695.0,21347.5,13.0
874,813,3,12,8,4.0,53,1,2012,15,Japanese Grand Prix,2012-10-07,Pastor,Maldonado,MAL,Williams,Finished,2,42479.0,21239.5,16.0
874,17,9,2,9,2.0,53,1,2012,15,Japanese Grand Prix,2012-10-07,Mark,Webber,WEB,Red Bull,Finished,2,53153.0,26576.5,1.0
874,817,5,14,10,1.0,53,1,2012,15,Japanese Grand Prix,2012-10-07,Daniel,Ricciardo,RIC,Toro Rosso,Finished,2,43460.0,21730.0,17.0
874,30,131,23,11,0.0,53,1,2012,15,Japanese Grand Prix,2012-10-07,Michael,Schumacher,MSC,Mercedes,Finished,2,41022.0,20511.0,17.0
874,814,10,11,12,0.0,53,1,2012,15,Japanese Grand Prix,2012-10-07,Paul,di Resta,DIR,Force India,Finished,2,42407.0,21203.5,13.0
874,818,5,19,13,0.0,53,1,2012,15,Japanese Grand Prix,2012-10-07,Jean-Éric,Vergne,VER,Toro Rosso,Finished,2,43959.0,21979.5,18.0
874,811,3,16,14,0.0,53,1,2012,15,Japanese Grand Prix,2012-10-07,Bruno,Senna,SEN,Williams,Finished,4,84764.0,21191.0,1.0
874,5,207,17,15,0.0,52,11,2012,15,Japanese Grand Prix,2012-10-07,Heikki,Kovalainen,KOV,Caterham,+1 Lap,2,45494.0,22747.0,18.0
874,10,206,18,16,0.0,52,11,2012,15,Japanese Grand Prix,2012-10-07,Timo,Glock,GLO,Marussia,+1 Lap,2,42182.0,21091.0,20.0
874,808,207,22,17,0.0,52,11,2012,15,Japanese Grand Prix,2012-10-07,Vitaly,Petrov,PET,Caterham,+1 Lap,3,56985.0,18995.0,19.0
874,37,164,20,18,0.0,52,11,2012,15,Japanese Grand Prix,2012-10-07,Pedro,de la Rosa,DLR,HRT,+1 Lap,2,48774.0,24387.0,17.0
874,154,208,4,19,0.0,51,12,2012,15,Japanese Grand Prix,2012-10-07,Romain,Grosjean,GRO,Lotus F1,+2 Laps,3,83265.0,27755.0,1.0
874,819,206,21,20,0.0,37,5,2012,15,Japanese Grand Prix,2012-10-07,Charles,Pic,PIC,Marussia,Engine,2,63848.0,31924.0,14.0
874,39,164,24,21,0.0,32,76,2012,15,Japanese Grand Prix,2012-10-07,Narain,Karthikeyan,KAR,HRT,Vibrations,1,23227.0,23227.0,15.0
874,815,15,5,22,0.0,18,20,2012,15,Japanese Grand Prix,2012-10-07,Sergio,Pérez,PER,Sauber,Spun off,1,21273.0,21273.0,15.0
874,4,6,6,23,0.0,0,4,2012,15,Japanese Grand Prix,2012-10-07,Fernando,Alonso,ALO,Ferrari,Collision,0,,,
874,3,131,13,24,0.0,0,4,2012,15,Japanese Grand Prix,2012-10-07,Nico,Rosberg,ROS,Mercedes,Collision,0,,,
875,20,9,2,1,25.0,55,1,2012,16,Korean Grand Prix,2012-10-14,Sebastian,Vettel,VET,Red Bull,Finished,2,39631.0,19815.5,15.0
875,17,9,1,2,18.0,55,1,2012,16,Korean Grand Prix,2012-10-14,Mark,Webber,WEB,Red Bull,Finished,2,39427.0,19713.5,14.0
875,4,6,4,3,15.0,55,1,2012,16,Korean Grand Prix,2012-10-14,Fernando,Alonso,ALO,Ferrari,Finished,2,40020.0,20010.0,15.0
875,13,6,6,4,12.0,55,1,2012,16,Korean Grand Prix,2012-10-14,Felipe,Massa,MAS,Ferrari,Finished,2,41462.0,20731.0,14.0
875,8,208,5,5,10.0,55,1,2012,16,Korean Grand Prix,2012-10-14,Kimi,Räikkönen,RAI,Lotus F1,Finished,2,41223.0,20611.5,14.0
875,807,10,8,6,8.0,55,1,2012,16,Korean Grand Prix,2012-10-14,Nico,Hülkenberg,HUL,Force India,Finished,2,43107.0,21553.5,13.0
875,154,208,7,7,6.0,55,1,2012,16,Korean Grand Prix,2012-10-14,Romain,Grosjean,GRO,Lotus F1,Finished,2,42616.0,21308.0,13.0
875,818,5,16,8,4.0,55,1,2012,16,Korean Grand Prix,2012-10-14,Jean-Éric,Vergne,VER,Toro Rosso,Finished,2,42053.0,21026.5,13.0
875,817,5,21,9,2.0,55,1,2012,16,Korean Grand Prix,2012-10-14,Daniel,Ricciardo,RIC,Toro Rosso,Finished,2,40955.0,20477.5,14.0
875,1,1,3,10,1.0,55,1,2012,16,Korean Grand Prix,2012-10-14,Lewis,Hamilton,HAM,McLaren,Finished,3,59862.0,19954.0,13.0
875,815,15,12,11,0.0,55,1,2012,16,Korean Grand Prix,2012-10-14,Sergio,Pérez,PER,Sauber,Finished,2,45175.0,22587.5,18.0
875,814,10,14,12,0.0,55,1,2012,16,Korean Grand Prix,2012-10-14,Paul,di Resta,DIR,Force India,Finished,2,41023.0,20511.5,15.0
875,30,131,10,13,0.0,55,1,2012,16,Korean Grand Prix,2012-10-14,Michael,Schumacher,MSC,Mercedes,Finished,2,40363.0,20181.5,13.0
875,813,3,15,14,0.0,55,1,2012,16,Korean Grand Prix,2012-10-14,Pastor,Maldonado,MAL,Williams,Finished,1,21137.0,21137.0,21.0
875,811,3,17,15,0.0,55,1,2012,16,Korean Grand Prix,2012-10-14,Bruno,Senna,SEN,Williams,Finished,2,44699.0,22349.5,14.0
875,808,207,18,16,0.0,54,11,2012,16,Korean Grand Prix,2012-10-14,Vitaly,Petrov,PET,Caterham,+1 Lap,2,43859.0,21929.5,14.0
875,5,207,19,17,0.0,54,11,2012,16,Korean Grand Prix,2012-10-14,Heikki,Kovalainen,KOV,Caterham,+1 Lap,2,43385.0,21692.5,13.0
875,10,206,20,18,0.0,54,11,2012,16,Korean Grand Prix,2012-10-14,Timo,Glock,GLO,Marussia,+1 Lap,2,42828.0,21414.0,14.0
875,819,206,24,19,0.0,53,12,2012,16,Korean Grand Prix,2012-10-14,Charles,Pic,PIC,Marussia,+2 Laps,2,43321.0,21660.5,17.0
875,39,164,23,20,0.0,53,12,2012,16,Korean Grand Prix,2012-10-14,Narain,Karthikeyan,KAR,HRT,+2 Laps,1,22749.0,22749.0,18.0
875,37,164,22,21,0.0,16,37,2012,16,Korean Grand Prix,2012-10-14,Pedro,de la Rosa,DLR,HRT,Throttle,0,,,
875,155,15,13,22,0.0,16,130,2012,16,Korean Grand Prix,2012-10-14,Kamui,Kobayashi,KOB,Sauber,Collision damage,2,46989.0,23494.5,1.0
875,3,131,9,23,0.0,1,4,2012,16,Korean Grand Prix,2012-10-14,Nico,Rosberg,ROS,Mercedes,Collision,0,,,
875,18,1,11,24,0.0,0,4,2012,16,Korean Grand Prix,2012-10-14,Jenson,Button,BUT,McLaren,Collision,0,,,
876,20,9,1,1,25.0,60,1,2012,17,Indian Grand Prix,2012-10-28,Sebastian,Vettel,VET,Red Bull,Finished,1,20707.0,20707.0,33.0
876,4,6,5,2,18.0,60,1,2012,17,Indian Grand Prix,2012-10-28,Fernando,Alonso,ALO,Ferrari,Finished,1,20800.0,20800.0,29.0
876,17,9,2,3,15.0,60,1,2012,17,Indian Grand Prix,2012-10-28,Mark,Webber,WEB,Red Bull,Finished,1,20808.0,20808.0,30.0
876,1,1,3,4,12.0,60,1,2012,17,Indian Grand Prix,2012-10-28,Lewis,Hamilton,HAM,McLaren,Finished,1,20852.0,20852.0,32.0
876,18,1,4,5,10.0,60,1,2012,17,Indian Grand Prix,2012-10-28,Jenson,Button,BUT,McLaren,Finished,1,21509.0,21509.0,25.0
876,13,6,6,6,8.0,60,1,2012,17,Indian Grand Prix,2012-10-28,Felipe,Massa,MAS,Ferrari,Finished,1,21100.0,21100.0,28.0
876,8,208,7,7,6.0,60,1,2012,17,Indian Grand Prix,2012-10-28,Kimi,Räikkönen,RAI,Lotus F1,Finished,1,21404.0,21404.0,27.0
876,807,10,12,8,4.0,60,1,2012,17,Indian Grand Prix,2012-10-28,Nico,Hülkenberg,HUL,Force India,Finished,1,21654.0,21654.0,28.0
876,154,208,11,9,2.0,60,1,2012,17,Indian Grand Prix,2012-10-28,Romain,Grosjean,GRO,Lotus F1,Finished,1,20976.0,20976.0,36.0
876,811,3,13,10,1.0,60,1,2012,17,Indian Grand Prix,2012-10-28,Bruno,Senna,SEN,Williams,Finished,1,22047.0,22047.0,26.0
876,3,131,10,11,0.0,60,1,2012,17,Indian Grand Prix,2012-10-28,Nico,Rosberg,ROS,Mercedes,Finished,1,21490.0,21490.0,27.0
876,814,10,16,12,0.0,60,1,2012,17,Indian Grand Prix,2012-10-28,Paul,di Resta,DIR,Force India,Finished,1,23948.0,23948.0,28.0
876,817,5,15,13,0.0,60,1,2012,17,Indian Grand Prix,2012-10-28,Daniel,Ricciardo,RIC,Toro Rosso,Finished,1,22637.0,22637.0,27.0
876,155,15,17,14,0.0,60,1,2012,17,Indian Grand Prix,2012-10-28,Kamui,Kobayashi,KOB,Sauber,Finished,1,22726.0,22726.0,36.0
876,818,5,18,15,0.0,59,11,2012,17,Indian Grand Prix,2012-10-28,Jean-Éric,Vergne,VER,Toro Rosso,+1 Lap,2,46755.0,23377.5,1.0
876,813,3,9,16,0.0,59,11,2012,17,Indian Grand Prix,2012-10-28,Pastor,Maldonado,MAL,Williams,+1 Lap,2,50056.0,25028.0,27.0
876,808,207,19,17,0.0,59,11,2012,17,Indian Grand Prix,2012-10-28,Vitaly,Petrov,PET,Caterham,+1 Lap,1,22445.0,22445.0,31.0
876,5,207,20,18,0.0,59,11,2012,17,Indian Grand Prix,2012-10-28,Heikki,Kovalainen,KOV,Caterham,+1 Lap,1,22967.0,22967.0,32.0
876,819,206,24,19,0.0,59,11,2012,17,Indian Grand Prix,2012-10-28,Charles,Pic,PIC,Marussia,+1 Lap,1,22692.0,22692.0,28.0
876,10,206,21,20,0.0,58,12,2012,17,Indian Grand Prix,2012-10-28,Timo,Glock,GLO,Marussia,+2 Laps,1,27303.0,27303.0,31.0
876,39,164,23,21,0.0,58,12,2012,17,Indian Grand Prix,2012-10-28,Narain,Karthikeyan,KAR,HRT,+2 Laps,1,24544.0,24544.0,26.0
876,30,131,14,22,0.0,55,31,2012,17,Indian Grand Prix,2012-10-28,Michael,Schumacher,MSC,Mercedes,Retired,2,46358.0,23179.0,1.0
876,37,164,22,23,0.0,43,3,2012,17,Indian Grand Prix,2012-10-28,Pedro,de la Rosa,DLR,HRT,Accident,1,23830.0,23830.0,32.0
876,815,15,8,24,0.0,21,3,2012,17,Indian Grand Prix,2012-10-28,Sergio,Pérez,PER,Sauber,Accident,2,45844.0,22922.0,14.0
877,8,208,4,1,25.0,55,1,2012,18,Abu Dhabi Grand Prix,2012-11-04,Kimi,Räikkönen,RAI,Lotus F1,Finished,1,20278.0,20278.0,31.0
877,4,6,6,2,18.0,55,1,2012,18,Abu Dhabi Grand Prix,2012-11-04,Fernando,Alonso,ALO,Ferrari,Finished,1,19368.0,19368.0,28.0
877,20,9,24,3,15.0,55,1,2012,18,Abu Dhabi Grand Prix,2012-11-04,Sebastian,Vettel,VET,Red Bull,Finished,2,44880.0,22440.0,13.0
877,18,1,5,4,12.0,55,1,2012,18,Abu Dhabi Grand Prix,2012-11-04,Jenson,Button,BUT,McLaren,Finished,1,19455.0,19455.0,29.0
877,813,3,3,5,10.0,55,1,2012,18,Abu Dhabi Grand Prix,2012-11-04,Pastor,Maldonado,MAL,Williams,Finished,1,20723.0,20723.0,29.0
877,155,15,15,6,8.0,55,1,2012,18,Abu Dhabi Grand Prix,2012-11-04,Kamui,Kobayashi,KOB,Sauber,Finished,1,19529.0,19529.0,25.0
877,13,6,8,7,6.0,55,1,2012,18,Abu Dhabi Grand Prix,2012-11-04,Felipe,Massa,MAS,Ferrari,Finished,1,19585.0,19585.0,26.0
877,811,3,14,8,4.0,55,1,2012,18,Abu Dhabi Grand Prix,2012-11-04,Bruno,Senna,SEN,Williams,Finished,1,22587.0,22587.0,32.0
877,814,10,12,9,2.0,55,1,2012,18,Abu Dhabi Grand Prix,2012-11-04,Paul,di Resta,DIR,Force India,Finished,3,66764.0,22254.666666666668,1.0
877,817,5,16,10,1.0,55,1,2012,18,Abu Dhabi Grand Prix,2012-11-04,Daniel,Ricciardo,RIC,Toro Rosso,Finished,2,41353.0,20676.5,26.0
877,30,131,13,11,0.0,55,1,2012,18,Abu Dhabi Grand Prix,2012-11-04,Michael,Schumacher,MSC,Mercedes,Finished,2,40971.0,20485.5,27.0
877,818,5,17,12,0.0,55,1,2012,18,Abu Dhabi Grand Prix,2012-11-04,Jean-Éric,Vergne,VER,Toro Rosso,Finished,2,40204.0,20102.0,9.0
877,5,207,18,13,0.0,55,1,2012,18,Abu Dhabi Grand Prix,2012-11-04,Heikki,Kovalainen,KOV,Caterham,Finished,1,23032.0,23032.0,28.0
877,10,206,21,14,0.0,55,1,2012,18,Abu Dhabi Grand Prix,2012-11-04,Timo,Glock,GLO,Marussia,Finished,1,19884.0,19884.0,27.0
877,815,15,11,15,0.0,55,1,2012,18,Abu Dhabi Grand Prix,2012-11-04,Sergio,Pérez,PER,Sauber,Finished,3,79775.0,26591.666666666668,30.0
877,808,207,20,16,0.0,55,1,2012,18,Abu Dhabi Grand Prix,2012-11-04,Vitaly,Petrov,PET,Caterham,Finished,1,20769.0,20769.0,27.0
877,37,164,22,17,0.0,55,1,2012,18,Abu Dhabi Grand Prix,2012-11-04,Pedro,de la Rosa,DLR,HRT,Finished,1,22272.0,22272.0,28.0
877,819,206,19,18,0.0,41,31,2012,18,Abu Dhabi Grand Prix,2012-11-04,Charles,Pic,PIC,Marussia,Retired,1,21941.0,21941.0,26.0
877,154,208,9,19,0.0,37,4,2012,18,Abu Dhabi Grand Prix,2012-11-04,Romain,Grosjean,GRO,Lotus F1,Collision,2,47074.0,23537.0,1.0
877,17,9,2,20,0.0,37,4,2012,18,Abu Dhabi Grand Prix,2012-11-04,Mark,Webber,WEB,Red Bull,Collision,1,19066.0,19066.0,30.0
877,1,1,1,21,0.0,19,10,2012,18,Abu Dhabi Grand Prix,2012-11-04,Lewis,Hamilton,HAM,McLaren,Electrical,0,,,
877,39,164,23,22,0.0,7,4,2012,18,Abu Dhabi Grand Prix,2012-11-04,Narain,Karthikeyan,KAR,HRT,Collision,0,,,
877,3,131,7,23,0.0,7,4,2012,18,Abu Dhabi Grand Prix,2012-11-04,Nico,Rosberg,ROS,Mercedes,Collision,1,29277.0,29277.0,1.0
877,807,10,10,24,0.0,0,4,2012,18,Abu Dhabi Grand Prix,2012-11-04,Nico,Hülkenberg,HUL,Force India,Collision,0,,,
878,1,1,2,1,25.0,56,1,2012,19,United States Grand Prix,2012-11-18,Lewis,Hamilton,HAM,McLaren,Finished,1,20814.0,20814.0,20.0
878,20,9,1,2,18.0,56,1,2012,19,United States Grand Prix,2012-11-18,Sebastian,Vettel,VET,Red Bull,Finished,1,20904.0,20904.0,21.0
878,4,6,7,3,15.0,56,1,2012,19,United States Grand Prix,2012-11-18,Fernando,Alonso,ALO,Ferrari,Finished,1,24439.0,24439.0,20.0
878,13,6,11,4,12.0,56,1,2012,19,United States Grand Prix,2012-11-18,Felipe,Massa,MAS,Ferrari,Finished,1,21520.0,21520.0,26.0
878,18,1,12,5,10.0,56,1,2012,19,United States Grand Prix,2012-11-18,Jenson,Button,BUT,McLaren,Finished,1,21445.0,21445.0,35.0
878,8,208,4,6,8.0,56,1,2012,19,United States Grand Prix,2012-11-18,Kimi,Räikkönen,RAI,Lotus F1,Finished,1,24840.0,24840.0,24.0
878,154,208,8,7,6.0,56,1,2012,19,United States Grand Prix,2012-11-18,Romain,Grosjean,GRO,Lotus F1,Finished,1,21190.0,21190.0,9.0
878,807,10,6,8,4.0,56,1,2012,19,United States Grand Prix,2012-11-18,Nico,Hülkenberg,HUL,Force India,Finished,1,22099.0,22099.0,17.0
878,813,3,9,9,2.0,56,1,2012,19,United States Grand Prix,2012-11-18,Pastor,Maldonado,MAL,Williams,Finished,1,22342.0,22342.0,21.0
878,811,3,10,10,1.0,56,1,2012,19,United States Grand Prix,2012-11-18,Bruno,Senna,SEN,Williams,Finished,1,22143.0,22143.0,20.0
878,815,15,15,11,0.0,56,1,2012,19,United States Grand Prix,2012-11-18,Sergio,Pérez,PER,Sauber,Finished,1,22079.0,22079.0,22.0
878,817,5,18,12,0.0,56,1,2012,19,United States Grand Prix,2012-11-18,Daniel,Ricciardo,RIC,Toro Rosso,Finished,1,22651.0,22651.0,30.0
878,3,131,17,13,0.0,56,1,2012,19,United States Grand Prix,2012-11-18,Nico,Rosberg,ROS,Mercedes,Finished,1,21346.0,21346.0,34.0
878,155,15,16,14,0.0,55,11,2012,19,United States Grand Prix,2012-11-18,Kamui,Kobayashi,KOB,Sauber,+1 Lap,1,24079.0,24079.0,13.0
878,814,10,13,15,0.0,55,11,2012,19,United States Grand Prix,2012-11-18,Paul,di Resta,DIR,Force India,+1 Lap,2,44942.0,22471.0,21.0
878,30,131,5,16,0.0,55,11,2012,19,United States Grand Prix,2012-11-18,Michael,Schumacher,MSC,Mercedes,+1 Lap,2,43560.0,21780.0,14.0
878,808,207,21,17,0.0,55,11,2012,19,United States Grand Prix,2012-11-18,Vitaly,Petrov,PET,Caterham,+1 Lap,1,22762.0,22762.0,23.0
878,5,207,22,18,0.0,55,11,2012,19,United States Grand Prix,2012-11-18,Heikki,Kovalainen,KOV,Caterham,+1 Lap,1,22713.0,22713.0,21.0
878,10,206,19,19,0.0,55,11,2012,19,United States Grand Prix,2012-11-18,Timo,Glock,GLO,Marussia,+1 Lap,1,23092.0,23092.0,21.0
878,819,206,20,20,0.0,54,12,2012,19,United States Grand Prix,2012-11-18,Charles,Pic,PIC,Marussia,+2 Laps,1,22379.0,22379.0,26.0
878,37,164,23,21,0.0,54,12,2012,19,United States Grand Prix,2012-11-18,Pedro,de la Rosa,DLR,HRT,+2 Laps,1,24798.0,24798.0,24.0
878,39,164,24,22,0.0,54,12,2012,19,United States Grand Prix,2012-11-18,Narain,Karthikeyan,KAR,HRT,+2 Laps,1,24497.0,24497.0,25.0
878,17,9,3,23,0.0,16,91,2012,19,United States Grand Prix,2012-11-18,Mark,Webber,WEB,Red Bull,Alternator,0,,,
878,818,5,14,24,0.0,14,22,2012,19,United States Grand Prix,2012-11-18,Jean-Éric,Vergne,VER,Toro Rosso,Suspension,0,,,
879,18,1,2,1,25.0,71,1,2012,20,Brazilian Grand Prix,2012-11-25,Jenson,Button,BUT,McLaren,Finished,2,43006.0,21503.0,23.0
879,4,6,7,2,18.0,71,1,2012,20,Brazilian Grand Prix,2012-11-25,Fernando,Alonso,ALO,Ferrari,Finished,3,67334.0,22444.666666666668,10.0
879,13,6,5,3,15.0,71,1,2012,20,Brazilian Grand Prix,2012-11-25,Felipe,Massa,MAS,Ferrari,Finished,3,66703.0,22234.333333333332,15.0
879,17,9,3,4,12.0,71,1,2012,20,Brazilian Grand Prix,2012-11-25,Mark,Webber,WEB,Red Bull,Finished,3,65365.0,21788.333333333332,9.0
879,807,10,6,5,10.0,71,1,2012,20,Brazilian Grand Prix,2012-11-25,Nico,Hülkenberg,HUL,Force India,Finished,3,57725.0,19241.666666666668,23.0
879,20,9,4,6,8.0,71,1,2012,20,Brazilian Grand Prix,2012-11-25,Sebastian,Vettel,VET,Red Bull,Finished,4,93201.0,23300.25,10.0
879,30,131,13,7,6.0,71,1,2012,20,Brazilian Grand Prix,2012-11-25,Michael,Schumacher,MSC,Mercedes,Finished,4,92536.0,23134.0,5.0
879,818,5,17,8,4.0,71,1,2012,20,Brazilian Grand Prix,2012-11-25,Jean-Éric,Vergne,VER,Toro Rosso,Finished,4,91701.0,22925.25,15.0
879,155,15,14,9,2.0,71,1,2012,20,Brazilian Grand Prix,2012-11-25,Kamui,Kobayashi,KOB,Sauber,Finished,3,84343.0,28114.333333333332,8.0
879,8,208,8,10,1.0,70,11,2012,20,Brazilian Grand Prix,2012-11-25,Kimi,Räikkönen,RAI,Lotus F1,+1 Lap,3,76581.0,25527.0,5.0
879,808,207,19,11,0.0,70,11,2012,20,Brazilian Grand Prix,2012-11-25,Vitaly,Petrov,PET,Caterham,+1 Lap,3,73185.0,24395.0,14.0
879,819,206,22,12,0.0,70,11,2012,20,Brazilian Grand Prix,2012-11-25,Charles,Pic,PIC,Marussia,+1 Lap,3,70255.0,23418.333333333332,13.0
879,817,5,15,13,0.0,70,11,2012,20,Brazilian Grand Prix,2012-11-25,Daniel,Ricciardo,RIC,Toro Rosso,+1 Lap,5,110360.0,22072.0,9.0
879,5,207,20,14,0.0,70,11,2012,20,Brazilian Grand Prix,2012-11-25,Heikki,Kovalainen,KOV,Caterham,+1 Lap,5,129292.0,25858.4,15.0
879,3,131,9,15,0.0,70,11,2012,20,Brazilian Grand Prix,2012-11-25,Nico,Rosberg,ROS,Mercedes,+1 Lap,4,100854.0,25213.5,9.0
879,10,206,21,16,0.0,70,11,2012,20,Brazilian Grand Prix,2012-11-25,Timo,Glock,GLO,Marussia,+1 Lap,4,93053.0,23263.25,14.0
879,37,164,24,17,0.0,69,12,2012,20,Brazilian Grand Prix,2012-11-25,Pedro,de la Rosa,DLR,HRT,+2 Laps,4,102245.0,25561.25,14.0
879,39,164,23,18,0.0,69,12,2012,20,Brazilian Grand Prix,2012-11-25,Narain,Karthikeyan,KAR,HRT,+2 Laps,4,104957.0,26239.25,13.0
879,814,10,10,19,0.0,68,3,2012,20,Brazilian Grand Prix,2012-11-25,Paul,di Resta,DIR,Force India,Accident,3,72089.0,24029.666666666668,10.0
879,1,1,1,20,0.0,54,4,2012,20,Brazilian Grand Prix,2012-11-25,Lewis,Hamilton,HAM,McLaren,Collision,2,46016.0,23008.0,10.0
879,154,208,18,21,0.0,5,3,2012,20,Brazilian Grand Prix,2012-11-25,Romain,Grosjean,GRO,Lotus F1,Accident,0,,,
879,813,3,16,22,0.0,1,4,2012,20,Brazilian Grand Prix,2012-11-25,Pastor,Maldonado,MAL,Williams,Collision,0,,,
879,811,3,11,23,0.0,0,4,2012,20,Brazilian Grand Prix,2012-11-25,Bruno,Senna,SEN,Williams,Collision,0,,,
879,815,15,12,24,0.0,0,4,2012,20,Brazilian Grand Prix,2012-11-25,Sergio,Pérez,PER,Sauber,Collision,0,,,
880,8,208,7,1,25.0,58,1,2013,1,Australian Grand Prix,2013-03-17,Kimi,Räikkönen,RAI,Lotus F1,Finished,2,44890.0,22445.0,9.0
880,4,6,5,2,18.0,58,1,2013,1,Australian Grand Prix,2013-03-17,Fernando,Alonso,ALO,Ferrari,Finished,3,65102.0,21700.666666666668,9.0
880,20,9,1,3,15.0,58,1,2013,1,Australian Grand Prix,2013-03-17,Sebastian,Vettel,VET,Red Bull,Finished,3,66107.0,22035.666666666668,7.0
880,13,6,4,4,12.0,58,1,2013,1,Australian Grand Prix,2013-03-17,Felipe,Massa,MAS,Ferrari,Finished,3,64774.0,21591.333333333332,8.0
880,1,131,3,5,10.0,58,1,2013,1,Australian Grand Prix,2013-03-17,Lewis,Hamilton,HAM,Mercedes,Finished,3,65948.0,21982.666666666668,13.0
880,17,9,2,6,8.0,58,1,2013,1,Australian Grand Prix,2013-03-17,Mark,Webber,WEB,Red Bull,Finished,3,67472.0,22490.666666666668,5.0
880,16,10,12,7,6.0,58,1,2013,1,Australian Grand Prix,2013-03-17,Adrian,Sutil,SUT,Force India,Finished,2,45442.0,22721.0,21.0
880,814,10,9,8,4.0,58,1,2013,1,Australian Grand Prix,2013-03-17,Paul,di Resta,DIR,Force India,Finished,2,46061.0,23030.5,8.0
880,18,1,10,9,2.0,58,1,2013,1,Australian Grand Prix,2013-03-17,Jenson,Button,BUT,McLaren,Finished,3,67391.0,22463.666666666668,4.0
880,154,208,8,10,1.0,58,1,2013,1,Australian Grand Prix,2013-03-17,Romain,Grosjean,GRO,Lotus F1,Finished,3,66906.0,22302.0,5.0
880,815,1,15,11,0.0,58,1,2013,1,Australian Grand Prix,2013-03-17,Sergio,Pérez,PER,McLaren,Finished,3,67386.0,22462.0,16.0
880,818,5,13,12,0.0,58,1,2013,1,Australian Grand Prix,2013-03-17,Jean-Éric,Vergne,VER,Toro Rosso,Finished,3,70922.0,23640.666666666668,9.0
880,821,15,18,13,0.0,57,11,2013,1,Australian Grand Prix,2013-03-17,Esteban,Gutiérrez,GUT,Sauber,+1 Lap,2,44631.0,22315.5,5.0
880,822,3,16,14,0.0,57,11,2013,1,Australian Grand Prix,2013-03-17,Valtteri,Bottas,BOT,Williams,+1 Lap,3,70803.0,23601.0,6.0
880,824,206,19,15,0.0,57,11,2013,1,Australian Grand Prix,2013-03-17,Jules,Bianchi,BIA,Marussia,+1 Lap,3,69427.0,23142.333333333332,9.0
880,819,207,22,16,0.0,56,12,2013,1,Australian Grand Prix,2013-03-17,Charles,Pic,PIC,Caterham,+2 Laps,2,46903.0,23451.5,8.0
880,820,206,20,17,0.0,56,12,2013,1,Australian Grand Prix,2013-03-17,Max,Chilton,CHI,Marussia,+2 Laps,3,90350.0,30116.666666666668,6.0
880,823,207,21,18,0.0,56,12,2013,1,Australian Grand Prix,2013-03-17,Giedo,van der Garde,VDG,Caterham,+2 Laps,3,71855.0,23951.666666666668,7.0
880,817,5,14,19,0.0,39,9,2013,1,Australian Grand Prix,2013-03-17,Daniel,Ricciardo,RIC,Toro Rosso,Hydraulics,2,47612.0,23806.0,15.0
880,3,131,6,20,0.0,26,10,2013,1,Australian Grand Prix,2013-03-17,Nico,Rosberg,ROS,Mercedes,Electrical,1,22274.0,22274.0,14.0
880,813,3,17,21,0.0,24,20,2013,1,Australian Grand Prix,2013-03-17,Pastor,Maldonado,MAL,Williams,Spun off,1,23099.0,23099.0,10.0
880,807,15,11,22,0.0,0,69,2013,1,Australian Grand Prix,2013-03-17,Nico,Hülkenberg,HUL,Sauber,Fuel system,0,,,
881,20,9,1,1,25.0,56,1,2013,2,Malaysian Grand Prix,2013-03-24,Sebastian,Vettel,VET,Red Bull,Finished,4,84713.0,21178.25,5.0
881,17,9,5,2,18.0,56,1,2013,2,Malaysian Grand Prix,2013-03-24,Mark,Webber,WEB,Red Bull,Finished,4,83396.0,20849.0,7.0
881,1,131,4,3,15.0,56,1,2013,2,Malaysian Grand Prix,2013-03-24,Lewis,Hamilton,HAM,Mercedes,Finished,4,89218.0,22304.5,7.0
881,3,131,6,4,12.0,56,1,2013,2,Malaysian Grand Prix,2013-03-24,Nico,Rosberg,ROS,Mercedes,Finished,4,86423.0,21605.75,8.0
881,13,6,2,5,10.0,56,1,2013,2,Malaysian Grand Prix,2013-03-24,Felipe,Massa,MAS,Ferrari,Finished,4,86569.0,21642.25,5.0
881,154,208,11,6,8.0,56,1,2013,2,Malaysian Grand Prix,2013-03-24,Romain,Grosjean,GRO,Lotus F1,Finished,3,66302.0,22100.666666666668,7.0
881,8,208,10,7,6.0,56,1,2013,2,Malaysian Grand Prix,2013-03-24,Kimi,Räikkönen,RAI,Lotus F1,Finished,3,70485.0,23495.0,6.0
881,807,15,12,8,4.0,56,1,2013,2,Malaysian Grand Prix,2013-03-24,Nico,Hülkenberg,HUL,Sauber,Finished,4,90522.0,22630.5,7.0
881,815,1,9,9,2.0,56,1,2013,2,Malaysian Grand Prix,2013-03-24,Sergio,Pérez,PER,McLaren,Finished,4,85181.0,21295.25,7.0
881,818,5,17,10,1.0,56,1,2013,2,Malaysian Grand Prix,2013-03-24,Jean-Éric,Vergne,VER,Toro Rosso,Finished,3,92556.0,30852.0,7.0
881,822,3,18,11,0.0,56,1,2013,2,Malaysian Grand Prix,2013-03-24,Valtteri,Bottas,BOT,Williams,Finished,3,75942.0,25314.0,6.0
881,821,15,14,12,0.0,55,11,2013,2,Malaysian Grand Prix,2013-03-24,Esteban,Gutiérrez,GUT,Sauber,+1 Lap,4,91908.0,22977.0,7.0
881,824,206,19,13,0.0,55,11,2013,2,Malaysian Grand Prix,2013-03-24,Jules,Bianchi,BIA,Marussia,+1 Lap,4,94653.0,23663.25,6.0
881,819,207,20,14,0.0,55,11,2013,2,Malaysian Grand Prix,2013-03-24,Charles,Pic,PIC,Caterham,+1 Lap,4,116660.0,29165.0,7.0
881,823,207,22,15,0.0,55,11,2013,2,Malaysian Grand Prix,2013-03-24,Giedo,van der Garde,VDG,Caterham,+1 Lap,4,93820.0,23455.0,6.0
881,820,206,21,16,0.0,54,12,2013,2,Malaysian Grand Prix,2013-03-24,Max,Chilton,CHI,Marussia,+2 Laps,4,97419.0,24354.75,6.0
881,18,1,7,17,0.0,53,54,2013,2,Malaysian Grand Prix,2013-03-24,Jenson,Button,BUT,McLaren,Withdrew,3,148309.0,49436.333333333336,7.0
881,817,5,13,18,0.0,51,31,2013,2,Malaysian Grand Prix,2013-03-24,Daniel,Ricciardo,RIC,Toro Rosso,Retired,3,66812.0,22270.666666666668,6.0
881,813,3,16,19,0.0,45,31,2013,2,Malaysian Grand Prix,2013-03-24,Pastor,Maldonado,MAL,Williams,Retired,3,80001.0,26667.0,6.0
881,16,10,8,20,0.0,27,61,2013,2,Malaysian Grand Prix,2013-03-24,Adrian,Sutil,SUT,Force India,Wheel nut,2,127234.0,63617.0,6.0
881,814,10,15,21,0.0,22,61,2013,2,Malaysian Grand Prix,2013-03-24,Paul,di Resta,DIR,Force India,Wheel nut,2,166837.0,83418.5,6.0
881,4,6,3,22,0.0,1,4,2013,2,Malaysian Grand Prix,2013-03-24,Fernando,Alonso,ALO,Ferrari,Collision,0,,,
882,4,6,3,1,25.0,56,1,2013,3,Chinese Grand Prix,2013-04-14,Fernando,Alonso,ALO,Ferrari,Finished,3,61252.0,20417.333333333332,6.0
882,8,208,2,2,18.0,56,1,2013,3,Chinese Grand Prix,2013-04-14,Kimi,Räikkönen,RAI,Lotus F1,Finished,3,61976.0,20658.666666666668,6.0
882,1,131,1,3,15.0,56,1,2013,3,Chinese Grand Prix,2013-04-14,Lewis,Hamilton,HAM,Mercedes,Finished,3,60563.0,20187.666666666668,5.0
882,20,9,9,4,12.0,56,1,2013,3,Chinese Grand Prix,2013-04-14,Sebastian,Vettel,VET,Red Bull,Finished,3,59598.0,19866.0,14.0
882,18,1,8,5,10.0,56,1,2013,3,Chinese Grand Prix,2013-04-14,Jenson,Button,BUT,McLaren,Finished,2,39760.0,19880.0,23.0
882,13,6,5,6,8.0,56,1,2013,3,Chinese Grand Prix,2013-04-14,Felipe,Massa,MAS,Ferrari,Finished,3,60229.0,20076.333333333332,7.0
882,817,5,7,7,6.0,56,1,2013,3,Chinese Grand Prix,2013-04-14,Daniel,Ricciardo,RIC,Toro Rosso,Finished,3,65611.0,21870.333333333332,4.0
882,814,10,11,8,4.0,56,1,2013,3,Chinese Grand Prix,2013-04-14,Paul,di Resta,DIR,Force India,Finished,3,60749.0,20249.666666666668,14.0
882,154,208,6,9,2.0,56,1,2013,3,Chinese Grand Prix,2013-04-14,Romain,Grosjean,GRO,Lotus F1,Finished,3,60478.0,20159.333333333332,7.0
882,807,15,10,10,1.0,56,1,2013,3,Chinese Grand Prix,2013-04-14,Nico,Hülkenberg,HUL,Sauber,Finished,3,63122.0,21040.666666666668,14.0
882,815,1,12,11,0.0,56,1,2013,3,Chinese Grand Prix,2013-04-14,Sergio,Pérez,PER,McLaren,Finished,2,40222.0,20111.0,24.0
882,818,5,15,12,0.0,56,1,2013,3,Chinese Grand Prix,2013-04-14,Jean-Éric,Vergne,VER,Toro Rosso,Finished,3,61928.0,20642.666666666668,15.0
882,822,3,16,13,0.0,56,1,2013,3,Chinese Grand Prix,2013-04-14,Valtteri,Bottas,BOT,Williams,Finished,3,65321.0,21773.666666666668,16.0
882,813,3,14,14,0.0,56,1,2013,3,Chinese Grand Prix,2013-04-14,Pastor,Maldonado,MAL,Williams,Finished,3,63293.0,21097.666666666668,7.0
882,824,206,18,15,0.0,55,11,2013,3,Chinese Grand Prix,2013-04-14,Jules,Bianchi,BIA,Marussia,+1 Lap,3,66556.0,22185.333333333332,6.0
882,819,207,20,16,0.0,55,11,2013,3,Chinese Grand Prix,2013-04-14,Charles,Pic,PIC,Caterham,+1 Lap,3,64742.0,21580.666666666668,5.0
882,820,206,19,17,0.0,55,11,2013,3,Chinese Grand Prix,2013-04-14,Max,Chilton,CHI,Marussia,+1 Lap,3,71305.0,23768.333333333332,7.0
882,823,207,21,18,0.0,55,11,2013,3,Chinese Grand Prix,2013-04-14,Giedo,van der Garde,VDG,Caterham,+1 Lap,3,62715.0,20905.0,6.0
882,3,131,4,19,0.0,21,22,2013,3,Chinese Grand Prix,2013-04-14,Nico,Rosberg,ROS,Mercedes,Suspension,3,64920.0,21640.0,5.0
882,17,9,22,20,0.0,15,36,2013,3,Chinese Grand Prix,2013-04-14,Mark,Webber,WEB,Red Bull,Wheel,2,48243.0,24121.5,1.0
882,16,10,13,21,0.0,5,4,2013,3,Chinese Grand Prix,2013-04-14,Adrian,Sutil,SUT,Force India,Collision,0,,,
882,821,15,17,22,0.0,4,4,2013,3,Chinese Grand Prix,2013-04-14,Esteban,Gutiérrez,GUT,Sauber,Collision,0,,,
883,20,9,2,1,25.0,57,1,2013,4,Bahrain Grand Prix,2013-04-21,Sebastian,Vettel,VET,Red Bull,Finished,3,64856.0,21618.666666666668,10.0
883,8,208,8,2,18.0,57,1,2013,4,Bahrain Grand Prix,2013-04-21,Kimi,Räikkönen,RAI,Lotus F1,Finished,2,44438.0,22219.0,16.0
883,154,208,11,3,15.0,57,1,2013,4,Bahrain Grand Prix,2013-04-21,Romain,Grosjean,GRO,Lotus F1,Finished,3,67769.0,22589.666666666668,8.0
883,814,10,5,4,12.0,57,1,2013,4,Bahrain Grand Prix,2013-04-21,Paul,di Resta,DIR,Force India,Finished,2,44484.0,22242.0,14.0
883,1,131,9,5,10.0,57,1,2013,4,Bahrain Grand Prix,2013-04-21,Lewis,Hamilton,HAM,Mercedes,Finished,3,65116.0,21705.333333333332,10.0
883,815,1,12,6,8.0,57,1,2013,4,Bahrain Grand Prix,2013-04-21,Sergio,Pérez,PER,McLaren,Finished,3,63951.0,21317.0,10.0
883,17,9,7,7,6.0,57,1,2013,4,Bahrain Grand Prix,2013-04-21,Mark,Webber,WEB,Red Bull,Finished,3,64050.0,21350.0,8.0
883,4,6,3,8,4.0,57,1,2013,4,Bahrain Grand Prix,2013-04-21,Fernando,Alonso,ALO,Ferrari,Finished,4,86803.0,21700.75,7.0
883,3,131,1,9,2.0,57,1,2013,4,Bahrain Grand Prix,2013-04-21,Nico,Rosberg,ROS,Mercedes,Finished,4,86018.0,21504.5,9.0
883,18,1,10,10,1.0,57,1,2013,4,Bahrain Grand Prix,2013-04-21,Jenson,Button,BUT,McLaren,Finished,4,87913.0,21978.25,9.0
883,813,3,17,11,0.0,57,1,2013,4,Bahrain Grand Prix,2013-04-21,Pastor,Maldonado,MAL,Williams,Finished,3,67459.0,22486.333333333332,10.0
883,807,15,14,12,0.0,57,1,2013,4,Bahrain Grand Prix,2013-04-21,Nico,Hülkenberg,HUL,Sauber,Finished,3,66870.0,22290.0,12.0
883,16,10,6,13,0.0,57,1,2013,4,Bahrain Grand Prix,2013-04-21,Adrian,Sutil,SUT,Force India,Finished,3,71040.0,23680.0,1.0
883,822,3,15,14,0.0,57,1,2013,4,Bahrain Grand Prix,2013-04-21,Valtteri,Bottas,BOT,Williams,Finished,3,74974.0,24991.333333333332,13.0
883,13,6,4,15,0.0,57,1,2013,4,Bahrain Grand Prix,2013-04-21,Felipe,Massa,MAS,Ferrari,Finished,4,92713.0,23178.25,10.0
883,817,5,13,16,0.0,56,11,2013,4,Bahrain Grand Prix,2013-04-21,Daniel,Ricciardo,RIC,Toro Rosso,+1 Lap,3,67180.0,22393.333333333332,9.0
883,819,207,18,17,0.0,56,11,2013,4,Bahrain Grand Prix,2013-04-21,Charles,Pic,PIC,Caterham,+1 Lap,3,68751.0,22917.0,11.0
883,821,15,22,18,0.0,56,11,2013,4,Bahrain Grand Prix,2013-04-21,Esteban,Gutiérrez,GUT,Sauber,+1 Lap,4,94783.0,23695.75,1.0
883,824,206,19,19,0.0,56,11,2013,4,Bahrain Grand Prix,2013-04-21,Jules,Bianchi,BIA,Marussia,+1 Lap,4,94400.0,23600.0,9.0
883,820,206,21,20,0.0,56,11,2013,4,Bahrain Grand Prix,2013-04-21,Max,Chilton,CHI,Marussia,+1 Lap,4,95442.0,23860.5,10.0
883,823,207,20,21,0.0,55,12,2013,4,Bahrain Grand Prix,2013-04-21,Giedo,van der Garde,VDG,Caterham,+2 Laps,5,119301.0,23860.2,2.0
883,818,5,16,22,0.0,16,29,2013,4,Bahrain Grand Prix,2013-04-21,Jean-Éric,Vergne,VER,Toro Rosso,Puncture,1,41485.0,41485.0,2.0
884,4,6,5,1,25.0,66,1,2013,5,Spanish Grand Prix,2013-05-12,Fernando,Alonso,ALO,Ferrari,Finished,4,76851.0,19212.75,9.0
884,8,208,4,2,18.0,66,1,2013,5,Spanish Grand Prix,2013-05-12,Kimi,Räikkönen,RAI,Lotus F1,Finished,3,59905.0,19968.333333333332,10.0
884,13,6,9,3,15.0,66,1,2013,5,Spanish Grand Prix,2013-05-12,Felipe,Massa,MAS,Ferrari,Finished,4,77190.0,19297.5,8.0
884,20,9,3,4,12.0,66,1,2013,5,Spanish Grand Prix,2013-05-12,Sebastian,Vettel,VET,Red Bull,Finished,4,75559.0,18889.75,10.0
884,17,9,7,5,10.0,66,1,2013,5,Spanish Grand Prix,2013-05-12,Mark,Webber,WEB,Red Bull,Finished,4,76920.0,19230.0,7.0
884,3,131,1,6,8.0,66,1,2013,5,Spanish Grand Prix,2013-05-12,Nico,Rosberg,ROS,Mercedes,Finished,3,58798.0,19599.333333333332,10.0
884,814,10,10,7,6.0,66,1,2013,5,Spanish Grand Prix,2013-05-12,Paul,di Resta,DIR,Force India,Finished,4,79710.0,19927.5,9.0
884,18,1,14,8,4.0,66,1,2013,5,Spanish Grand Prix,2013-05-12,Jenson,Button,BUT,McLaren,Finished,3,57296.0,19098.666666666668,11.0
884,815,1,8,9,2.0,66,1,2013,5,Spanish Grand Prix,2013-05-12,Sergio,Pérez,PER,McLaren,Finished,4,79687.0,19921.75,10.0
884,817,5,11,10,1.0,65,11,2013,5,Spanish Grand Prix,2013-05-12,Daniel,Ricciardo,RIC,Toro Rosso,+1 Lap,4,79250.0,19812.5,10.0
884,821,15,19,11,0.0,65,11,2013,5,Spanish Grand Prix,2013-05-12,Esteban,Gutiérrez,GUT,Sauber,+1 Lap,4,81538.0,20384.5,13.0
884,1,131,2,12,0.0,65,11,2013,5,Spanish Grand Prix,2013-05-12,Lewis,Hamilton,HAM,Mercedes,+1 Lap,4,81307.0,20326.75,9.0
884,16,10,13,13,0.0,65,11,2013,5,Spanish Grand Prix,2013-05-12,Adrian,Sutil,SUT,Force India,+1 Lap,4,136854.0,34213.5,8.0
884,813,3,17,14,0.0,65,11,2013,5,Spanish Grand Prix,2013-05-12,Pastor,Maldonado,MAL,Williams,+1 Lap,5,97133.0,19426.6,8.0
884,807,15,15,15,0.0,65,11,2013,5,Spanish Grand Prix,2013-05-12,Nico,Hülkenberg,HUL,Sauber,+1 Lap,6,135005.0,22500.833333333332,8.0
884,822,3,16,16,0.0,65,11,2013,5,Spanish Grand Prix,2013-05-12,Valtteri,Bottas,BOT,Williams,+1 Lap,3,61612.0,20537.333333333332,9.0
884,819,207,22,17,0.0,65,11,2013,5,Spanish Grand Prix,2013-05-12,Charles,Pic,PIC,Caterham,+1 Lap,3,62806.0,20935.333333333332,8.0
884,824,206,20,18,0.0,64,12,2013,5,Spanish Grand Prix,2013-05-12,Jules,Bianchi,BIA,Marussia,+2 Laps,4,90384.0,22596.0,2.0
884,820,206,21,19,0.0,64,12,2013,5,Spanish Grand Prix,2013-05-12,Max,Chilton,CHI,Marussia,+2 Laps,3,68216.0,22738.666666666668,15.0
884,818,5,12,20,0.0,52,3,2013,5,Spanish Grand Prix,2013-05-12,Jean-Éric,Vergne,VER,Toro Rosso,Accident,4,95545.0,23886.25,9.0
884,823,207,18,21,0.0,21,36,2013,5,Spanish Grand Prix,2013-05-12,Giedo,van der Garde,VDG,Caterham,Wheel,2,43715.0,21857.5,9.0
884,154,208,6,22,0.0,8,22,2013,5,Spanish Grand Prix,2013-05-12,Romain,Grosjean,GRO,Lotus F1,Suspension,0,,,
885,3,131,1,1,25.0,78,1,2013,6,Monaco Grand Prix,2013-05-26,Nico,Rosberg,ROS,Mercedes,Finished,1,25200.0,25200.0,31.0
885,20,9,3,2,18.0,78,1,2013,6,Monaco Grand Prix,2013-05-26,Sebastian,Vettel,VET,Red Bull,Finished,1,24375.0,24375.0,30.0
885,17,9,4,3,15.0,78,1,2013,6,Monaco Grand Prix,2013-05-26,Mark,Webber,WEB,Red Bull,Finished,1,24316.0,24316.0,25.0
885,1,131,2,4,12.0,78,1,2013,6,Monaco Grand Prix,2013-05-26,Lewis,Hamilton,HAM,Mercedes,Finished,1,24801.0,24801.0,31.0
885,16,10,8,5,10.0,78,1,2013,6,Monaco Grand Prix,2013-05-26,Adrian,Sutil,SUT,Force India,Finished,1,25274.0,25274.0,30.0
885,18,1,9,6,8.0,78,1,2013,6,Monaco Grand Prix,2013-05-26,Jenson,Button,BUT,McLaren,Finished,1,24585.0,24585.0,26.0
885,4,6,6,7,6.0,78,1,2013,6,Monaco Grand Prix,2013-05-26,Fernando,Alonso,ALO,Ferrari,Finished,1,24489.0,24489.0,28.0
885,818,5,10,8,4.0,78,1,2013,6,Monaco Grand Prix,2013-05-26,Jean-Éric,Vergne,VER,Toro Rosso,Finished,1,24827.0,24827.0,29.0
885,814,10,17,9,2.0,78,1,2013,6,Monaco Grand Prix,2013-05-26,Paul,di Resta,DIR,Force India,Finished,1,25643.0,25643.0,9.0
885,8,208,5,10,1.0,78,1,2013,6,Monaco Grand Prix,2013-05-26,Kimi,Räikkönen,RAI,Lotus F1,Finished,2,49545.0,24772.5,26.0
885,807,15,11,11,0.0,78,1,2013,6,Monaco Grand Prix,2013-05-26,Nico,Hülkenberg,HUL,Sauber,Finished,1,24974.0,24974.0,27.0
885,822,3,14,12,0.0,78,1,2013,6,Monaco Grand Prix,2013-05-26,Valtteri,Bottas,BOT,Williams,Finished,1,29063.0,29063.0,30.0
885,821,15,19,13,0.0,78,1,2013,6,Monaco Grand Prix,2013-05-26,Esteban,Gutiérrez,GUT,Sauber,Finished,2,51290.0,25645.0,28.0
885,820,206,22,14,0.0,78,1,2013,6,Monaco Grand Prix,2013-05-26,Max,Chilton,CHI,Marussia,Finished,3,71088.0,23696.0,23.0
885,823,207,15,15,0.0,78,1,2013,6,Monaco Grand Prix,2013-05-26,Giedo,van der Garde,VDG,Caterham,Finished,3,86638.0,28879.333333333332,1.0
885,815,1,7,16,0.0,72,22,2013,6,Monaco Grand Prix,2013-05-26,Sergio,Pérez,PER,McLaren,Suspension,1,24672.0,24672.0,29.0
885,154,208,13,17,0.0,63,4,2013,6,Monaco Grand Prix,2013-05-26,Romain,Grosjean,GRO,Lotus F1,Collision,2,64545.0,32272.5,30.0
885,817,5,12,18,0.0,61,4,2013,6,Monaco Grand Prix,2013-05-26,Daniel,Ricciardo,RIC,Toro Rosso,Collision,1,25225.0,25225.0,22.0
885,824,206,20,19,0.0,58,23,2013,6,Monaco Grand Prix,2013-05-26,Jules,Bianchi,BIA,Marussia,Brakes,2,50313.0,25156.5,22.0
885,813,3,16,20,0.0,44,4,2013,6,Monaco Grand Prix,2013-05-26,Pastor,Maldonado,MAL,Williams,Collision,2,66653.0,33326.5,1.0
885,13,6,21,21,0.0,28,3,2013,6,Monaco Grand Prix,2013-05-26,Felipe,Massa,MAS,Ferrari,Accident,1,25331.0,25331.0,26.0
885,819,207,18,22,0.0,7,6,2013,6,Monaco Grand Prix,2013-05-26,Charles,Pic,PIC,Caterham,Gearbox,0,,,
886,20,9,1,1,25.0,70,1,2013,7,Canadian Grand Prix,2013-06-09,Sebastian,Vettel,VET,Red Bull,Finished,2,41733.0,20866.5,16.0
886,4,6,6,2,18.0,70,1,2013,7,Canadian Grand Prix,2013-06-09,Fernando,Alonso,ALO,Ferrari,Finished,2,41148.0,20574.0,16.0
886,1,131,2,3,15.0,70,1,2013,7,Canadian Grand Prix,2013-06-09,Lewis,Hamilton,HAM,Mercedes,Finished,2,41535.0,20767.5,19.0
886,17,9,5,4,12.0,70,1,2013,7,Canadian Grand Prix,2013-06-09,Mark,Webber,WEB,Red Bull,Finished,2,43425.0,21712.5,13.0
886,3,131,4,5,10.0,70,1,2013,7,Canadian Grand Prix,2013-06-09,Nico,Rosberg,ROS,Mercedes,Finished,3,63416.0,21138.666666666668,14.0
886,818,5,7,6,8.0,69,11,2013,7,Canadian Grand Prix,2013-06-09,Jean-Éric,Vergne,VER,Toro Rosso,+1 Lap,2,42639.0,21319.5,13.0
886,814,10,17,7,6.0,69,11,2013,7,Canadian Grand Prix,2013-06-09,Paul,di Resta,DIR,Force India,+1 Lap,1,21066.0,21066.0,56.0
886,13,6,16,8,4.0,69,11,2013,7,Canadian Grand Prix,2013-06-09,Felipe,Massa,MAS,Ferrari,+1 Lap,2,40845.0,20422.5,17.0
886,8,208,10,9,2.0,69,11,2013,7,Canadian Grand Prix,2013-06-09,Kimi,Räikkönen,RAI,Lotus F1,+1 Lap,1,25182.0,25182.0,22.0
886,16,10,8,10,1.0,69,11,2013,7,Canadian Grand Prix,2013-06-09,Adrian,Sutil,SUT,Force India,+1 Lap,3,58278.0,19426.0,9.0
886,815,1,12,11,0.0,69,11,2013,7,Canadian Grand Prix,2013-06-09,Sergio,Pérez,PER,McLaren,+1 Lap,2,41232.0,20616.0,13.0
886,18,1,14,12,0.0,69,11,2013,7,Canadian Grand Prix,2013-06-09,Jenson,Button,BUT,McLaren,+1 Lap,1,20212.0,20212.0,27.0
886,154,208,22,13,0.0,69,11,2013,7,Canadian Grand Prix,2013-06-09,Romain,Grosjean,GRO,Lotus F1,+1 Lap,2,42433.0,21216.5,42.0
886,822,3,3,14,0.0,69,11,2013,7,Canadian Grand Prix,2013-06-09,Valtteri,Bottas,BOT,Williams,+1 Lap,2,46660.0,23330.0,14.0
886,817,5,11,15,0.0,68,12,2013,7,Canadian Grand Prix,2013-06-09,Daniel,Ricciardo,RIC,Toro Rosso,+2 Laps,2,42538.0,21269.0,12.0
886,813,3,13,16,0.0,68,12,2013,7,Canadian Grand Prix,2013-06-09,Pastor,Maldonado,MAL,Williams,+2 Laps,3,60640.0,20213.333333333332,12.0
886,824,206,19,17,0.0,68,12,2013,7,Canadian Grand Prix,2013-06-09,Jules,Bianchi,BIA,Marussia,+2 Laps,1,21378.0,21378.0,41.0
886,819,207,18,18,0.0,67,13,2013,7,Canadian Grand Prix,2013-06-09,Charles,Pic,PIC,Caterham,+3 Laps,2,44217.0,22108.5,11.0
886,820,206,20,19,0.0,67,13,2013,7,Canadian Grand Prix,2013-06-09,Max,Chilton,CHI,Marussia,+3 Laps,1,21374.0,21374.0,38.0
886,821,15,15,20,0.0,63,3,2013,7,Canadian Grand Prix,2013-06-09,Esteban,Gutiérrez,GUT,Sauber,Accident,2,43541.0,21770.5,21.0
886,807,15,9,21,0.0,45,4,2013,7,Canadian Grand Prix,2013-06-09,Nico,Hülkenberg,HUL,Sauber,Collision,2,42637.0,21318.5,12.0
886,823,207,21,22,0.0,43,4,2013,7,Canadian Grand Prix,2013-06-09,Giedo,van der Garde,VDG,Caterham,Collision,4,97928.0,24482.0,8.0
887,3,131,2,1,25.0,52,1,2013,8,British Grand Prix,2013-06-30,Nico,Rosberg,ROS,Mercedes,Finished,3,75319.0,25106.333333333332,12.0
887,17,9,4,2,18.0,52,1,2013,8,British Grand Prix,2013-06-30,Mark,Webber,WEB,Red Bull,Finished,3,80702.0,26900.666666666668,10.0
887,4,6,9,3,15.0,52,1,2013,8,British Grand Prix,2013-06-30,Fernando,Alonso,ALO,Ferrari,Finished,3,74379.0,24793.0,10.0
887,1,131,1,4,12.0,52,1,2013,8,British Grand Prix,2013-06-30,Lewis,Hamilton,HAM,Mercedes,Finished,2,53661.0,26830.5,8.0
887,8,208,8,5,10.0,52,1,2013,8,British Grand Prix,2013-06-30,Kimi,Räikkönen,RAI,Lotus F1,Finished,2,49420.0,24710.0,11.0
887,13,6,11,6,8.0,52,1,2013,8,British Grand Prix,2013-06-30,Felipe,Massa,MAS,Ferrari,Finished,4,109162.0,27290.5,10.0
887,16,10,6,7,6.0,52,1,2013,8,British Grand Prix,2013-06-30,Adrian,Sutil,SUT,Force India,Finished,2,49965.0,24982.5,12.0
887,817,5,5,8,4.0,52,1,2013,8,British Grand Prix,2013-06-30,Daniel,Ricciardo,RIC,Toro Rosso,Finished,2,55675.0,27837.5,11.0
887,814,10,21,9,2.0,52,1,2013,8,British Grand Prix,2013-06-30,Paul,di Resta,DIR,Force India,Finished,3,83504.0,27834.666666666668,9.0
887,807,15,14,10,1.0,52,1,2013,8,British Grand Prix,2013-06-30,Nico,Hülkenberg,HUL,Sauber,Finished,3,80803.0,26934.333333333332,12.0
887,813,3,15,11,0.0,52,1,2013,8,British Grand Prix,2013-06-30,Pastor,Maldonado,MAL,Williams,Finished,2,50519.0,25259.5,15.0
887,822,3,16,12,0.0,52,1,2013,8,British Grand Prix,2013-06-30,Valtteri,Bottas,BOT,Williams,Finished,2,62082.0,31041.0,15.0
887,18,1,10,13,0.0,52,1,2013,8,British Grand Prix,2013-06-30,Jenson,Button,BUT,McLaren,Finished,2,49102.0,24551.0,11.0
887,821,15,17,14,0.0,52,1,2013,8,British Grand Prix,2013-06-30,Esteban,Gutiérrez,GUT,Sauber,Finished,4,108394.0,27098.5,10.0
887,819,207,18,15,0.0,52,1,2013,8,British Grand Prix,2013-06-30,Charles,Pic,PIC,Caterham,Finished,2,52562.0,26281.0,15.0
887,824,206,19,16,0.0,52,1,2013,8,British Grand Prix,2013-06-30,Jules,Bianchi,BIA,Marussia,Finished,2,51656.0,25828.0,11.0
887,820,206,20,17,0.0,52,1,2013,8,British Grand Prix,2013-06-30,Max,Chilton,CHI,Marussia,Finished,2,51732.0,25866.0,12.0
887,823,207,22,18,0.0,52,1,2013,8,British Grand Prix,2013-06-30,Giedo,van der Garde,VDG,Caterham,Finished,3,78720.0,26240.0,10.0
887,154,208,7,19,0.0,51,31,2013,8,British Grand Prix,2013-06-30,Romain,Grosjean,GRO,Lotus F1,Retired,3,75387.0,25129.0,9.0
887,815,1,13,20,0.0,46,36,2013,8,British Grand Prix,2013-06-30,Sergio,Pérez,PER,McLaren,Wheel,2,49624.0,24812.0,13.0
887,20,9,3,21,0.0,41,6,2013,8,British Grand Prix,2013-06-30,Sebastian,Vettel,VET,Red Bull,Gearbox,2,48251.0,24125.5,13.0
887,818,5,12,22,0.0,35,27,2013,8,British Grand Prix,2013-06-30,Jean-Éric,Vergne,VER,Toro Rosso,Tyre,2,55735.0,27867.5,14.0
888,20,9,2,1,25.0,60,1,2013,9,German Grand Prix,2013-07-07,Sebastian,Vettel,VET,Red Bull,Finished,3,58136.0,19378.666666666668,7.0
888,8,208,4,2,18.0,60,1,2013,9,German Grand Prix,2013-07-07,Kimi,Räikkönen,RAI,Lotus F1,Finished,3,59296.0,19765.333333333332,8.0
888,154,208,5,3,15.0,60,1,2013,9,German Grand Prix,2013-07-07,Romain,Grosjean,GRO,Lotus F1,Finished,3,59871.0,19957.0,13.0
888,4,6,8,4,12.0,60,1,2013,9,German Grand Prix,2013-07-07,Fernando,Alonso,ALO,Ferrari,Finished,3,59214.0,19738.0,12.0
888,1,131,1,5,10.0,60,1,2013,9,German Grand Prix,2013-07-07,Lewis,Hamilton,HAM,Mercedes,Finished,3,58124.0,19374.666666666668,6.0
888,18,1,9,6,8.0,60,1,2013,9,German Grand Prix,2013-07-07,Jenson,Button,BUT,McLaren,Finished,2,40504.0,20252.0,21.0
888,17,9,3,7,6.0,60,1,2013,9,German Grand Prix,2013-07-07,Mark,Webber,WEB,Red Bull,Finished,3,201954.0,67318.0,8.0
888,815,1,13,8,4.0,60,1,2013,9,German Grand Prix,2013-07-07,Sergio,Pérez,PER,McLaren,Finished,2,40865.0,20432.5,7.0
888,3,131,11,9,2.0,60,1,2013,9,German Grand Prix,2013-07-07,Nico,Rosberg,ROS,Mercedes,Finished,3,61581.0,20527.0,16.0
888,807,15,10,10,1.0,60,1,2013,9,German Grand Prix,2013-07-07,Nico,Hülkenberg,HUL,Sauber,Finished,3,62147.0,20715.666666666668,17.0
888,814,10,12,11,0.0,60,1,2013,9,German Grand Prix,2013-07-07,Paul,di Resta,DIR,Force India,Finished,2,42030.0,21015.0,4.0
888,817,5,6,12,0.0,60,1,2013,9,German Grand Prix,2013-07-07,Daniel,Ricciardo,RIC,Toro Rosso,Finished,3,59994.0,19998.0,5.0
888,16,10,15,13,0.0,60,1,2013,9,German Grand Prix,2013-07-07,Adrian,Sutil,SUT,Force India,Finished,3,61913.0,20637.666666666668,5.0
888,821,15,14,14,0.0,60,1,2013,9,German Grand Prix,2013-07-07,Esteban,Gutiérrez,GUT,Sauber,Finished,3,60845.0,20281.666666666668,6.0
888,813,3,18,15,0.0,60,1,2013,9,German Grand Prix,2013-07-07,Pastor,Maldonado,MAL,Williams,Finished,2,56527.0,28263.5,21.0
888,822,3,17,16,0.0,59,11,2013,9,German Grand Prix,2013-07-07,Valtteri,Bottas,BOT,Williams,+1 Lap,2,79491.0,39745.5,22.0
888,819,207,22,17,0.0,59,11,2013,9,German Grand Prix,2013-07-07,Charles,Pic,PIC,Caterham,+1 Lap,3,67073.0,22357.666666666668,4.0
888,823,207,20,18,0.0,59,11,2013,9,German Grand Prix,2013-07-07,Giedo,van der Garde,VDG,Caterham,+1 Lap,3,63419.0,21139.666666666668,5.0
888,820,206,21,19,0.0,59,11,2013,9,German Grand Prix,2013-07-07,Max,Chilton,CHI,Marussia,+1 Lap,4,82679.0,20669.75,8.0
888,818,5,16,20,0.0,22,9,2013,9,German Grand Prix,2013-07-07,Jean-Éric,Vergne,VER,Toro Rosso,Hydraulics,1,23147.0,23147.0,4.0
888,824,206,19,21,0.0,21,5,2013,9,German Grand Prix,2013-07-07,Jules,Bianchi,BIA,Marussia,Engine,2,41211.0,20605.5,5.0
888,13,6,7,22,0.0,3,20,2013,9,German Grand Prix,2013-07-07,Felipe,Massa,MAS,Ferrari,Spun off,0,,,
890,1,131,1,1,25.0,70,1,2013,10,Hungarian Grand Prix,2013-07-28,Lewis,Hamilton,HAM,Mercedes,Finished,3,65430.0,21810.0,9.0
890,8,208,6,2,18.0,70,1,2013,10,Hungarian Grand Prix,2013-07-28,Kimi,Räikkönen,RAI,Lotus F1,Finished,2,43804.0,21902.0,13.0
890,20,9,2,3,15.0,70,1,2013,10,Hungarian Grand Prix,2013-07-28,Sebastian,Vettel,VET,Red Bull,Finished,3,64872.0,21624.0,11.0
890,17,9,10,4,12.0,70,1,2013,10,Hungarian Grand Prix,2013-07-28,Mark,Webber,WEB,Red Bull,Finished,3,66133.0,22044.333333333332,23.0
890,4,6,5,5,10.0,70,1,2013,10,Hungarian Grand Prix,2013-07-28,Fernando,Alonso,ALO,Ferrari,Finished,3,65601.0,21867.0,12.0
890,154,208,3,6,8.0,70,1,2013,10,Hungarian Grand Prix,2013-07-28,Romain,Grosjean,GRO,Lotus F1,Finished,4,83225.0,20806.25,13.0
890,18,1,13,7,6.0,70,1,2013,10,Hungarian Grand Prix,2013-07-28,Jenson,Button,BUT,McLaren,Finished,2,44603.0,22301.5,24.0
890,13,6,7,8,4.0,70,1,2013,10,Hungarian Grand Prix,2013-07-28,Felipe,Massa,MAS,Ferrari,Finished,3,66377.0,22125.666666666668,11.0
890,815,1,9,9,2.0,69,11,2013,10,Hungarian Grand Prix,2013-07-28,Sergio,Pérez,PER,McLaren,+1 Lap,2,45045.0,22522.5,23.0
890,813,3,15,10,1.0,69,11,2013,10,Hungarian Grand Prix,2013-07-28,Pastor,Maldonado,MAL,Williams,+1 Lap,3,68779.0,22926.333333333332,9.0
890,807,15,12,11,0.0,69,11,2013,10,Hungarian Grand Prix,2013-07-28,Nico,Hülkenberg,HUL,Sauber,+1 Lap,3,61421.0,20473.666666666668,11.0
890,818,5,14,12,0.0,69,11,2013,10,Hungarian Grand Prix,2013-07-28,Jean-Éric,Vergne,VER,Toro Rosso,+1 Lap,3,68783.0,22927.666666666668,8.0
890,817,5,8,13,0.0,69,11,2013,10,Hungarian Grand Prix,2013-07-28,Daniel,Ricciardo,RIC,Toro Rosso,+1 Lap,2,46029.0,23014.5,10.0
890,823,207,20,14,0.0,68,12,2013,10,Hungarian Grand Prix,2013-07-28,Giedo,van der Garde,VDG,Caterham,+2 Laps,3,68415.0,22805.0,8.0
890,819,207,19,15,0.0,68,12,2013,10,Hungarian Grand Prix,2013-07-28,Charles,Pic,PIC,Caterham,+2 Laps,2,44915.0,22457.5,13.0
890,824,206,21,16,0.0,67,13,2013,10,Hungarian Grand Prix,2013-07-28,Jules,Bianchi,BIA,Marussia,+3 Laps,3,67410.0,22470.0,20.0
890,820,206,22,17,0.0,67,13,2013,10,Hungarian Grand Prix,2013-07-28,Max,Chilton,CHI,Marussia,+3 Laps,3,67881.0,22627.0,21.0
890,814,10,18,18,0.0,66,9,2013,10,Hungarian Grand Prix,2013-07-28,Paul,di Resta,DIR,Force India,Hydraulics,3,68504.0,22834.666666666668,9.0
890,3,131,4,19,0.0,64,5,2013,10,Hungarian Grand Prix,2013-07-28,Nico,Rosberg,ROS,Mercedes,Engine,3,66497.0,22165.666666666668,10.0
890,822,3,16,20,0.0,42,9,2013,10,Hungarian Grand Prix,2013-07-28,Valtteri,Bottas,BOT,Williams,Hydraulics,2,44635.0,22317.5,10.0
890,821,15,17,21,0.0,28,7,2013,10,Hungarian Grand Prix,2013-07-28,Esteban,Gutiérrez,GUT,Sauber,Transmission,1,22425.0,22425.0,23.0
890,16,10,11,22,0.0,19,9,2013,10,Hungarian Grand Prix,2013-07-28,Adrian,Sutil,SUT,Force India,Hydraulics,0,,,
891,20,9,2,1,25.0,44,1,2013,11,Belgian Grand Prix,2013-08-25,Sebastian,Vettel,VET,Red Bull,Finished,2,45569.0,22784.5,14.0
891,4,6,9,2,18.0,44,1,2013,11,Belgian Grand Prix,2013-08-25,Fernando,Alonso,ALO,Ferrari,Finished,2,45075.0,22537.5,13.0
891,1,131,1,3,15.0,44,1,2013,11,Belgian Grand Prix,2013-08-25,Lewis,Hamilton,HAM,Mercedes,Finished,2,46079.0,23039.5,11.0
891,3,131,4,4,12.0,44,1,2013,11,Belgian Grand Prix,2013-08-25,Nico,Rosberg,ROS,Mercedes,Finished,2,46616.0,23308.0,12.0
891,17,9,3,5,10.0,44,1,2013,11,Belgian Grand Prix,2013-08-25,Mark,Webber,WEB,Red Bull,Finished,2,46481.0,23240.5,13.0
891,18,1,6,6,8.0,44,1,2013,11,Belgian Grand Prix,2013-08-25,Jenson,Button,BUT,McLaren,Finished,2,45782.0,22891.0,17.0
891,13,6,10,7,6.0,44,1,2013,11,Belgian Grand Prix,2013-08-25,Felipe,Massa,MAS,Ferrari,Finished,2,45506.0,22753.0,9.0
891,154,208,7,8,4.0,44,1,2013,11,Belgian Grand Prix,2013-08-25,Romain,Grosjean,GRO,Lotus F1,Finished,1,23445.0,23445.0,22.0
891,16,10,12,9,2.0,44,1,2013,11,Belgian Grand Prix,2013-08-25,Adrian,Sutil,SUT,Force India,Finished,2,46982.0,23491.0,11.0
891,817,5,19,10,1.0,44,1,2013,11,Belgian Grand Prix,2013-08-25,Daniel,Ricciardo,RIC,Toro Rosso,Finished,2,46015.0,23007.5,16.0
891,815,1,13,11,0.0,44,1,2013,11,Belgian Grand Prix,2013-08-25,Sergio,Pérez,PER,McLaren,Finished,2,39975.0,19987.5,13.0
891,818,5,18,12,0.0,44,1,2013,11,Belgian Grand Prix,2013-08-25,Jean-Éric,Vergne,VER,Toro Rosso,Finished,2,48609.0,24304.5,10.0
891,807,15,11,13,0.0,44,1,2013,11,Belgian Grand Prix,2013-08-25,Nico,Hülkenberg,HUL,Sauber,Finished,2,47553.0,23776.5,9.0
891,821,15,21,14,0.0,44,1,2013,11,Belgian Grand Prix,2013-08-25,Esteban,Gutiérrez,GUT,Sauber,Finished,3,62906.0,20968.666666666668,19.0
891,822,3,20,15,0.0,44,1,2013,11,Belgian Grand Prix,2013-08-25,Valtteri,Bottas,BOT,Williams,Finished,2,46951.0,23475.5,14.0
891,823,207,14,16,0.0,43,11,2013,11,Belgian Grand Prix,2013-08-25,Giedo,van der Garde,VDG,Caterham,+1 Lap,2,48966.0,24483.0,15.0
891,813,3,17,17,0.0,43,11,2013,11,Belgian Grand Prix,2013-08-25,Pastor,Maldonado,MAL,Williams,+1 Lap,3,93181.0,31060.333333333332,11.0
891,824,206,15,18,0.0,43,11,2013,11,Belgian Grand Prix,2013-08-25,Jules,Bianchi,BIA,Marussia,+1 Lap,2,48044.0,24022.0,14.0
891,820,206,16,19,0.0,42,12,2013,11,Belgian Grand Prix,2013-08-25,Max,Chilton,CHI,Marussia,+2 Laps,3,65356.0,21785.333333333332,15.0
891,814,10,5,20,0.0,26,4,2013,11,Belgian Grand Prix,2013-08-25,Paul,di Resta,DIR,Force India,Collision,2,47015.0,23507.5,10.0
891,8,208,8,21,0.0,25,23,2013,11,Belgian Grand Prix,2013-08-25,Kimi,Räikkönen,RAI,Lotus F1,Brakes,1,23744.0,23744.0,14.0
891,819,207,22,22,0.0,8,44,2013,11,Belgian Grand Prix,2013-08-25,Charles,Pic,PIC,Caterham,Oil leak,0,,,
892,20,9,1,1,25.0,53,1,2013,12,Italian Grand Prix,2013-09-08,Sebastian,Vettel,VET,Red Bull,Finished,1,24305.0,24305.0,23.0
892,4,6,5,2,18.0,53,1,2013,12,Italian Grand Prix,2013-09-08,Fernando,Alonso,ALO,Ferrari,Finished,1,24208.0,24208.0,27.0
892,17,9,2,3,15.0,53,1,2013,12,Italian Grand Prix,2013-09-08,Mark,Webber,WEB,Red Bull,Finished,1,24205.0,24205.0,23.0
892,13,6,4,4,12.0,53,1,2013,12,Italian Grand Prix,2013-09-08,Felipe,Massa,MAS,Ferrari,Finished,1,24692.0,24692.0,24.0
892,807,15,3,5,10.0,53,1,2013,12,Italian Grand Prix,2013-09-08,Nico,Hülkenberg,HUL,Sauber,Finished,1,25633.0,25633.0,24.0
892,3,131,6,6,8.0,53,1,2013,12,Italian Grand Prix,2013-09-08,Nico,Rosberg,ROS,Mercedes,Finished,1,24079.0,24079.0,26.0
892,817,5,7,7,6.0,53,1,2013,12,Italian Grand Prix,2013-09-08,Daniel,Ricciardo,RIC,Toro Rosso,Finished,1,24319.0,24319.0,22.0
892,154,208,13,8,4.0,53,1,2013,12,Italian Grand Prix,2013-09-08,Romain,Grosjean,GRO,Lotus F1,Finished,1,27040.0,27040.0,20.0
892,1,131,12,9,2.0,53,1,2013,12,Italian Grand Prix,2013-09-08,Lewis,Hamilton,HAM,Mercedes,Finished,2,48775.0,24387.5,13.0
892,18,1,9,10,1.0,53,1,2013,12,Italian Grand Prix,2013-09-08,Jenson,Button,BUT,McLaren,Finished,1,24450.0,24450.0,21.0
892,8,208,11,11,0.0,53,1,2013,12,Italian Grand Prix,2013-09-08,Kimi,Räikkönen,RAI,Lotus F1,Finished,2,55739.0,27869.5,1.0
892,815,1,8,12,0.0,53,1,2013,12,Italian Grand Prix,2013-09-08,Sergio,Pérez,PER,McLaren,Finished,1,25933.0,25933.0,22.0
892,821,15,16,13,0.0,53,1,2013,12,Italian Grand Prix,2013-09-08,Esteban,Gutiérrez,GUT,Sauber,Finished,1,24668.0,24668.0,27.0
892,813,3,14,14,0.0,53,1,2013,12,Italian Grand Prix,2013-09-08,Pastor,Maldonado,MAL,Williams,Finished,1,25397.0,25397.0,24.0
892,822,3,18,15,0.0,53,1,2013,12,Italian Grand Prix,2013-09-08,Valtteri,Bottas,BOT,Williams,Finished,1,24665.0,24665.0,25.0
892,16,10,17,16,0.0,52,11,2013,12,Italian Grand Prix,2013-09-08,Adrian,Sutil,SUT,Force India,+1 Lap,1,26873.0,26873.0,24.0
892,819,207,20,17,0.0,52,11,2013,12,Italian Grand Prix,2013-09-08,Charles,Pic,PIC,Caterham,+1 Lap,2,51932.0,25966.0,17.0
892,823,207,19,18,0.0,52,11,2013,12,Italian Grand Prix,2013-09-08,Giedo,van der Garde,VDG,Caterham,+1 Lap,2,59502.0,29751.0,18.0
892,824,206,21,19,0.0,52,11,2013,12,Italian Grand Prix,2013-09-08,Jules,Bianchi,BIA,Marussia,+1 Lap,1,25541.0,25541.0,22.0
892,820,206,22,20,0.0,52,11,2013,12,Italian Grand Prix,2013-09-08,Max,Chilton,CHI,Marussia,+1 Lap,1,26146.0,26146.0,23.0
892,818,5,10,21,0.0,14,7,2013,12,Italian Grand Prix,2013-09-08,Jean-Éric,Vergne,VER,Toro Rosso,Transmission,0,,,
892,814,10,15,22,0.0,0,3,2013,12,Italian Grand Prix,2013-09-08,Paul,di Resta,DIR,Force India,Accident,0,,,
893,20,9,1,1,25.0,61,1,2013,13,Singapore Grand Prix,2013-09-22,Sebastian,Vettel,VET,Red Bull,Finished,2,57721.0,28860.5,17.0
893,4,6,7,2,18.0,61,1,2013,13,Singapore Grand Prix,2013-09-22,Fernando,Alonso,ALO,Ferrari,Finished,2,58612.0,29306.0,14.0
893,8,208,13,3,15.0,61,1,2013,13,Singapore Grand Prix,2013-09-22,Kimi,Räikkönen,RAI,Lotus F1,Finished,2,62482.0,31241.0,10.0
893,3,131,2,4,12.0,61,1,2013,13,Singapore Grand Prix,2013-09-22,Nico,Rosberg,ROS,Mercedes,Finished,2,58828.0,29414.0,15.0
893,1,131,5,5,10.0,61,1,2013,13,Singapore Grand Prix,2013-09-22,Lewis,Hamilton,HAM,Mercedes,Finished,2,59117.0,29558.5,15.0
893,13,6,6,6,8.0,61,1,2013,13,Singapore Grand Prix,2013-09-22,Felipe,Massa,MAS,Ferrari,Finished,3,87749.0,29249.666666666668,12.0
893,18,1,8,7,6.0,61,1,2013,13,Singapore Grand Prix,2013-09-22,Jenson,Button,BUT,McLaren,Finished,2,59369.0,29684.5,13.0
893,815,1,14,8,4.0,61,1,2013,13,Singapore Grand Prix,2013-09-22,Sergio,Pérez,PER,McLaren,Finished,2,58105.0,29052.5,14.0
893,807,15,11,9,2.0,61,1,2013,13,Singapore Grand Prix,2013-09-22,Nico,Hülkenberg,HUL,Sauber,Finished,2,60163.0,30081.5,13.0
893,16,10,15,10,1.0,61,1,2013,13,Singapore Grand Prix,2013-09-22,Adrian,Sutil,SUT,Force India,Finished,3,91074.0,30358.0,12.0
893,813,3,18,11,0.0,61,1,2013,13,Singapore Grand Prix,2013-09-22,Pastor,Maldonado,MAL,Williams,Finished,3,90585.0,30195.0,16.0
893,821,15,10,12,0.0,61,1,2013,13,Singapore Grand Prix,2013-09-22,Esteban,Gutiérrez,GUT,Sauber,Finished,2,61070.0,30535.0,11.0
893,822,3,16,13,0.0,61,1,2013,13,Singapore Grand Prix,2013-09-22,Valtteri,Bottas,BOT,Williams,Finished,3,96418.0,32139.333333333332,13.0
893,818,5,12,14,0.0,61,1,2013,13,Singapore Grand Prix,2013-09-22,Jean-Éric,Vergne,VER,Toro Rosso,Finished,3,90449.0,30149.666666666668,11.0
893,17,9,4,15,0.0,60,34,2013,13,Singapore Grand Prix,2013-09-22,Mark,Webber,WEB,Red Bull,Water pressure,2,57940.0,28970.0,13.0
893,823,207,20,16,0.0,60,11,2013,13,Singapore Grand Prix,2013-09-22,Giedo,van der Garde,VDG,Caterham,+1 Lap,3,98002.0,32667.333333333332,13.0
893,820,206,22,17,0.0,60,11,2013,13,Singapore Grand Prix,2013-09-22,Max,Chilton,CHI,Marussia,+1 Lap,3,91357.0,30452.333333333332,11.0
893,824,206,21,18,0.0,60,11,2013,13,Singapore Grand Prix,2013-09-22,Jules,Bianchi,BIA,Marussia,+1 Lap,4,121060.0,30265.0,10.0
893,819,207,19,19,0.0,60,11,2013,13,Singapore Grand Prix,2013-09-22,Charles,Pic,PIC,Caterham,+1 Lap,3,95395.0,31798.333333333332,11.0
893,814,10,17,20,0.0,54,3,2013,13,Singapore Grand Prix,2013-09-22,Paul,di Resta,DIR,Force India,Accident,2,59444.0,29722.0,20.0
893,154,208,3,21,0.0,37,63,2013,13,Singapore Grand Prix,2013-09-22,Romain,Grosjean,GRO,Lotus F1,Pneumatics,3,133004.0,44334.666666666664,15.0
893,817,5,9,22,0.0,23,3,2013,13,Singapore Grand Prix,2013-09-22,Daniel,Ricciardo,RIC,Toro Rosso,Accident,1,32097.0,32097.0,15.0
894,20,9,1,1,25.0,55,1,2013,14,Korean Grand Prix,2013-10-06,Sebastian,Vettel,VET,Red Bull,Finished,2,45597.0,22798.5,11.0
894,8,208,9,2,18.0,55,1,2013,14,Korean Grand Prix,2013-10-06,Kimi,Räikkönen,RAI,Lotus F1,Finished,2,46160.0,23080.0,11.0
894,154,208,3,3,15.0,55,1,2013,14,Korean Grand Prix,2013-10-06,Romain,Grosjean,GRO,Lotus F1,Finished,2,45286.0,22643.0,10.0
894,807,15,7,4,12.0,55,1,2013,14,Korean Grand Prix,2013-10-06,Nico,Hülkenberg,HUL,Sauber,Finished,2,47766.0,23883.0,10.0
894,1,131,2,5,10.0,55,1,2013,14,Korean Grand Prix,2013-10-06,Lewis,Hamilton,HAM,Mercedes,Finished,2,44521.0,22260.5,9.0
894,4,6,5,6,8.0,55,1,2013,14,Korean Grand Prix,2013-10-06,Fernando,Alonso,ALO,Ferrari,Finished,2,45015.0,22507.5,9.0
894,3,131,4,7,6.0,55,1,2013,14,Korean Grand Prix,2013-10-06,Nico,Rosberg,ROS,Mercedes,Finished,2,65844.0,32922.0,10.0
894,18,1,11,8,4.0,55,1,2013,14,Korean Grand Prix,2013-10-06,Jenson,Button,BUT,McLaren,Finished,2,52894.0,26447.0,4.0
894,13,6,6,9,2.0,55,1,2013,14,Korean Grand Prix,2013-10-06,Felipe,Massa,MAS,Ferrari,Finished,2,44875.0,22437.5,6.0
894,815,1,10,10,1.0,55,1,2013,14,Korean Grand Prix,2013-10-06,Sergio,Pérez,PER,McLaren,Finished,2,61794.0,30897.0,10.0
894,821,15,8,11,0.0,55,1,2013,14,Korean Grand Prix,2013-10-06,Esteban,Gutiérrez,GUT,Sauber,Finished,2,46504.0,23252.0,7.0
894,822,3,17,12,0.0,55,1,2013,14,Korean Grand Prix,2013-10-06,Valtteri,Bottas,BOT,Williams,Finished,2,48152.0,24076.0,8.0
894,813,3,18,13,0.0,55,1,2013,14,Korean Grand Prix,2013-10-06,Pastor,Maldonado,MAL,Williams,Finished,2,47112.0,23556.0,7.0
894,819,207,19,14,0.0,55,1,2013,14,Korean Grand Prix,2013-10-06,Charles,Pic,PIC,Caterham,Finished,2,48686.0,24343.0,9.0
894,823,207,20,15,0.0,55,1,2013,14,Korean Grand Prix,2013-10-06,Giedo,van der Garde,VDG,Caterham,Finished,3,66048.0,22016.0,10.0
894,824,206,22,16,0.0,55,1,2013,14,Korean Grand Prix,2013-10-06,Jules,Bianchi,BIA,Marussia,Finished,2,46911.0,23455.5,10.0
894,820,206,21,17,0.0,55,1,2013,14,Korean Grand Prix,2013-10-06,Max,Chilton,CHI,Marussia,Finished,2,50060.0,25030.0,12.0
894,818,5,16,18,0.0,53,12,2013,14,Korean Grand Prix,2013-10-06,Jean-Éric,Vergne,VER,Toro Rosso,+2 Laps,3,72338.0,24112.666666666668,12.0
894,817,5,12,19,0.0,52,13,2013,14,Korean Grand Prix,2013-10-06,Daniel,Ricciardo,RIC,Toro Rosso,+3 Laps,2,47086.0,23543.0,18.0
894,16,10,14,20,0.0,50,4,2013,14,Korean Grand Prix,2013-10-06,Adrian,Sutil,SUT,Force India,Collision,4,143408.0,35852.0,3.0
894,17,9,13,21,0.0,36,4,2013,14,Korean Grand Prix,2013-10-06,Mark,Webber,WEB,Red Bull,Collision,3,68795.0,22931.666666666668,12.0
894,814,10,15,22,0.0,24,20,2013,14,Korean Grand Prix,2013-10-06,Paul,di Resta,DIR,Force India,Spun off,2,47668.0,23834.0,7.0
895,20,9,2,1,25.0,53,1,2013,15,Japanese Grand Prix,2013-10-13,Sebastian,Vettel,VET,Red Bull,Finished,2,45789.0,22894.5,14.0
895,17,9,1,2,18.0,53,1,2013,15,Japanese Grand Prix,2013-10-13,Mark,Webber,WEB,Red Bull,Finished,3,69485.0,23161.666666666668,11.0
895,154,208,4,3,15.0,53,1,2013,15,Japanese Grand Prix,2013-10-13,Romain,Grosjean,GRO,Lotus F1,Finished,2,46368.0,23184.0,12.0
895,4,6,8,4,12.0,53,1,2013,15,Japanese Grand Prix,2013-10-13,Fernando,Alonso,ALO,Ferrari,Finished,2,45484.0,22742.0,13.0
895,8,208,9,5,10.0,53,1,2013,15,Japanese Grand Prix,2013-10-13,Kimi,Räikkönen,RAI,Lotus F1,Finished,2,46603.0,23301.5,11.0
895,807,15,7,6,8.0,53,1,2013,15,Japanese Grand Prix,2013-10-13,Nico,Hülkenberg,HUL,Sauber,Finished,2,47214.0,23607.0,10.0
895,821,15,14,7,6.0,53,1,2013,15,Japanese Grand Prix,2013-10-13,Esteban,Gutiérrez,GUT,Sauber,Finished,2,47071.0,23535.5,9.0
895,3,131,6,8,4.0,53,1,2013,15,Japanese Grand Prix,2013-10-13,Nico,Rosberg,ROS,Mercedes,Finished,4,85940.0,21485.0,12.0
895,18,1,10,9,2.0,53,1,2013,15,Japanese Grand Prix,2013-10-13,Jenson,Button,BUT,McLaren,Finished,3,72830.0,24276.666666666668,8.0
895,13,6,5,10,1.0,53,1,2013,15,Japanese Grand Prix,2013-10-13,Felipe,Massa,MAS,Ferrari,Finished,3,63639.0,21213.0,11.0
895,814,10,12,11,0.0,53,1,2013,15,Japanese Grand Prix,2013-10-13,Paul,di Resta,DIR,Force India,Finished,2,47334.0,23667.0,10.0
895,818,5,17,12,0.0,52,11,2013,15,Japanese Grand Prix,2013-10-13,Jean-Éric,Vergne,VER,Toro Rosso,+1 Lap,3,74779.0,24926.333333333332,7.0
895,817,5,16,13,0.0,52,11,2013,15,Japanese Grand Prix,2013-10-13,Daniel,Ricciardo,RIC,Toro Rosso,+1 Lap,3,66587.0,22195.666666666668,21.0
895,16,10,22,14,0.0,52,11,2013,15,Japanese Grand Prix,2013-10-13,Adrian,Sutil,SUT,Force India,+1 Lap,2,47287.0,23643.5,8.0
895,815,1,11,15,0.0,52,11,2013,15,Japanese Grand Prix,2013-10-13,Sergio,Pérez,PER,McLaren,+1 Lap,3,79715.0,26571.666666666668,12.0
895,813,3,15,16,0.0,52,11,2013,15,Japanese Grand Prix,2013-10-13,Pastor,Maldonado,MAL,Williams,+1 Lap,2,47726.0,23863.0,9.0
895,822,3,13,17,0.0,52,11,2013,15,Japanese Grand Prix,2013-10-13,Valtteri,Bottas,BOT,Williams,+1 Lap,2,46904.0,23452.0,8.0
895,819,207,20,18,0.0,52,11,2013,15,Japanese Grand Prix,2013-10-13,Charles,Pic,PIC,Caterham,+1 Lap,3,66696.0,22232.0,1.0
895,820,206,18,19,0.0,52,11,2013,15,Japanese Grand Prix,2013-10-13,Max,Chilton,CHI,Marussia,+1 Lap,2,48021.0,24010.5,11.0
895,1,131,3,20,0.0,7,29,2013,15,Japanese Grand Prix,2013-10-13,Lewis,Hamilton,HAM,Mercedes,Puncture,1,25297.0,25297.0,1.0
895,823,207,19,21,0.0,0,3,2013,15,Japanese Grand Prix,2013-10-13,Giedo,van der Garde,VDG,Caterham,Accident,0,,,
895,824,206,21,22,0.0,0,3,2013,15,Japanese Grand Prix,2013-10-13,Jules,Bianchi,BIA,Marussia,Accident,0,,,
896,20,9,1,1,25.0,60,1,2013,16,Indian Grand Prix,2013-10-27,Sebastian,Vettel,VET,Red Bull,Finished,2,47568.0,23784.0,2.0
896,3,131,2,2,18.0,60,1,2013,16,Indian Grand Prix,2013-10-27,Nico,Rosberg,ROS,Mercedes,Finished,2,47580.0,23790.0,7.0
896,154,208,17,3,15.0,60,1,2013,16,Indian Grand Prix,2013-10-27,Romain,Grosjean,GRO,Lotus F1,Finished,1,23648.0,23648.0,13.0
896,13,6,5,4,12.0,60,1,2013,16,Indian Grand Prix,2013-10-27,Felipe,Massa,MAS,Ferrari,Finished,2,46911.0,23455.5,8.0
896,815,1,9,5,10.0,60,1,2013,16,Indian Grand Prix,2013-10-27,Sergio,Pérez,PER,McLaren,Finished,2,48451.0,24225.5,28.0
896,1,131,3,6,8.0,60,1,2013,16,Indian Grand Prix,2013-10-27,Lewis,Hamilton,HAM,Mercedes,Finished,2,47120.0,23560.0,8.0
896,8,208,6,7,6.0,60,1,2013,16,Indian Grand Prix,2013-10-27,Kimi,Räikkönen,RAI,Lotus F1,Finished,2,51130.0,25565.0,7.0
896,814,10,12,8,4.0,60,1,2013,16,Indian Grand Prix,2013-10-27,Paul,di Resta,DIR,Force India,Finished,2,47686.0,23843.0,1.0
896,16,10,13,9,2.0,60,1,2013,16,Indian Grand Prix,2013-10-27,Adrian,Sutil,SUT,Force India,Finished,1,23891.0,23891.0,41.0
896,817,5,11,10,1.0,60,1,2013,16,Indian Grand Prix,2013-10-27,Daniel,Ricciardo,RIC,Toro Rosso,Finished,2,50079.0,25039.5,33.0
896,4,6,8,11,0.0,60,1,2013,16,Indian Grand Prix,2013-10-27,Fernando,Alonso,ALO,Ferrari,Finished,3,77461.0,25820.333333333332,2.0
896,813,3,18,12,0.0,60,1,2013,16,Indian Grand Prix,2013-10-27,Pastor,Maldonado,MAL,Williams,Finished,2,51842.0,25921.0,8.0
896,818,5,14,13,0.0,59,11,2013,16,Indian Grand Prix,2013-10-27,Jean-Éric,Vergne,VER,Toro Rosso,+1 Lap,2,48360.0,24180.0,1.0
896,18,1,10,14,0.0,59,11,2013,16,Indian Grand Prix,2013-10-27,Jenson,Button,BUT,McLaren,+1 Lap,3,72045.0,24015.0,6.0
896,821,15,16,15,0.0,59,11,2013,16,Indian Grand Prix,2013-10-27,Esteban,Gutiérrez,GUT,Sauber,+1 Lap,3,68498.0,22832.666666666668,16.0
896,822,3,15,16,0.0,59,11,2013,16,Indian Grand Prix,2013-10-27,Valtteri,Bottas,BOT,Williams,+1 Lap,2,53528.0,26764.0,31.0
896,820,206,22,17,0.0,58,12,2013,16,Indian Grand Prix,2013-10-27,Max,Chilton,CHI,Marussia,+2 Laps,2,49202.0,24601.0,29.0
896,824,206,19,18,0.0,58,12,2013,16,Indian Grand Prix,2013-10-27,Jules,Bianchi,BIA,Marussia,+2 Laps,2,59320.0,29660.0,5.0
896,807,15,7,19,0.0,54,26,2013,16,Indian Grand Prix,2013-10-27,Nico,Hülkenberg,HUL,Sauber,Mechanical,3,77987.0,25995.666666666668,5.0
896,17,9,4,20,0.0,39,91,2013,16,Indian Grand Prix,2013-10-27,Mark,Webber,WEB,Red Bull,Alternator,2,46946.0,23473.0,28.0
896,819,207,21,21,0.0,35,9,2013,16,Indian Grand Prix,2013-10-27,Charles,Pic,PIC,Caterham,Hydraulics,2,56052.0,28026.0,1.0
896,823,207,20,22,0.0,1,4,2013,16,Indian Grand Prix,2013-10-27,Giedo,van der Garde,VDG,Caterham,Collision,0,,,
897,20,9,2,1,25.0,55,1,2013,17,Abu Dhabi Grand Prix,2013-11-03,Sebastian,Vettel,VET,Red Bull,Finished,2,43573.0,21786.5,14.0
897,17,9,1,2,18.0,55,1,2013,17,Abu Dhabi Grand Prix,2013-11-03,Mark,Webber,WEB,Red Bull,Finished,2,43086.0,21543.0,8.0
897,3,131,3,3,15.0,55,1,2013,17,Abu Dhabi Grand Prix,2013-11-03,Nico,Rosberg,ROS,Mercedes,Finished,2,43286.0,21643.0,10.0
897,154,208,6,4,12.0,55,1,2013,17,Abu Dhabi Grand Prix,2013-11-03,Romain,Grosjean,GRO,Lotus F1,Finished,2,43913.0,21956.5,8.0
897,4,6,10,5,10.0,55,1,2013,17,Abu Dhabi Grand Prix,2013-11-03,Fernando,Alonso,ALO,Ferrari,Finished,2,42983.0,21491.5,16.0
897,814,10,11,6,8.0,55,1,2013,17,Abu Dhabi Grand Prix,2013-11-03,Paul,di Resta,DIR,Force India,Finished,1,22270.0,22270.0,20.0
897,1,131,4,7,6.0,55,1,2013,17,Abu Dhabi Grand Prix,2013-11-03,Lewis,Hamilton,HAM,Mercedes,Finished,2,42981.0,21490.5,7.0
897,13,6,7,8,4.0,55,1,2013,17,Abu Dhabi Grand Prix,2013-11-03,Felipe,Massa,MAS,Ferrari,Finished,2,43800.0,21900.0,18.0
897,815,1,8,9,2.0,55,1,2013,17,Abu Dhabi Grand Prix,2013-11-03,Sergio,Pérez,PER,McLaren,Finished,2,42873.0,21436.5,6.0
897,16,10,17,10,1.0,55,1,2013,17,Abu Dhabi Grand Prix,2013-11-03,Adrian,Sutil,SUT,Force India,Finished,1,22048.0,22048.0,28.0
897,813,3,14,11,0.0,55,1,2013,17,Abu Dhabi Grand Prix,2013-11-03,Pastor,Maldonado,MAL,Williams,Finished,2,46296.0,23148.0,5.0
897,18,1,12,12,0.0,55,1,2013,17,Abu Dhabi Grand Prix,2013-11-03,Jenson,Button,BUT,McLaren,Finished,2,48692.0,24346.0,2.0
897,821,15,16,13,0.0,55,1,2013,17,Abu Dhabi Grand Prix,2013-11-03,Esteban,Gutiérrez,GUT,Sauber,Finished,2,44755.0,22377.5,18.0
897,807,15,5,14,0.0,54,11,2013,17,Abu Dhabi Grand Prix,2013-11-03,Nico,Hülkenberg,HUL,Sauber,+1 Lap,3,61373.0,20457.666666666668,9.0
897,822,3,15,15,0.0,54,11,2013,17,Abu Dhabi Grand Prix,2013-11-03,Valtteri,Bottas,BOT,Williams,+1 Lap,2,50041.0,25020.5,24.0
897,817,5,9,16,0.0,54,11,2013,17,Abu Dhabi Grand Prix,2013-11-03,Daniel,Ricciardo,RIC,Toro Rosso,+1 Lap,2,45140.0,22570.0,7.0
897,818,5,13,17,0.0,54,11,2013,17,Abu Dhabi Grand Prix,2013-11-03,Jean-Éric,Vergne,VER,Toro Rosso,+1 Lap,2,45538.0,22769.0,17.0
897,823,207,18,18,0.0,54,11,2013,17,Abu Dhabi Grand Prix,2013-11-03,Giedo,van der Garde,VDG,Caterham,+1 Lap,2,45120.0,22560.0,7.0
897,819,207,19,19,0.0,54,11,2013,17,Abu Dhabi Grand Prix,2013-11-03,Charles,Pic,PIC,Caterham,+1 Lap,2,46503.0,23251.5,8.0
897,824,206,21,20,0.0,53,12,2013,17,Abu Dhabi Grand Prix,2013-11-03,Jules,Bianchi,BIA,Marussia,+2 Laps,2,47640.0,23820.0,5.0
897,820,206,20,21,0.0,53,12,2013,17,Abu Dhabi Grand Prix,2013-11-03,Max,Chilton,CHI,Marussia,+2 Laps,2,46292.0,23146.0,6.0
897,8,208,22,22,0.0,0,3,2013,17,Abu Dhabi Grand Prix,2013-11-03,Kimi,Räikkönen,RAI,Lotus F1,Accident,0,,,
898,20,9,1,1,25.0,56,1,2013,18,United States Grand Prix,2013-11-17,Sebastian,Vettel,VET,Red Bull,Finished,1,24086.0,24086.0,27.0
898,154,208,3,2,18.0,56,1,2013,18,United States Grand Prix,2013-11-17,Romain,Grosjean,GRO,Lotus F1,Finished,1,23876.0,23876.0,29.0
898,17,9,2,3,15.0,56,1,2013,18,United States Grand Prix,2013-11-17,Mark,Webber,WEB,Red Bull,Finished,1,23537.0,23537.0,28.0
898,1,131,5,4,12.0,56,1,2013,18,United States Grand Prix,2013-11-17,Lewis,Hamilton,HAM,Mercedes,Finished,1,23904.0,23904.0,25.0
898,4,6,6,5,10.0,56,1,2013,18,United States Grand Prix,2013-11-17,Fernando,Alonso,ALO,Ferrari,Finished,1,23817.0,23817.0,26.0
898,807,15,4,6,8.0,56,1,2013,18,United States Grand Prix,2013-11-17,Nico,Hülkenberg,HUL,Sauber,Finished,1,24030.0,24030.0,27.0
898,815,1,7,7,6.0,56,1,2013,18,United States Grand Prix,2013-11-17,Sergio,Pérez,PER,McLaren,Finished,1,23808.0,23808.0,22.0
898,822,3,9,8,4.0,56,1,2013,18,United States Grand Prix,2013-11-17,Valtteri,Bottas,BOT,Williams,Finished,1,25014.0,25014.0,23.0
898,3,131,12,9,2.0,56,1,2013,18,United States Grand Prix,2013-11-17,Nico,Rosberg,ROS,Mercedes,Finished,1,23806.0,23806.0,22.0
898,18,1,15,10,1.0,56,1,2013,18,United States Grand Prix,2013-11-17,Jenson,Button,BUT,McLaren,Finished,1,24589.0,24589.0,20.0
898,817,5,10,11,0.0,56,1,2013,18,United States Grand Prix,2013-11-17,Daniel,Ricciardo,RIC,Toro Rosso,Finished,1,24226.0,24226.0,22.0
898,818,5,14,12,0.0,56,1,2013,18,United States Grand Prix,2013-11-17,Jean-Éric,Vergne,VER,Toro Rosso,Finished,1,24381.0,24381.0,27.0
898,13,6,13,13,0.0,56,1,2013,18,United States Grand Prix,2013-11-17,Felipe,Massa,MAS,Ferrari,Finished,2,48052.0,24026.0,21.0
898,821,15,20,14,0.0,56,1,2013,18,United States Grand Prix,2013-11-17,Esteban,Gutiérrez,GUT,Sauber,Finished,2,49886.0,24943.0,1.0
898,5,208,8,15,0.0,56,1,2013,18,United States Grand Prix,2013-11-17,Heikki,Kovalainen,KOV,Lotus F1,Finished,2,61656.0,30828.0,17.0
898,814,10,11,16,0.0,56,1,2013,18,United States Grand Prix,2013-11-17,Paul,di Resta,DIR,Force India,Finished,2,49358.0,24679.0,22.0
898,813,3,17,17,0.0,55,11,2013,18,United States Grand Prix,2013-11-17,Pastor,Maldonado,MAL,Williams,+1 Lap,1,32794.0,32794.0,8.0
898,824,206,19,18,0.0,55,11,2013,18,United States Grand Prix,2013-11-17,Jules,Bianchi,BIA,Marussia,+1 Lap,1,26205.0,26205.0,21.0
898,823,207,18,19,0.0,55,11,2013,18,United States Grand Prix,2013-11-17,Giedo,van der Garde,VDG,Caterham,+1 Lap,1,25268.0,25268.0,21.0
898,819,207,22,20,0.0,55,11,2013,18,United States Grand Prix,2013-11-17,Charles,Pic,PIC,Caterham,+1 Lap,2,46260.0,23130.0,20.0
898,820,206,21,21,0.0,54,12,2013,18,United States Grand Prix,2013-11-17,Max,Chilton,CHI,Marussia,+2 Laps,2,43030.0,21515.0,5.0
898,16,10,16,22,0.0,0,3,2013,18,United States Grand Prix,2013-11-17,Adrian,Sutil,SUT,Force India,Accident,0,,,
899,20,9,1,1,25.0,71,1,2013,19,Brazilian Grand Prix,2013-11-24,Sebastian,Vettel,VET,Red Bull,Finished,2,55409.0,27704.5,24.0
899,17,9,4,2,18.0,71,1,2013,19,Brazilian Grand Prix,2013-11-24,Mark,Webber,WEB,Red Bull,Finished,2,51730.0,25865.0,23.0
899,4,6,3,3,15.0,71,1,2013,19,Brazilian Grand Prix,2013-11-24,Fernando,Alonso,ALO,Ferrari,Finished,2,45487.0,22743.5,21.0
899,18,1,14,4,12.0,71,1,2013,19,Brazilian Grand Prix,2013-11-24,Jenson,Button,BUT,McLaren,Finished,2,46534.0,23267.0,20.0
899,3,131,2,5,10.0,71,1,2013,19,Brazilian Grand Prix,2013-11-24,Nico,Rosberg,ROS,Mercedes,Finished,2,46081.0,23040.5,22.0
899,815,1,19,6,8.0,71,1,2013,19,Brazilian Grand Prix,2013-11-24,Sergio,Pérez,PER,McLaren,Finished,2,44988.0,22494.0,19.0
899,13,6,9,7,6.0,71,1,2013,19,Brazilian Grand Prix,2013-11-24,Felipe,Massa,MAS,Ferrari,Finished,3,62364.0,20788.0,19.0
899,807,15,10,8,4.0,71,1,2013,19,Brazilian Grand Prix,2013-11-24,Nico,Hülkenberg,HUL,Sauber,Finished,2,47124.0,23562.0,20.0
899,1,131,5,9,2.0,71,1,2013,19,Brazilian Grand Prix,2013-11-24,Lewis,Hamilton,HAM,Mercedes,Finished,3,64463.0,21487.666666666668,21.0
899,817,5,7,10,1.0,70,11,2013,19,Brazilian Grand Prix,2013-11-24,Daniel,Ricciardo,RIC,Toro Rosso,+1 Lap,2,46061.0,23030.5,14.0
899,814,10,12,11,0.0,70,11,2013,19,Brazilian Grand Prix,2013-11-24,Paul,di Resta,DIR,Force India,+1 Lap,2,46567.0,23283.5,20.0
899,821,15,17,12,0.0,70,11,2013,19,Brazilian Grand Prix,2013-11-24,Esteban,Gutiérrez,GUT,Sauber,+1 Lap,2,46995.0,23497.5,22.0
899,16,10,15,13,0.0,70,11,2013,19,Brazilian Grand Prix,2013-11-24,Adrian,Sutil,SUT,Force India,+1 Lap,3,70143.0,23381.0,17.0
899,5,208,11,14,0.0,70,11,2013,19,Brazilian Grand Prix,2013-11-24,Heikki,Kovalainen,KOV,Lotus F1,+1 Lap,2,45665.0,22832.5,15.0
899,818,5,8,15,0.0,70,11,2013,19,Brazilian Grand Prix,2013-11-24,Jean-Éric,Vergne,VER,Toro Rosso,+1 Lap,3,71089.0,23696.333333333332,10.0
899,813,3,16,16,0.0,70,11,2013,19,Brazilian Grand Prix,2013-11-24,Pastor,Maldonado,MAL,Williams,+1 Lap,2,50334.0,25167.0,23.0
899,824,206,21,17,0.0,69,12,2013,19,Brazilian Grand Prix,2013-11-24,Jules,Bianchi,BIA,Marussia,+2 Laps,2,48060.0,24030.0,21.0
899,823,207,20,18,0.0,69,12,2013,19,Brazilian Grand Prix,2013-11-24,Giedo,van der Garde,VDG,Caterham,+2 Laps,3,68178.0,22726.0,24.0
899,820,206,22,19,0.0,69,12,2013,19,Brazilian Grand Prix,2013-11-24,Max,Chilton,CHI,Marussia,+2 Laps,3,71731.0,23910.333333333332,26.0
899,819,207,18,20,0.0,58,26,2013,19,Brazilian Grand Prix,2013-11-24,Charles,Pic,PIC,Caterham,Mechanical,1,24099.0,24099.0,25.0
899,822,3,13,21,0.0,45,3,2013,19,Brazilian Grand Prix,2013-11-24,Valtteri,Bottas,BOT,Williams,Accident,2,47861.0,23930.5,17.0
899,154,208,6,22,0.0,2,5,2013,19,Brazilian Grand Prix,2013-11-24,Romain,Grosjean,GRO,Lotus F1,Engine,0,,,
900,3,131,3,1,25.0,57,1,2014,1,Australian Grand Prix,2014-03-16,Nico,Rosberg,ROS,Mercedes,Finished,2,48004.0,24002.0,12.0
900,825,1,4,2,18.0,57,1,2014,1,Australian Grand Prix,2014-03-16,Kevin,Magnussen,MAG,McLaren,Finished,2,45423.0,22711.5,12.0
900,18,1,10,3,15.0,57,1,2014,1,Australian Grand Prix,2014-03-16,Jenson,Button,BUT,McLaren,Finished,2,44810.0,22405.0,11.0
900,4,6,5,4,12.0,57,1,2014,1,Australian Grand Prix,2014-03-16,Fernando,Alonso,ALO,Ferrari,Finished,2,44865.0,22432.5,12.0
900,822,3,15,5,10.0,57,1,2014,1,Australian Grand Prix,2014-03-16,Valtteri,Bottas,BOT,Williams,Finished,2,58038.0,29019.0,10.0
900,807,10,7,6,8.0,57,1,2014,1,Australian Grand Prix,2014-03-16,Nico,Hülkenberg,HUL,Force India,Finished,2,45548.0,22774.0,12.0
900,8,6,11,7,6.0,57,1,2014,1,Australian Grand Prix,2014-03-16,Kimi,Räikkönen,RAI,Ferrari,Finished,2,47368.0,23684.0,12.0
900,818,5,6,8,4.0,57,1,2014,1,Australian Grand Prix,2014-03-16,Jean-Éric,Vergne,VER,Toro Rosso,Finished,2,46102.0,23051.0,12.0
900,826,5,8,9,2.0,57,1,2014,1,Australian Grand Prix,2014-03-16,Daniil,Kvyat,KVY,Toro Rosso,Finished,2,54434.0,27217.0,12.0
900,815,10,16,10,1.0,57,1,2014,1,Australian Grand Prix,2014-03-16,Sergio,Pérez,PER,Force India,Finished,3,70564.0,23521.333333333332,1.0
900,16,15,13,11,0.0,56,11,2014,1,Australian Grand Prix,2014-03-16,Adrian,Sutil,SUT,Sauber,+1 Lap,1,24305.0,24305.0,35.0
900,821,15,20,12,0.0,56,11,2014,1,Australian Grand Prix,2014-03-16,Esteban,Gutiérrez,GUT,Sauber,+1 Lap,2,56454.0,28227.0,1.0
900,820,206,17,13,0.0,55,12,2014,1,Australian Grand Prix,2014-03-16,Max,Chilton,CHI,Marussia,+2 Laps,2,47702.0,23851.0,24.0
900,824,206,18,14,0.0,49,18,2014,1,Australian Grand Prix,2014-03-16,Jules,Bianchi,BIA,Marussia,+8 Laps,2,46477.0,23238.5,20.0
900,154,208,22,15,0.0,43,132,2014,1,Australian Grand Prix,2014-03-16,Romain,Grosjean,GRO,Lotus F1,ERS,2,39519.0,19759.5,1.0
900,813,208,21,16,0.0,29,132,2014,1,Australian Grand Prix,2014-03-16,Pastor,Maldonado,MAL,Lotus F1,ERS,1,22847.0,22847.0,29.0
900,828,207,19,17,0.0,27,51,2014,1,Australian Grand Prix,2014-03-16,Marcus,Ericsson,ERI,Caterham,Oil pressure,1,23238.0,23238.0,23.0
900,20,9,12,18,0.0,3,5,2014,1,Australian Grand Prix,2014-03-16,Sebastian,Vettel,VET,Red Bull,Engine,0,,,
900,1,131,1,19,0.0,2,5,2014,1,Australian Grand Prix,2014-03-16,Lewis,Hamilton,HAM,Mercedes,Engine,0,,,
900,13,3,9,20,0.0,0,4,2014,1,Australian Grand Prix,2014-03-16,Felipe,Massa,MAS,Williams,Collision,0,,,
900,155,207,14,21,0.0,0,4,2014,1,Australian Grand Prix,2014-03-16,Kamui,Kobayashi,KOB,Caterham,Collision,0,,,
900,817,9,2,22,0.0,57,2,2014,1,Australian Grand Prix,2014-03-16,Daniel,Ricciardo,RIC,Red Bull,Disqualified,2,45421.0,22710.5,12.0
901,1,131,1,1,25.0,56,1,2014,2,Malaysian Grand Prix,2014-03-30,Lewis,Hamilton,HAM,Mercedes,Finished,3,74384.0,24794.666666666668,15.0
901,3,131,3,2,18.0,56,1,2014,2,Malaysian Grand Prix,2014-03-30,Nico,Rosberg,ROS,Mercedes,Finished,3,74664.0,24888.0,14.0
901,20,9,2,3,15.0,56,1,2014,2,Malaysian Grand Prix,2014-03-30,Sebastian,Vettel,VET,Red Bull,Finished,3,74346.0,24782.0,13.0
901,4,6,4,4,12.0,56,1,2014,2,Malaysian Grand Prix,2014-03-30,Fernando,Alonso,ALO,Ferrari,Finished,3,73329.0,24443.0,11.0
901,807,10,7,5,10.0,56,1,2014,2,Malaysian Grand Prix,2014-03-30,Nico,Hülkenberg,HUL,Force India,Finished,2,50223.0,25111.5,16.0
901,18,1,10,6,8.0,56,1,2014,2,Malaysian Grand Prix,2014-03-30,Jenson,Button,BUT,McLaren,Finished,3,74393.0,24797.666666666668,13.0
901,13,3,13,7,6.0,56,1,2014,2,Malaysian Grand Prix,2014-03-30,Felipe,Massa,MAS,Williams,Finished,3,73740.0,24580.0,12.0
901,822,3,18,8,4.0,56,1,2014,2,Malaysian Grand Prix,2014-03-30,Valtteri,Bottas,BOT,Williams,Finished,3,74482.0,24827.333333333332,14.0
901,825,1,8,9,2.0,55,11,2014,2,Malaysian Grand Prix,2014-03-30,Kevin,Magnussen,MAG,McLaren,+1 Lap,3,92192.0,30730.666666666668,9.0
901,826,5,11,10,1.0,55,11,2014,2,Malaysian Grand Prix,2014-03-30,Daniil,Kvyat,KVY,Toro Rosso,+1 Lap,3,77871.0,25957.0,10.0
901,154,208,15,11,0.0,55,11,2014,2,Malaysian Grand Prix,2014-03-30,Romain,Grosjean,GRO,Lotus F1,+1 Lap,3,76377.0,25459.0,12.0
901,8,6,6,12,0.0,55,11,2014,2,Malaysian Grand Prix,2014-03-30,Kimi,Räikkönen,RAI,Ferrari,+1 Lap,3,75062.0,25020.666666666668,2.0
901,155,207,20,13,0.0,55,11,2014,2,Malaysian Grand Prix,2014-03-30,Kamui,Kobayashi,KOB,Caterham,+1 Lap,2,53629.0,26814.5,15.0
901,828,207,22,14,0.0,54,12,2014,2,Malaysian Grand Prix,2014-03-30,Marcus,Ericsson,ERI,Caterham,+2 Laps,3,82585.0,27528.333333333332,11.0
901,820,206,21,15,0.0,54,12,2014,2,Malaysian Grand Prix,2014-03-30,Max,Chilton,CHI,Marussia,+2 Laps,3,82677.0,27559.0,10.0
901,817,9,5,16,0.0,49,39,2014,2,Malaysian Grand Prix,2014-03-30,Daniel,Ricciardo,RIC,Red Bull,Technical,5,227990.0,45598.0,12.0
901,821,15,12,17,0.0,35,6,2014,2,Malaysian Grand Prix,2014-03-30,Esteban,Gutiérrez,GUT,Sauber,Gearbox,2,55745.0,27872.5,10.0
901,16,15,17,18,0.0,32,10,2014,2,Malaysian Grand Prix,2014-03-30,Adrian,Sutil,SUT,Sauber,Electrical,2,51491.0,25745.5,11.0
901,818,5,9,19,0.0,18,131,2014,2,Malaysian Grand Prix,2014-03-30,Jean-Éric,Vergne,VER,Toro Rosso,Power Unit,2,72227.0,36113.5,2.0
901,824,206,19,20,0.0,8,23,2014,2,Malaysian Grand Prix,2014-03-30,Jules,Bianchi,BIA,Marussia,Brakes,1,52836.0,52836.0,1.0
901,813,208,16,21,0.0,7,5,2014,2,Malaysian Grand Prix,2014-03-30,Pastor,Maldonado,MAL,Lotus F1,Engine,0,,,
901,815,10,14,22,0.0,0,54,2014,2,Malaysian Grand Prix,2014-03-30,Sergio,Pérez,PER,Force India,Withdrew,0,,,
902,1,131,2,1,25.0,57,1,2014,3,Bahrain Grand Prix,2014-04-06,Lewis,Hamilton,HAM,Mercedes,Finished,2,49833.0,24916.5,19.0
902,3,131,1,2,18.0,57,1,2014,3,Bahrain Grand Prix,2014-04-06,Nico,Rosberg,ROS,Mercedes,Finished,2,49758.0,24879.0,21.0
902,815,10,4,3,15.0,57,1,2014,3,Bahrain Grand Prix,2014-04-06,Sergio,Pérez,PER,Force India,Finished,2,49434.0,24717.0,16.0
902,817,9,13,4,12.0,57,1,2014,3,Bahrain Grand Prix,2014-04-06,Daniel,Ricciardo,RIC,Red Bull,Finished,2,49522.0,24761.0,18.0
902,807,10,11,5,10.0,57,1,2014,3,Bahrain Grand Prix,2014-04-06,Nico,Hülkenberg,HUL,Force India,Finished,2,49197.0,24598.5,15.0
902,20,9,10,6,8.0,57,1,2014,3,Bahrain Grand Prix,2014-04-06,Sebastian,Vettel,VET,Red Bull,Finished,2,51150.0,25575.0,16.0
902,13,3,7,7,6.0,57,1,2014,3,Bahrain Grand Prix,2014-04-06,Felipe,Massa,MAS,Williams,Finished,3,74999.0,24999.666666666668,13.0
902,822,3,3,8,4.0,57,1,2014,3,Bahrain Grand Prix,2014-04-06,Valtteri,Bottas,BOT,Williams,Finished,3,76088.0,25362.666666666668,10.0
902,4,6,9,9,2.0,57,1,2014,3,Bahrain Grand Prix,2014-04-06,Fernando,Alonso,ALO,Ferrari,Finished,3,74839.0,24946.333333333332,12.0
902,8,6,5,10,1.0,57,1,2014,3,Bahrain Grand Prix,2014-04-06,Kimi,Räikkönen,RAI,Ferrari,Finished,3,74877.0,24959.0,13.0
902,826,5,12,11,0.0,57,1,2014,3,Bahrain Grand Prix,2014-04-06,Daniil,Kvyat,KVY,Toro Rosso,Finished,3,76749.0,25583.0,10.0
902,154,208,16,12,0.0,57,1,2014,3,Bahrain Grand Prix,2014-04-06,Romain,Grosjean,GRO,Lotus F1,Finished,3,75917.0,25305.666666666668,13.0
902,820,206,21,13,0.0,57,1,2014,3,Bahrain Grand Prix,2014-04-06,Max,Chilton,CHI,Marussia,Finished,3,79072.0,26357.333333333332,11.0
902,813,208,17,14,0.0,57,1,2014,3,Bahrain Grand Prix,2014-04-06,Pastor,Maldonado,MAL,Lotus F1,Finished,4,118958.0,29739.5,19.0
902,155,207,18,15,0.0,57,1,2014,3,Bahrain Grand Prix,2014-04-06,Kamui,Kobayashi,KOB,Caterham,Finished,2,53752.0,26876.0,15.0
902,824,206,19,16,0.0,56,11,2014,3,Bahrain Grand Prix,2014-04-06,Jules,Bianchi,BIA,Marussia,+1 Lap,5,125723.0,25144.6,10.0
902,18,1,6,17,0.0,55,8,2014,3,Bahrain Grand Prix,2014-04-06,Jenson,Button,BUT,McLaren,Clutch,2,49721.0,24860.5,17.0
902,825,1,8,18,0.0,40,8,2014,3,Bahrain Grand Prix,2014-04-06,Kevin,Magnussen,MAG,McLaren,Clutch,3,74742.0,24914.0,14.0
902,821,15,15,19,0.0,39,4,2014,3,Bahrain Grand Prix,2014-04-06,Esteban,Gutiérrez,GUT,Sauber,Collision,2,51176.0,25588.0,12.0
902,828,207,20,20,0.0,33,31,2014,3,Bahrain Grand Prix,2014-04-06,Marcus,Ericsson,ERI,Caterham,Retired,2,51186.0,25593.0,11.0
902,818,5,14,21,0.0,18,31,2014,3,Bahrain Grand Prix,2014-04-06,Jean-Éric,Vergne,VER,Toro Rosso,Retired,2,59792.0,29896.0,1.0
902,16,15,22,22,0.0,17,4,2014,3,Bahrain Grand Prix,2014-04-06,Adrian,Sutil,SUT,Sauber,Collision,2,66040.0,33020.0,7.0
903,1,131,1,1,25.0,54,1,2014,4,Chinese Grand Prix,2014-04-20,Lewis,Hamilton,HAM,Mercedes,Finished,2,46967.0,23483.5,17.0
903,3,131,4,2,18.0,54,1,2014,4,Chinese Grand Prix,2014-04-20,Nico,Rosberg,ROS,Mercedes,Finished,2,46366.0,23183.0,13.0
903,4,6,5,3,15.0,54,1,2014,4,Chinese Grand Prix,2014-04-20,Fernando,Alonso,ALO,Ferrari,Finished,2,45723.0,22861.5,11.0
903,817,9,2,4,12.0,54,1,2014,4,Chinese Grand Prix,2014-04-20,Daniel,Ricciardo,RIC,Red Bull,Finished,2,45684.0,22842.0,15.0
903,20,9,3,5,10.0,54,1,2014,4,Chinese Grand Prix,2014-04-20,Sebastian,Vettel,VET,Red Bull,Finished,2,44816.0,22408.0,12.0
903,807,10,8,6,8.0,54,1,2014,4,Chinese Grand Prix,2014-04-20,Nico,Hülkenberg,HUL,Force India,Finished,2,46202.0,23101.0,11.0
903,822,3,7,7,6.0,54,1,2014,4,Chinese Grand Prix,2014-04-20,Valtteri,Bottas,BOT,Williams,Finished,2,48419.0,24209.5,12.0
903,8,6,11,8,4.0,54,1,2014,4,Chinese Grand Prix,2014-04-20,Kimi,Räikkönen,RAI,Ferrari,Finished,2,46285.0,23142.5,10.0
903,815,10,16,9,2.0,54,1,2014,4,Chinese Grand Prix,2014-04-20,Sergio,Pérez,PER,Force India,Finished,2,46550.0,23275.0,10.0
903,826,5,13,10,1.0,53,11,2014,4,Chinese Grand Prix,2014-04-20,Daniil,Kvyat,KVY,Toro Rosso,+1 Lap,2,47149.0,23574.5,14.0
903,18,1,12,11,0.0,53,11,2014,4,Chinese Grand Prix,2014-04-20,Jenson,Button,BUT,McLaren,+1 Lap,2,44956.0,22478.0,7.0
903,818,5,9,12,0.0,53,11,2014,4,Chinese Grand Prix,2014-04-20,Jean-Éric,Vergne,VER,Toro Rosso,+1 Lap,2,48536.0,24268.0,15.0
903,825,1,15,13,0.0,53,11,2014,4,Chinese Grand Prix,2014-04-20,Kevin,Magnussen,MAG,McLaren,+1 Lap,2,46249.0,23124.5,17.0
903,813,208,22,14,0.0,53,11,2014,4,Chinese Grand Prix,2014-04-20,Pastor,Maldonado,MAL,Lotus F1,+1 Lap,2,47032.0,23516.0,11.0
903,13,3,6,15,0.0,53,11,2014,4,Chinese Grand Prix,2014-04-20,Felipe,Massa,MAS,Williams,+1 Lap,2,102107.0,51053.5,10.0
903,821,15,17,16,0.0,53,11,2014,4,Chinese Grand Prix,2014-04-20,Esteban,Gutiérrez,GUT,Sauber,+1 Lap,3,68974.0,22991.333333333332,14.0
903,824,206,19,17,0.0,53,11,2014,4,Chinese Grand Prix,2014-04-20,Jules,Bianchi,BIA,Marussia,+1 Lap,2,49104.0,24552.0,11.0
903,155,207,18,18,0.0,53,11,2014,4,Chinese Grand Prix,2014-04-20,Kamui,Kobayashi,KOB,Caterham,+1 Lap,3,75007.0,25002.333333333332,11.0
903,820,206,21,19,0.0,52,12,2014,4,Chinese Grand Prix,2014-04-20,Max,Chilton,CHI,Marussia,+2 Laps,3,71545.0,23848.333333333332,12.0
903,828,207,20,20,0.0,52,12,2014,4,Chinese Grand Prix,2014-04-20,Marcus,Ericsson,ERI,Caterham,+2 Laps,3,71376.0,23792.0,10.0
903,154,208,10,21,0.0,28,6,2014,4,Chinese Grand Prix,2014-04-20,Romain,Grosjean,GRO,Lotus F1,Gearbox,1,23213.0,23213.0,9.0
903,16,15,14,22,0.0,5,5,2014,4,Chinese Grand Prix,2014-04-20,Adrian,Sutil,SUT,Sauber,Engine,0,,,
904,1,131,1,1,25.0,66,1,2014,5,Spanish Grand Prix,2014-05-11,Lewis,Hamilton,HAM,Mercedes,Finished,2,46541.0,23270.5,18.0
904,3,131,2,2,18.0,66,1,2014,5,Spanish Grand Prix,2014-05-11,Nico,Rosberg,ROS,Mercedes,Finished,2,44563.0,22281.5,21.0
904,817,9,3,3,15.0,66,1,2014,5,Spanish Grand Prix,2014-05-11,Daniel,Ricciardo,RIC,Red Bull,Finished,2,43799.0,21899.5,14.0
904,20,9,15,4,12.0,66,1,2014,5,Spanish Grand Prix,2014-05-11,Sebastian,Vettel,VET,Red Bull,Finished,3,65181.0,21727.0,12.0
904,822,3,4,5,10.0,66,1,2014,5,Spanish Grand Prix,2014-05-11,Valtteri,Bottas,BOT,Williams,Finished,2,45525.0,22762.5,20.0
904,4,6,7,6,8.0,66,1,2014,5,Spanish Grand Prix,2014-05-11,Fernando,Alonso,ALO,Ferrari,Finished,3,65648.0,21882.666666666668,16.0
904,8,6,6,7,6.0,65,11,2014,5,Spanish Grand Prix,2014-05-11,Kimi,Räikkönen,RAI,Ferrari,+1 Lap,2,44783.0,22391.5,17.0
904,154,208,5,8,4.0,65,11,2014,5,Spanish Grand Prix,2014-05-11,Romain,Grosjean,GRO,Lotus F1,+1 Lap,2,44204.0,22102.0,15.0
904,815,10,11,9,2.0,65,11,2014,5,Spanish Grand Prix,2014-05-11,Sergio,Pérez,PER,Force India,+1 Lap,2,44649.0,22324.5,18.0
904,807,10,10,10,1.0,65,11,2014,5,Spanish Grand Prix,2014-05-11,Nico,Hülkenberg,HUL,Force India,+1 Lap,2,45079.0,22539.5,17.0
904,18,1,8,11,0.0,65,11,2014,5,Spanish Grand Prix,2014-05-11,Jenson,Button,BUT,McLaren,+1 Lap,2,46218.0,23109.0,17.0
904,825,1,14,12,0.0,65,11,2014,5,Spanish Grand Prix,2014-05-11,Kevin,Magnussen,MAG,McLaren,+1 Lap,2,43662.0,21831.0,19.0
904,13,3,9,13,0.0,65,11,2014,5,Spanish Grand Prix,2014-05-11,Felipe,Massa,MAS,Williams,+1 Lap,3,67575.0,22525.0,15.0
904,826,5,12,14,0.0,65,11,2014,5,Spanish Grand Prix,2014-05-11,Daniil,Kvyat,KVY,Toro Rosso,+1 Lap,3,68528.0,22842.666666666668,18.0
904,813,208,22,15,0.0,65,11,2014,5,Spanish Grand Prix,2014-05-11,Pastor,Maldonado,MAL,Lotus F1,+1 Lap,2,49875.0,24937.5,15.0
904,821,15,13,16,0.0,65,11,2014,5,Spanish Grand Prix,2014-05-11,Esteban,Gutiérrez,GUT,Sauber,+1 Lap,3,70868.0,23622.666666666668,18.0
904,16,15,16,17,0.0,65,11,2014,5,Spanish Grand Prix,2014-05-11,Adrian,Sutil,SUT,Sauber,+1 Lap,2,51391.0,25695.5,17.0
904,824,206,18,18,0.0,64,12,2014,5,Spanish Grand Prix,2014-05-11,Jules,Bianchi,BIA,Marussia,+2 Laps,2,45496.0,22748.0,21.0
904,820,206,17,19,0.0,64,12,2014,5,Spanish Grand Prix,2014-05-11,Max,Chilton,CHI,Marussia,+2 Laps,3,71155.0,23718.333333333332,17.0
904,828,207,19,20,0.0,64,12,2014,5,Spanish Grand Prix,2014-05-11,Marcus,Ericsson,ERI,Caterham,+2 Laps,2,49762.0,24881.0,18.0
904,155,207,20,21,0.0,34,23,2014,5,Spanish Grand Prix,2014-05-11,Kamui,Kobayashi,KOB,Caterham,Brakes,1,22789.0,22789.0,23.0
904,818,5,21,22,0.0,24,43,2014,5,Spanish Grand Prix,2014-05-11,Jean-Éric,Vergne,VER,Toro Rosso,Exhaust,1,22976.0,22976.0,16.0
905,3,131,1,1,25.0,78,1,2014,6,Monaco Grand Prix,2014-05-25,Nico,Rosberg,ROS,Mercedes,Finished,1,24672.0,24672.0,26.0
905,1,131,2,2,18.0,78,1,2014,6,Monaco Grand Prix,2014-05-25,Lewis,Hamilton,HAM,Mercedes,Finished,1,27509.0,27509.0,26.0
905,817,9,3,3,15.0,78,1,2014,6,Monaco Grand Prix,2014-05-25,Daniel,Ricciardo,RIC,Red Bull,Finished,1,26584.0,26584.0,26.0
905,4,6,5,4,12.0,78,1,2014,6,Monaco Grand Prix,2014-05-25,Fernando,Alonso,ALO,Ferrari,Finished,1,26499.0,26499.0,26.0
905,807,10,11,5,10.0,77,11,2014,6,Monaco Grand Prix,2014-05-25,Nico,Hülkenberg,HUL,Force India,+1 Lap,1,25714.0,25714.0,26.0
905,18,1,12,6,8.0,77,11,2014,6,Monaco Grand Prix,2014-05-25,Jenson,Button,BUT,McLaren,+1 Lap,1,25992.0,25992.0,25.0
905,13,3,16,7,6.0,77,11,2014,6,Monaco Grand Prix,2014-05-25,Felipe,Massa,MAS,Williams,+1 Lap,1,24264.0,24264.0,45.0
905,154,208,14,8,4.0,77,11,2014,6,Monaco Grand Prix,2014-05-25,Romain,Grosjean,GRO,Lotus F1,+1 Lap,2,51341.0,25670.5,1.0
905,824,206,21,9,2.0,77,11,2014,6,Monaco Grand Prix,2014-05-25,Jules,Bianchi,BIA,Marussia,+1 Lap,1,32658.0,32658.0,25.0
905,825,1,8,10,1.0,77,11,2014,6,Monaco Grand Prix,2014-05-25,Kevin,Magnussen,MAG,McLaren,+1 Lap,1,28943.0,28943.0,26.0
905,828,207,22,11,0.0,77,11,2014,6,Monaco Grand Prix,2014-05-25,Marcus,Ericsson,ERI,Caterham,+1 Lap,2,53676.0,26838.0,25.0
905,8,6,6,12,0.0,77,11,2014,6,Monaco Grand Prix,2014-05-25,Kimi,Räikkönen,RAI,Ferrari,+1 Lap,3,82862.0,27620.666666666668,26.0
905,155,207,20,13,0.0,75,12,2014,6,Monaco Grand Prix,2014-05-25,Kamui,Kobayashi,KOB,Caterham,+2 Laps,2,50537.0,25268.5,25.0
905,820,206,19,14,0.0,75,13,2014,6,Monaco Grand Prix,2014-05-25,Max,Chilton,CHI,Marussia,+3 Laps,3,96563.0,32187.666666666668,24.0
905,821,15,17,15,0.0,59,3,2014,6,Monaco Grand Prix,2014-05-25,Esteban,Gutiérrez,GUT,Sauber,Accident,1,25906.0,25906.0,25.0
905,822,3,13,16,0.0,55,5,2014,6,Monaco Grand Prix,2014-05-25,Valtteri,Bottas,BOT,Williams,Engine,1,25595.0,25595.0,26.0
905,818,5,7,17,0.0,50,5,2014,6,Monaco Grand Prix,2014-05-25,Jean-Éric,Vergne,VER,Toro Rosso,Engine,2,44829.0,22414.5,26.0
905,16,15,18,18,0.0,23,3,2014,6,Monaco Grand Prix,2014-05-25,Adrian,Sutil,SUT,Sauber,Accident,1,33207.0,33207.0,1.0
905,826,5,9,19,0.0,10,26,2014,6,Monaco Grand Prix,2014-05-25,Daniil,Kvyat,KVY,Toro Rosso,Mechanical,0,,,
905,20,9,4,20,0.0,5,101,2014,6,Monaco Grand Prix,2014-05-25,Sebastian,Vettel,VET,Red Bull,Turbo,1,66065.0,66065.0,4.0
905,815,10,10,21,0.0,0,4,2014,6,Monaco Grand Prix,2014-05-25,Sergio,Pérez,PER,Force India,Collision,0,,,
905,813,208,15,22,0.0,0,54,2014,6,Monaco Grand Prix,2014-05-25,Pastor,Maldonado,MAL,Lotus F1,Withdrew,0,,,
906,817,9,6,1,25.0,70,1,2014,7,Canadian Grand Prix,2014-06-08,Daniel,Ricciardo,RIC,Red Bull,Finished,2,46880.0,23440.0,13.0
906,3,131,1,2,18.0,70,1,2014,7,Canadian Grand Prix,2014-06-08,Nico,Rosberg,ROS,Mercedes,Finished,2,48984.0,24492.0,18.0
906,20,9,3,3,15.0,70,1,2014,7,Canadian Grand Prix,2014-06-08,Sebastian,Vettel,VET,Red Bull,Finished,2,47244.0,23622.0,15.0
906,18,1,9,4,12.0,70,1,2014,7,Canadian Grand Prix,2014-06-08,Jenson,Button,BUT,McLaren,Finished,2,48543.0,24271.5,14.0
906,807,10,11,5,10.0,70,1,2014,7,Canadian Grand Prix,2014-06-08,Nico,Hülkenberg,HUL,Force India,Finished,1,23902.0,23902.0,41.0
906,4,6,7,6,8.0,70,1,2014,7,Canadian Grand Prix,2014-06-08,Fernando,Alonso,ALO,Ferrari,Finished,2,47722.0,23861.0,16.0
906,822,3,4,7,6.0,70,1,2014,7,Canadian Grand Prix,2014-06-08,Valtteri,Bottas,BOT,Williams,Finished,2,47939.0,23969.5,14.0
906,818,5,8,8,4.0,70,1,2014,7,Canadian Grand Prix,2014-06-08,Jean-Éric,Vergne,VER,Toro Rosso,Finished,2,48408.0,24204.0,15.0
906,825,1,12,9,2.0,70,1,2014,7,Canadian Grand Prix,2014-06-08,Kevin,Magnussen,MAG,McLaren,Finished,2,47386.0,23693.0,15.0
906,8,6,10,10,1.0,70,1,2014,7,Canadian Grand Prix,2014-06-08,Kimi,Räikkönen,RAI,Ferrari,Finished,2,48146.0,24073.0,17.0
906,815,10,13,11,0.0,69,4,2014,7,Canadian Grand Prix,2014-06-08,Sergio,Pérez,PER,Force India,Collision,1,23907.0,23907.0,34.0
906,13,3,5,12,0.0,69,4,2014,7,Canadian Grand Prix,2014-06-08,Felipe,Massa,MAS,Williams,Collision,2,51961.0,25980.5,15.0
906,16,15,16,13,0.0,69,11,2014,7,Canadian Grand Prix,2014-06-08,Adrian,Sutil,SUT,Sauber,+1 Lap,2,47771.0,23885.5,15.0
906,821,15,22,14,0.0,64,132,2014,7,Canadian Grand Prix,2014-06-08,Esteban,Gutiérrez,GUT,Sauber,ERS,3,73541.0,24513.666666666668,1.0
906,154,208,14,15,0.0,59,65,2014,7,Canadian Grand Prix,2014-06-08,Romain,Grosjean,GRO,Lotus F1,Rear wing,2,47799.0,23899.5,11.0
906,826,5,15,16,0.0,47,79,2014,7,Canadian Grand Prix,2014-06-08,Daniil,Kvyat,KVY,Toro Rosso,Drivetrain,2,50933.0,25466.5,29.0
906,1,131,2,17,0.0,46,23,2014,7,Canadian Grand Prix,2014-06-08,Lewis,Hamilton,HAM,Mercedes,Brakes,2,47971.0,23985.5,19.0
906,155,207,21,18,0.0,23,22,2014,7,Canadian Grand Prix,2014-06-08,Kamui,Kobayashi,KOB,Caterham,Suspension,0,,,
906,813,208,17,19,0.0,21,131,2014,7,Canadian Grand Prix,2014-06-08,Pastor,Maldonado,MAL,Lotus F1,Power Unit,0,,,
906,828,207,20,20,0.0,7,101,2014,7,Canadian Grand Prix,2014-06-08,Marcus,Ericsson,ERI,Caterham,Turbo,0,,,
906,820,206,18,21,0.0,0,4,2014,7,Canadian Grand Prix,2014-06-08,Max,Chilton,CHI,Marussia,Collision,0,,,
906,824,206,19,22,0.0,0,4,2014,7,Canadian Grand Prix,2014-06-08,Jules,Bianchi,BIA,Marussia,Collision,0,,,
907,3,131,3,1,25.0,71,1,2014,8,Austrian Grand Prix,2014-06-22,Nico,Rosberg,ROS,Mercedes,Finished,2,43138.0,21569.0,11.0
907,1,131,9,2,18.0,71,1,2014,8,Austrian Grand Prix,2014-06-22,Lewis,Hamilton,HAM,Mercedes,Finished,2,44781.0,22390.5,13.0
907,822,3,2,3,15.0,71,1,2014,8,Austrian Grand Prix,2014-06-22,Valtteri,Bottas,BOT,Williams,Finished,2,43341.0,21670.5,15.0
907,13,3,1,4,12.0,71,1,2014,8,Austrian Grand Prix,2014-06-22,Felipe,Massa,MAS,Williams,Finished,2,43992.0,21996.0,14.0
907,4,6,4,5,10.0,71,1,2014,8,Austrian Grand Prix,2014-06-22,Fernando,Alonso,ALO,Ferrari,Finished,2,42510.0,21255.0,14.0
907,815,10,15,6,8.0,71,1,2014,8,Austrian Grand Prix,2014-06-22,Sergio,Pérez,PER,Force India,Finished,2,45730.0,22865.0,29.0
907,825,1,6,7,6.0,71,1,2014,8,Austrian Grand Prix,2014-06-22,Kevin,Magnussen,MAG,McLaren,Finished,2,43552.0,21776.0,10.0
907,817,9,5,8,4.0,71,1,2014,8,Austrian Grand Prix,2014-06-22,Daniel,Ricciardo,RIC,Red Bull,Finished,2,42865.0,21432.5,10.0
907,807,10,10,9,2.0,71,1,2014,8,Austrian Grand Prix,2014-06-22,Nico,Hülkenberg,HUL,Force India,Finished,2,44166.0,22083.0,9.0
907,8,6,8,10,1.0,71,1,2014,8,Austrian Grand Prix,2014-06-22,Kimi,Räikkönen,RAI,Ferrari,Finished,2,43532.0,21766.0,15.0
907,18,1,11,11,0.0,71,1,2014,8,Austrian Grand Prix,2014-06-22,Jenson,Button,BUT,McLaren,Finished,2,42747.0,21373.5,27.0
907,813,208,13,12,0.0,70,11,2014,8,Austrian Grand Prix,2014-06-22,Pastor,Maldonado,MAL,Lotus F1,+1 Lap,2,45955.0,22977.5,26.0
907,16,15,16,13,0.0,70,11,2014,8,Austrian Grand Prix,2014-06-22,Adrian,Sutil,SUT,Sauber,+1 Lap,2,45409.0,22704.5,11.0
907,154,208,22,14,0.0,70,11,2014,8,Austrian Grand Prix,2014-06-22,Romain,Grosjean,GRO,Lotus F1,+1 Lap,2,46096.0,23048.0,3.0
907,824,206,18,15,0.0,69,12,2014,8,Austrian Grand Prix,2014-06-22,Jules,Bianchi,BIA,Marussia,+2 Laps,1,24452.0,24452.0,40.0
907,155,207,19,16,0.0,69,12,2014,8,Austrian Grand Prix,2014-06-22,Kamui,Kobayashi,KOB,Caterham,+2 Laps,1,22480.0,22480.0,14.0
907,820,206,21,17,0.0,69,12,2014,8,Austrian Grand Prix,2014-06-22,Max,Chilton,CHI,Marussia,+2 Laps,1,22977.0,22977.0,37.0
907,828,207,20,18,0.0,69,12,2014,8,Austrian Grand Prix,2014-06-22,Marcus,Ericsson,ERI,Caterham,+2 Laps,2,48355.0,24177.5,28.0
907,821,15,17,19,0.0,69,12,2014,8,Austrian Grand Prix,2014-06-22,Esteban,Gutiérrez,GUT,Sauber,+2 Laps,3,106819.0,35606.333333333336,12.0
907,818,5,14,20,0.0,59,23,2014,8,Austrian Grand Prix,2014-06-22,Jean-Éric,Vergne,VER,Toro Rosso,Brakes,2,44606.0,22303.0,8.0
907,20,9,12,21,0.0,34,10,2014,8,Austrian Grand Prix,2014-06-22,Sebastian,Vettel,VET,Red Bull,Electrical,2,51225.0,25612.5,20.0
907,826,5,7,22,0.0,24,22,2014,8,Austrian Grand Prix,2014-06-22,Daniil,Kvyat,KVY,Toro Rosso,Suspension,1,21906.0,21906.0,10.0
908,1,131,6,1,25.0,52,1,2014,9,British Grand Prix,2014-07-06,Lewis,Hamilton,HAM,Mercedes,Finished,2,58970.0,29485.0,24.0
908,822,3,14,2,18.0,52,1,2014,9,British Grand Prix,2014-07-06,Valtteri,Bottas,BOT,Williams,Finished,1,29104.0,29104.0,31.0
908,817,9,8,3,15.0,52,1,2014,9,British Grand Prix,2014-07-06,Daniel,Ricciardo,RIC,Red Bull,Finished,1,28483.0,28483.0,15.0
908,18,1,3,4,12.0,52,1,2014,9,British Grand Prix,2014-07-06,Jenson,Button,BUT,McLaren,Finished,1,28645.0,28645.0,28.0
908,20,9,2,5,10.0,52,1,2014,9,British Grand Prix,2014-07-06,Sebastian,Vettel,VET,Red Bull,Finished,2,57345.0,28672.5,10.0
908,4,6,16,6,8.0,52,1,2014,9,British Grand Prix,2014-07-06,Fernando,Alonso,ALO,Ferrari,Finished,1,34410.0,34410.0,25.0
908,825,1,5,7,6.0,52,1,2014,9,British Grand Prix,2014-07-06,Kevin,Magnussen,MAG,McLaren,Finished,1,28745.0,28745.0,27.0
908,807,10,4,8,4.0,52,1,2014,9,British Grand Prix,2014-07-06,Nico,Hülkenberg,HUL,Force India,Finished,1,29579.0,29579.0,29.0
908,826,5,9,9,2.0,52,1,2014,9,British Grand Prix,2014-07-06,Daniil,Kvyat,KVY,Toro Rosso,Finished,2,57275.0,28637.5,14.0
908,818,5,10,10,1.0,51,11,2014,9,British Grand Prix,2014-07-06,Jean-Éric,Vergne,VER,Toro Rosso,+1 Lap,1,30218.0,30218.0,27.0
908,815,10,7,11,0.0,51,11,2014,9,British Grand Prix,2014-07-06,Sergio,Pérez,PER,Force India,+1 Lap,1,29599.0,29599.0,26.0
908,154,208,11,12,0.0,51,11,2014,9,British Grand Prix,2014-07-06,Romain,Grosjean,GRO,Lotus F1,+1 Lap,1,29710.0,29710.0,30.0
908,16,15,13,13,0.0,51,11,2014,9,British Grand Prix,2014-07-06,Adrian,Sutil,SUT,Sauber,+1 Lap,1,29956.0,29956.0,23.0
908,824,206,12,14,0.0,51,11,2014,9,British Grand Prix,2014-07-06,Jules,Bianchi,BIA,Marussia,+1 Lap,1,30353.0,30353.0,29.0
908,155,207,22,15,0.0,50,12,2014,9,British Grand Prix,2014-07-06,Kamui,Kobayashi,KOB,Caterham,+2 Laps,2,59047.0,29523.5,18.0
908,820,206,17,16,0.0,50,12,2014,9,British Grand Prix,2014-07-06,Max,Chilton,CHI,Marussia,+2 Laps,2,52891.0,26445.5,2.0
908,813,208,20,17,0.0,49,13,2014,9,British Grand Prix,2014-07-06,Pastor,Maldonado,MAL,Lotus F1,+3 Laps,1,28831.0,28831.0,26.0
908,3,131,1,18,0.0,28,6,2014,9,British Grand Prix,2014-07-06,Nico,Rosberg,ROS,Mercedes,Gearbox,1,28329.0,28329.0,18.0
908,828,207,21,19,0.0,11,22,2014,9,British Grand Prix,2014-07-06,Marcus,Ericsson,ERI,Caterham,Suspension,0,,,
908,821,15,19,20,0.0,9,4,2014,9,British Grand Prix,2014-07-06,Esteban,Gutiérrez,GUT,Sauber,Collision,0,,,
908,13,3,15,21,0.0,0,4,2014,9,British Grand Prix,2014-07-06,Felipe,Massa,MAS,Williams,Collision,0,,,
908,8,6,18,22,0.0,0,4,2014,9,British Grand Prix,2014-07-06,Kimi,Räikkönen,RAI,Ferrari,Collision,0,,,
909,3,131,1,1,25.0,67,1,2014,10,German Grand Prix,2014-07-20,Nico,Rosberg,ROS,Mercedes,Finished,2,40312.0,20156.0,15.0
909,822,3,2,2,18.0,67,1,2014,10,German Grand Prix,2014-07-20,Valtteri,Bottas,BOT,Williams,Finished,2,40321.0,20160.5,15.0
909,1,131,20,3,15.0,67,1,2014,10,German Grand Prix,2014-07-20,Lewis,Hamilton,HAM,Mercedes,Finished,3,59496.0,19832.0,26.0
909,20,9,6,4,12.0,67,1,2014,10,German Grand Prix,2014-07-20,Sebastian,Vettel,VET,Red Bull,Finished,3,57547.0,19182.333333333332,14.0
909,4,6,7,5,10.0,67,1,2014,10,German Grand Prix,2014-07-20,Fernando,Alonso,ALO,Ferrari,Finished,3,57514.0,19171.333333333332,12.0
909,817,9,5,6,8.0,67,1,2014,10,German Grand Prix,2014-07-20,Daniel,Ricciardo,RIC,Red Bull,Finished,3,57276.0,19092.0,13.0
909,807,10,9,7,6.0,67,1,2014,10,German Grand Prix,2014-07-20,Nico,Hülkenberg,HUL,Force India,Finished,2,39078.0,19539.0,14.0
909,18,1,11,8,4.0,67,1,2014,10,German Grand Prix,2014-07-20,Jenson,Button,BUT,McLaren,Finished,3,60741.0,20247.0,13.0
909,825,1,4,9,2.0,66,11,2014,10,German Grand Prix,2014-07-20,Kevin,Magnussen,MAG,McLaren,+1 Lap,3,64421.0,21473.666666666668,1.0
909,815,10,10,10,1.0,66,11,2014,10,German Grand Prix,2014-07-20,Sergio,Pérez,PER,Force India,+1 Lap,3,61577.0,20525.666666666668,14.0
909,8,6,12,11,0.0,66,11,2014,10,German Grand Prix,2014-07-20,Kimi,Räikkönen,RAI,Ferrari,+1 Lap,3,59344.0,19781.333333333332,20.0
909,813,208,18,12,0.0,66,11,2014,10,German Grand Prix,2014-07-20,Pastor,Maldonado,MAL,Lotus F1,+1 Lap,2,38225.0,19112.5,18.0
909,818,5,13,13,0.0,66,11,2014,10,German Grand Prix,2014-07-20,Jean-Éric,Vergne,VER,Toro Rosso,+1 Lap,3,67416.0,22472.0,13.0
909,821,15,16,14,0.0,66,11,2014,10,German Grand Prix,2014-07-20,Esteban,Gutiérrez,GUT,Sauber,+1 Lap,3,64086.0,21362.0,14.0
909,824,206,17,15,0.0,66,11,2014,10,German Grand Prix,2014-07-20,Jules,Bianchi,BIA,Marussia,+1 Lap,2,40606.0,20303.0,20.0
909,155,207,19,16,0.0,65,12,2014,10,German Grand Prix,2014-07-20,Kamui,Kobayashi,KOB,Caterham,+2 Laps,3,60571.0,20190.333333333332,15.0
909,820,206,21,17,0.0,65,12,2014,10,German Grand Prix,2014-07-20,Max,Chilton,CHI,Marussia,+2 Laps,3,65435.0,21811.666666666668,16.0
909,828,207,22,18,0.0,65,12,2014,10,German Grand Prix,2014-07-20,Marcus,Ericsson,ERI,Caterham,+2 Laps,3,67808.0,22602.666666666668,3.0
909,16,15,15,19,0.0,47,23,2014,10,German Grand Prix,2014-07-20,Adrian,Sutil,SUT,Sauber,Brakes,3,60093.0,20031.0,16.0
909,826,5,8,20,0.0,44,44,2014,10,German Grand Prix,2014-07-20,Daniil,Kvyat,KVY,Toro Rosso,Oil leak,2,40564.0,20282.0,9.0
909,154,208,14,21,0.0,26,47,2014,10,German Grand Prix,2014-07-20,Romain,Grosjean,GRO,Lotus F1,Water leak,1,18928.0,18928.0,24.0
909,13,3,3,22,0.0,0,4,2014,10,German Grand Prix,2014-07-20,Felipe,Massa,MAS,Williams,Collision,0,,,
910,817,9,4,1,25.0,70,1,2014,11,Hungarian Grand Prix,2014-07-27,Daniel,Ricciardo,RIC,Red Bull,Finished,3,68219.0,22739.666666666668,8.0
910,4,6,5,2,18.0,70,1,2014,11,Hungarian Grand Prix,2014-07-27,Fernando,Alonso,ALO,Ferrari,Finished,2,43887.0,21943.5,9.0
910,1,131,22,3,15.0,70,1,2014,11,Hungarian Grand Prix,2014-07-27,Lewis,Hamilton,HAM,Mercedes,Finished,2,47164.0,23582.0,8.0
910,3,131,1,4,12.0,70,1,2014,11,Hungarian Grand Prix,2014-07-27,Nico,Rosberg,ROS,Mercedes,Finished,3,68692.0,22897.333333333332,9.0
910,13,3,6,5,10.0,70,1,2014,11,Hungarian Grand Prix,2014-07-27,Felipe,Massa,MAS,Williams,Finished,3,67240.0,22413.333333333332,8.0
910,8,6,16,6,8.0,70,1,2014,11,Hungarian Grand Prix,2014-07-27,Kimi,Räikkönen,RAI,Ferrari,Finished,2,45368.0,22684.0,8.0
910,20,9,2,7,6.0,70,1,2014,11,Hungarian Grand Prix,2014-07-27,Sebastian,Vettel,VET,Red Bull,Finished,2,43778.0,21889.0,9.0
910,822,3,3,8,4.0,70,1,2014,11,Hungarian Grand Prix,2014-07-27,Valtteri,Bottas,BOT,Williams,Finished,3,70604.0,23534.666666666668,9.0
910,818,5,8,9,2.0,70,1,2014,11,Hungarian Grand Prix,2014-07-27,Jean-Éric,Vergne,VER,Toro Rosso,Finished,2,46932.0,23466.0,8.0
910,18,1,7,10,1.0,70,1,2014,11,Hungarian Grand Prix,2014-07-27,Jenson,Button,BUT,McLaren,Finished,3,71755.0,23918.333333333332,8.0
910,16,15,11,11,0.0,70,1,2014,11,Hungarian Grand Prix,2014-07-27,Adrian,Sutil,SUT,Sauber,Finished,2,54456.0,27228.0,8.0
910,825,1,21,12,0.0,70,1,2014,11,Hungarian Grand Prix,2014-07-27,Kevin,Magnussen,MAG,McLaren,Finished,2,45358.0,22679.0,15.0
910,813,208,20,13,0.0,70,1,2014,11,Hungarian Grand Prix,2014-07-27,Pastor,Maldonado,MAL,Lotus F1,Finished,3,76802.0,25600.666666666668,8.0
910,826,5,10,14,0.0,69,11,2014,11,Hungarian Grand Prix,2014-07-27,Daniil,Kvyat,KVY,Toro Rosso,+1 Lap,2,45625.0,22812.5,8.0
910,824,206,15,15,0.0,69,11,2014,11,Hungarian Grand Prix,2014-07-27,Jules,Bianchi,BIA,Marussia,+1 Lap,3,72622.0,24207.333333333332,9.0
910,820,206,18,16,0.0,69,11,2014,11,Hungarian Grand Prix,2014-07-27,Max,Chilton,CHI,Marussia,+1 Lap,2,47857.0,23928.5,8.0
910,821,15,13,17,0.0,33,31,2014,11,Hungarian Grand Prix,2014-07-27,Esteban,Gutiérrez,GUT,Sauber,Retired,1,24050.0,24050.0,8.0
910,155,207,17,18,0.0,26,31,2014,11,Hungarian Grand Prix,2014-07-27,Kamui,Kobayashi,KOB,Caterham,Retired,1,34086.0,34086.0,8.0
910,815,10,12,19,0.0,23,3,2014,11,Hungarian Grand Prix,2014-07-27,Sergio,Pérez,PER,Force India,Accident,1,25535.0,25535.0,8.0
910,807,10,9,20,0.0,16,3,2014,11,Hungarian Grand Prix,2014-07-27,Nico,Hülkenberg,HUL,Force India,Accident,1,24040.0,24040.0,8.0
910,154,208,14,21,0.0,11,3,2014,11,Hungarian Grand Prix,2014-07-27,Romain,Grosjean,GRO,Lotus F1,Accident,1,23979.0,23979.0,8.0
910,828,207,19,22,0.0,8,3,2014,11,Hungarian Grand Prix,2014-07-27,Marcus,Ericsson,ERI,Caterham,Accident,0,,,
911,817,9,5,1,25.0,44,1,2014,12,Belgian Grand Prix,2014-08-24,Daniel,Ricciardo,RIC,Red Bull,Finished,2,45588.0,22794.0,11.0
911,3,131,1,2,18.0,44,1,2014,12,Belgian Grand Prix,2014-08-24,Nico,Rosberg,ROS,Mercedes,Finished,3,76325.0,25441.666666666668,8.0
911,822,3,6,3,15.0,44,1,2014,12,Belgian Grand Prix,2014-08-24,Valtteri,Bottas,BOT,Williams,Finished,2,45945.0,22972.5,12.0
911,8,6,8,4,12.0,44,1,2014,12,Belgian Grand Prix,2014-08-24,Kimi,Räikkönen,RAI,Ferrari,Finished,2,45677.0,22838.5,8.0
911,20,9,3,5,10.0,44,1,2014,12,Belgian Grand Prix,2014-08-24,Sebastian,Vettel,VET,Red Bull,Finished,3,68721.0,22907.0,10.0
911,18,1,10,6,8.0,44,1,2014,12,Belgian Grand Prix,2014-08-24,Jenson,Button,BUT,McLaren,Finished,2,45388.0,22694.0,13.0
911,4,6,4,7,6.0,44,1,2014,12,Belgian Grand Prix,2014-08-24,Fernando,Alonso,ALO,Ferrari,Finished,2,51894.0,25947.0,12.0
911,815,10,13,8,4.0,44,1,2014,12,Belgian Grand Prix,2014-08-24,Sergio,Pérez,PER,Force India,Finished,2,47081.0,23540.5,9.0
911,826,5,11,9,2.0,44,1,2014,12,Belgian Grand Prix,2014-08-24,Daniil,Kvyat,KVY,Toro Rosso,Finished,2,48518.0,24259.0,10.0
911,807,10,18,10,1.0,44,1,2014,12,Belgian Grand Prix,2014-08-24,Nico,Hülkenberg,HUL,Force India,Finished,2,47664.0,23832.0,10.0
911,818,5,12,11,0.0,44,1,2014,12,Belgian Grand Prix,2014-08-24,Jean-Éric,Vergne,VER,Toro Rosso,Finished,2,46773.0,23386.5,15.0
911,825,1,7,12,0.0,44,1,2014,12,Belgian Grand Prix,2014-08-24,Kevin,Magnussen,MAG,McLaren,Finished,2,45529.0,22764.5,11.0
911,13,3,9,13,0.0,44,1,2014,12,Belgian Grand Prix,2014-08-24,Felipe,Massa,MAS,Williams,Finished,3,71252.0,23750.666666666668,9.0
911,16,15,14,14,0.0,44,1,2014,12,Belgian Grand Prix,2014-08-24,Adrian,Sutil,SUT,Sauber,Finished,3,71266.0,23755.333333333332,11.0
911,821,15,20,15,0.0,44,1,2014,12,Belgian Grand Prix,2014-08-24,Esteban,Gutiérrez,GUT,Sauber,Finished,2,46157.0,23078.5,14.0
911,820,206,19,16,0.0,43,11,2014,12,Belgian Grand Prix,2014-08-24,Max,Chilton,CHI,Marussia,+1 Lap,2,48607.0,24303.5,11.0
911,828,207,22,17,0.0,43,11,2014,12,Belgian Grand Prix,2014-08-24,Marcus,Ericsson,ERI,Caterham,+1 Lap,2,48296.0,24148.0,11.0
911,824,206,16,18,0.0,39,6,2014,12,Belgian Grand Prix,2014-08-24,Jules,Bianchi,BIA,Marussia,Gearbox,2,49280.0,24640.0,1.0
911,1,131,2,19,0.0,38,31,2014,12,Belgian Grand Prix,2014-08-24,Lewis,Hamilton,HAM,Mercedes,Retired,3,73403.0,24467.666666666668,2.0
911,154,208,15,20,0.0,33,31,2014,12,Belgian Grand Prix,2014-08-24,Romain,Grosjean,GRO,Lotus F1,Retired,3,76663.0,25554.333333333332,1.0
911,813,208,17,21,0.0,1,26,2014,12,Belgian Grand Prix,2014-08-24,Pastor,Maldonado,MAL,Lotus F1,Mechanical,0,,,
911,827,207,21,22,0.0,1,131,2014,12,Belgian Grand Prix,2014-08-24,André,Lotterer,LOT,Caterham,Power Unit,0,,,
912,1,131,1,1,25.0,53,1,2014,13,Italian Grand Prix,2014-09-07,Lewis,Hamilton,HAM,Mercedes,Finished,1,24453.0,24453.0,25.0
912,3,131,2,2,18.0,53,1,2014,13,Italian Grand Prix,2014-09-07,Nico,Rosberg,ROS,Mercedes,Finished,1,24583.0,24583.0,24.0
912,13,3,4,3,15.0,53,1,2014,13,Italian Grand Prix,2014-09-07,Felipe,Massa,MAS,Williams,Finished,1,24323.0,24323.0,23.0
912,822,3,3,4,12.0,53,1,2014,13,Italian Grand Prix,2014-09-07,Valtteri,Bottas,BOT,Williams,Finished,1,24991.0,24991.0,24.0
912,817,9,9,5,10.0,53,1,2014,13,Italian Grand Prix,2014-09-07,Daniel,Ricciardo,RIC,Red Bull,Finished,1,24388.0,24388.0,26.0
912,20,9,8,6,8.0,53,1,2014,13,Italian Grand Prix,2014-09-07,Sebastian,Vettel,VET,Red Bull,Finished,1,25176.0,25176.0,18.0
912,815,10,10,7,6.0,53,1,2014,13,Italian Grand Prix,2014-09-07,Sergio,Pérez,PER,Force India,Finished,1,24938.0,24938.0,19.0
912,18,1,6,8,4.0,53,1,2014,13,Italian Grand Prix,2014-09-07,Jenson,Button,BUT,McLaren,Finished,1,24669.0,24669.0,22.0
912,8,6,11,9,2.0,53,1,2014,13,Italian Grand Prix,2014-09-07,Kimi,Räikkönen,RAI,Ferrari,Finished,1,24547.0,24547.0,20.0
912,825,1,5,10,1.0,53,1,2014,13,Italian Grand Prix,2014-09-07,Kevin,Magnussen,MAG,McLaren,Finished,1,24214.0,24214.0,21.0
912,826,5,21,11,0.0,53,1,2014,13,Italian Grand Prix,2014-09-07,Daniil,Kvyat,KVY,Toro Rosso,Finished,1,24651.0,24651.0,30.0
912,807,10,13,12,0.0,53,1,2014,13,Italian Grand Prix,2014-09-07,Nico,Hülkenberg,HUL,Force India,Finished,1,25547.0,25547.0,19.0
912,818,5,12,13,0.0,53,1,2014,13,Italian Grand Prix,2014-09-07,Jean-Éric,Vergne,VER,Toro Rosso,Finished,1,25046.0,25046.0,24.0
912,813,208,16,14,0.0,52,11,2014,13,Italian Grand Prix,2014-09-07,Pastor,Maldonado,MAL,Lotus F1,+1 Lap,1,24223.0,24223.0,21.0
912,16,15,14,15,0.0,52,11,2014,13,Italian Grand Prix,2014-09-07,Adrian,Sutil,SUT,Sauber,+1 Lap,1,26864.0,26864.0,24.0
912,154,208,17,16,0.0,52,11,2014,13,Italian Grand Prix,2014-09-07,Romain,Grosjean,GRO,Lotus F1,+1 Lap,1,25098.0,25098.0,20.0
912,155,207,18,17,0.0,52,11,2014,13,Italian Grand Prix,2014-09-07,Kamui,Kobayashi,KOB,Caterham,+1 Lap,1,25277.0,25277.0,22.0
912,824,206,19,18,0.0,52,11,2014,13,Italian Grand Prix,2014-09-07,Jules,Bianchi,BIA,Marussia,+1 Lap,1,26641.0,26641.0,27.0
912,821,15,15,19,0.0,51,12,2014,13,Italian Grand Prix,2014-09-07,Esteban,Gutiérrez,GUT,Sauber,+2 Laps,3,78918.0,26306.0,9.0
912,828,207,22,20,0.0,51,12,2014,13,Italian Grand Prix,2014-09-07,Marcus,Ericsson,ERI,Caterham,+2 Laps,1,28685.0,28685.0,30.0
912,4,6,7,21,0.0,28,5,2014,13,Italian Grand Prix,2014-09-07,Fernando,Alonso,ALO,Ferrari,Engine,1,24913.0,24913.0,21.0
912,820,206,20,22,0.0,5,3,2014,13,Italian Grand Prix,2014-09-07,Max,Chilton,CHI,Marussia,Accident,0,,,
913,1,131,1,1,25.0,60,1,2014,14,Singapore Grand Prix,2014-09-21,Lewis,Hamilton,HAM,Mercedes,Finished,3,89746.0,29915.333333333332,13.0
913,20,9,4,2,18.0,60,1,2014,14,Singapore Grand Prix,2014-09-21,Sebastian,Vettel,VET,Red Bull,Finished,2,58880.0,29440.0,12.0
913,817,9,3,3,15.0,60,1,2014,14,Singapore Grand Prix,2014-09-21,Daniel,Ricciardo,RIC,Red Bull,Finished,2,58874.0,29437.0,12.0
913,4,6,5,4,12.0,60,1,2014,14,Singapore Grand Prix,2014-09-21,Fernando,Alonso,ALO,Ferrari,Finished,3,86713.0,28904.333333333332,12.0
913,13,3,6,5,10.0,60,1,2014,14,Singapore Grand Prix,2014-09-21,Felipe,Massa,MAS,Williams,Finished,2,58584.0,29292.0,10.0
913,818,5,12,6,8.0,60,1,2014,14,Singapore Grand Prix,2014-09-21,Jean-Éric,Vergne,VER,Toro Rosso,Finished,3,95226.0,31742.0,11.0
913,815,10,15,7,6.0,60,1,2014,14,Singapore Grand Prix,2014-09-21,Sergio,Pérez,PER,Force India,Finished,4,124109.0,31027.25,15.0
913,8,6,7,8,4.0,60,1,2014,14,Singapore Grand Prix,2014-09-21,Kimi,Räikkönen,RAI,Ferrari,Finished,3,89060.0,29686.666666666668,11.0
913,807,10,13,9,2.0,60,1,2014,14,Singapore Grand Prix,2014-09-21,Nico,Hülkenberg,HUL,Force India,Finished,3,89764.0,29921.333333333332,9.0
913,825,1,9,10,1.0,60,1,2014,14,Singapore Grand Prix,2014-09-21,Kevin,Magnussen,MAG,McLaren,Finished,3,86231.0,28743.666666666668,13.0
913,822,3,8,11,0.0,60,1,2014,14,Singapore Grand Prix,2014-09-21,Valtteri,Bottas,BOT,Williams,Finished,2,59220.0,29610.0,11.0
913,813,208,18,12,0.0,60,1,2014,14,Singapore Grand Prix,2014-09-21,Pastor,Maldonado,MAL,Lotus F1,Finished,4,118014.0,29503.5,11.0
913,154,208,16,13,0.0,60,1,2014,14,Singapore Grand Prix,2014-09-21,Romain,Grosjean,GRO,Lotus F1,Finished,3,88123.0,29374.333333333332,10.0
913,826,5,10,14,0.0,60,1,2014,14,Singapore Grand Prix,2014-09-21,Daniil,Kvyat,KVY,Toro Rosso,Finished,3,91369.0,30456.333333333332,10.0
913,828,207,22,15,0.0,60,1,2014,14,Singapore Grand Prix,2014-09-21,Marcus,Ericsson,ERI,Caterham,Finished,2,60508.0,30254.0,12.0
913,824,206,19,16,0.0,60,1,2014,14,Singapore Grand Prix,2014-09-21,Jules,Bianchi,BIA,Marussia,Finished,3,90050.0,30016.666666666668,15.0
913,820,206,21,17,0.0,59,11,2014,14,Singapore Grand Prix,2014-09-21,Max,Chilton,CHI,Marussia,+1 Lap,3,98603.0,32867.666666666664,16.0
913,18,1,11,18,0.0,52,31,2014,14,Singapore Grand Prix,2014-09-21,Jenson,Button,BUT,McLaren,Retired,2,57268.0,28634.0,14.0
913,16,15,17,19,0.0,40,34,2014,14,Singapore Grand Prix,2014-09-21,Adrian,Sutil,SUT,Sauber,Water pressure,3,90307.0,30102.333333333332,8.0
913,821,15,14,20,0.0,17,10,2014,14,Singapore Grand Prix,2014-09-21,Esteban,Gutiérrez,GUT,Sauber,Electrical,1,33679.0,33679.0,15.0
913,3,131,2,21,0.0,13,10,2014,14,Singapore Grand Prix,2014-09-21,Nico,Rosberg,ROS,Mercedes,Electrical,0,,,
913,155,207,20,22,0.0,0,131,2014,14,Singapore Grand Prix,2014-09-21,Kamui,Kobayashi,KOB,Caterham,Power Unit,0,,,
914,1,131,2,1,25.0,44,1,2014,15,Japanese Grand Prix,2014-10-05,Lewis,Hamilton,HAM,Mercedes,Finished,3,1184863.0,394954.3333333333,2.0
914,3,131,1,2,18.0,44,1,2014,15,Japanese Grand Prix,2014-10-05,Nico,Rosberg,ROS,Mercedes,Finished,3,1185074.0,395024.6666666667,2.0
914,20,9,9,3,15.0,44,1,2014,15,Japanese Grand Prix,2014-10-05,Sebastian,Vettel,VET,Red Bull,Finished,3,1182185.0,394061.6666666667,2.0
914,817,9,6,4,12.0,44,1,2014,15,Japanese Grand Prix,2014-10-05,Daniel,Ricciardo,RIC,Red Bull,Finished,3,1185311.0,395103.6666666667,2.0
914,18,1,8,5,10.0,44,1,2014,15,Japanese Grand Prix,2014-10-05,Jenson,Button,BUT,McLaren,Finished,4,1213890.0,303472.5,2.0
914,822,3,3,6,8.0,44,1,2014,15,Japanese Grand Prix,2014-10-05,Valtteri,Bottas,BOT,Williams,Finished,3,1186511.0,395503.6666666667,2.0
914,13,3,4,7,6.0,44,1,2014,15,Japanese Grand Prix,2014-10-05,Felipe,Massa,MAS,Williams,Finished,3,1185898.0,395299.3333333333,2.0
914,807,10,13,8,4.0,44,1,2014,15,Japanese Grand Prix,2014-10-05,Nico,Hülkenberg,HUL,Force India,Finished,4,1209923.0,302480.75,2.0
914,818,5,20,9,2.0,44,1,2014,15,Japanese Grand Prix,2014-10-05,Jean-Éric,Vergne,VER,Toro Rosso,Finished,3,1186361.0,395453.6666666667,2.0
914,815,10,11,10,1.0,43,11,2014,15,Japanese Grand Prix,2014-10-05,Sergio,Pérez,PER,Force India,+1 Lap,4,1210618.0,302654.5,2.0
914,826,5,12,11,0.0,43,11,2014,15,Japanese Grand Prix,2014-10-05,Daniil,Kvyat,KVY,Toro Rosso,+1 Lap,4,1209872.0,302468.0,2.0
914,8,6,10,12,0.0,43,11,2014,15,Japanese Grand Prix,2014-10-05,Kimi,Räikkönen,RAI,Ferrari,+1 Lap,5,1241874.0,248374.8,2.0
914,821,15,15,13,0.0,43,11,2014,15,Japanese Grand Prix,2014-10-05,Esteban,Gutiérrez,GUT,Sauber,+1 Lap,3,1186369.0,395456.3333333333,2.0
914,825,1,7,14,0.0,43,11,2014,15,Japanese Grand Prix,2014-10-05,Kevin,Magnussen,MAG,McLaren,+1 Lap,5,1241718.0,248343.6,2.0
914,154,208,16,15,0.0,43,11,2014,15,Japanese Grand Prix,2014-10-05,Romain,Grosjean,GRO,Lotus F1,+1 Lap,5,1228877.0,245775.4,2.0
914,813,208,22,16,0.0,43,11,2014,15,Japanese Grand Prix,2014-10-05,Pastor,Maldonado,MAL,Lotus F1,+1 Lap,4,1202770.0,300692.5,2.0
914,828,207,17,17,0.0,43,11,2014,15,Japanese Grand Prix,2014-10-05,Marcus,Ericsson,ERI,Caterham,+1 Lap,4,1196670.0,299167.5,2.0
914,820,206,21,18,0.0,43,11,2014,15,Japanese Grand Prix,2014-10-05,Max,Chilton,CHI,Marussia,+1 Lap,3,1187094.0,395698.0,2.0
914,155,207,19,19,0.0,43,11,2014,15,Japanese Grand Prix,2014-10-05,Kamui,Kobayashi,KOB,Caterham,+1 Lap,5,1238155.0,247631.0,2.0
914,824,206,18,20,0.0,41,3,2014,15,Japanese Grand Prix,2014-10-05,Jules,Bianchi,BIA,Marussia,Accident,3,1183734.0,394578.0,2.0
914,16,15,14,21,0.0,40,3,2014,15,Japanese Grand Prix,2014-10-05,Adrian,Sutil,SUT,Sauber,Accident,4,1209654.0,302413.5,2.0
914,4,6,5,22,0.0,2,40,2014,15,Japanese Grand Prix,2014-10-05,Fernando,Alonso,ALO,Ferrari,Electronics,1,1137051.0,1137051.0,2.0
915,1,131,1,1,25.0,53,1,2014,16,Russian Grand Prix,2014-10-12,Lewis,Hamilton,HAM,Mercedes,Finished,1,30503.0,30503.0,27.0
915,3,131,2,2,18.0,53,1,2014,16,Russian Grand Prix,2014-10-12,Nico,Rosberg,ROS,Mercedes,Finished,1,33820.0,33820.0,1.0
915,822,3,3,3,15.0,53,1,2014,16,Russian Grand Prix,2014-10-12,Valtteri,Bottas,BOT,Williams,Finished,1,30363.0,30363.0,26.0
915,18,1,4,4,12.0,53,1,2014,16,Russian Grand Prix,2014-10-12,Jenson,Button,BUT,McLaren,Finished,1,29994.0,29994.0,22.0
915,825,1,11,5,10.0,53,1,2014,16,Russian Grand Prix,2014-10-12,Kevin,Magnussen,MAG,McLaren,Finished,1,29736.0,29736.0,26.0
915,4,6,7,6,8.0,53,1,2014,16,Russian Grand Prix,2014-10-12,Fernando,Alonso,ALO,Ferrari,Finished,1,35112.0,35112.0,25.0
915,817,9,6,7,6.0,53,1,2014,16,Russian Grand Prix,2014-10-12,Daniel,Ricciardo,RIC,Red Bull,Finished,1,30006.0,30006.0,11.0
915,20,9,10,8,4.0,53,1,2014,16,Russian Grand Prix,2014-10-12,Sebastian,Vettel,VET,Red Bull,Finished,1,30355.0,30355.0,30.0
915,8,6,8,9,2.0,53,1,2014,16,Russian Grand Prix,2014-10-12,Kimi,Räikkönen,RAI,Ferrari,Finished,1,30097.0,30097.0,26.0
915,815,10,12,10,1.0,53,1,2014,16,Russian Grand Prix,2014-10-12,Sergio,Pérez,PER,Force India,Finished,1,29876.0,29876.0,25.0
915,13,3,18,11,0.0,53,1,2014,16,Russian Grand Prix,2014-10-12,Felipe,Massa,MAS,Williams,Finished,2,60190.0,30095.0,1.0
915,807,10,17,12,0.0,53,1,2014,16,Russian Grand Prix,2014-10-12,Nico,Hülkenberg,HUL,Force India,Finished,1,30096.0,30096.0,24.0
915,818,5,9,13,0.0,53,1,2014,16,Russian Grand Prix,2014-10-12,Jean-Éric,Vergne,VER,Toro Rosso,Finished,1,30272.0,30272.0,23.0
915,826,5,5,14,0.0,52,11,2014,16,Russian Grand Prix,2014-10-12,Daniil,Kvyat,KVY,Toro Rosso,+1 Lap,2,61905.0,30952.5,20.0
915,821,15,13,15,0.0,52,11,2014,16,Russian Grand Prix,2014-10-12,Esteban,Gutiérrez,GUT,Sauber,+1 Lap,1,30303.0,30303.0,39.0
915,16,15,14,16,0.0,52,11,2014,16,Russian Grand Prix,2014-10-12,Adrian,Sutil,SUT,Sauber,+1 Lap,1,30733.0,30733.0,12.0
915,154,208,15,17,0.0,52,11,2014,16,Russian Grand Prix,2014-10-12,Romain,Grosjean,GRO,Lotus F1,+1 Lap,1,30037.0,30037.0,20.0
915,813,208,21,18,0.0,52,11,2014,16,Russian Grand Prix,2014-10-12,Pastor,Maldonado,MAL,Lotus F1,+1 Lap,1,30180.0,30180.0,21.0
915,828,207,16,19,0.0,51,12,2014,16,Russian Grand Prix,2014-10-12,Marcus,Ericsson,ERI,Caterham,+2 Laps,2,61780.0,30890.0,27.0
915,155,207,19,20,0.0,21,23,2014,16,Russian Grand Prix,2014-10-12,Kamui,Kobayashi,KOB,Caterham,Brakes,0,,,
915,820,206,20,21,0.0,9,22,2014,16,Russian Grand Prix,2014-10-12,Max,Chilton,CHI,Marussia,Suspension,1,31374.0,31374.0,4.0
916,1,131,2,1,25.0,56,1,2014,17,United States Grand Prix,2014-11-02,Lewis,Hamilton,HAM,Mercedes,Finished,2,48612.0,24306.0,16.0
916,3,131,1,2,18.0,56,1,2014,17,United States Grand Prix,2014-11-02,Nico,Rosberg,ROS,Mercedes,Finished,2,48946.0,24473.0,15.0
916,817,9,5,3,15.0,56,1,2014,17,United States Grand Prix,2014-11-02,Daniel,Ricciardo,RIC,Red Bull,Finished,2,48396.0,24198.0,14.0
916,13,3,4,4,12.0,56,1,2014,17,United States Grand Prix,2014-11-02,Felipe,Massa,MAS,Williams,Finished,2,49944.0,24972.0,14.0
916,822,3,3,5,10.0,56,1,2014,17,United States Grand Prix,2014-11-02,Valtteri,Bottas,BOT,Williams,Finished,2,48434.0,24217.0,15.0
916,4,6,6,6,8.0,56,1,2014,17,United States Grand Prix,2014-11-02,Fernando,Alonso,ALO,Ferrari,Finished,2,48734.0,24367.0,16.0
916,20,9,18,7,6.0,56,1,2014,17,United States Grand Prix,2014-11-02,Sebastian,Vettel,VET,Red Bull,Finished,4,95882.0,23970.5,1.0
916,825,1,7,8,4.0,56,1,2014,17,United States Grand Prix,2014-11-02,Kevin,Magnussen,MAG,McLaren,Finished,2,51378.0,25689.0,1.0
916,818,5,14,10,1.0,56,1,2014,17,United States Grand Prix,2014-11-02,Jean-Éric,Vergne,VER,Toro Rosso,Finished,2,54711.0,27355.5,15.0
916,813,208,10,9,2.0,56,1,2014,17,United States Grand Prix,2014-11-02,Pastor,Maldonado,MAL,Lotus F1,Finished,2,54202.0,27101.0,15.0
916,154,208,16,11,0.0,55,11,2014,17,United States Grand Prix,2014-11-02,Romain,Grosjean,GRO,Lotus F1,+1 Lap,2,48490.0,24245.0,16.0
916,18,1,12,12,0.0,55,11,2014,17,United States Grand Prix,2014-11-02,Jenson,Button,BUT,McLaren,+1 Lap,2,50352.0,25176.0,1.0
916,8,6,8,13,0.0,55,11,2014,17,United States Grand Prix,2014-11-02,Kimi,Räikkönen,RAI,Ferrari,+1 Lap,3,72229.0,24076.333333333332,17.0
916,821,15,15,14,0.0,55,11,2014,17,United States Grand Prix,2014-11-02,Esteban,Gutiérrez,GUT,Sauber,+1 Lap,3,80931.0,26977.0,1.0
916,826,5,17,15,0.0,55,11,2014,17,United States Grand Prix,2014-11-02,Daniil,Kvyat,KVY,Toro Rosso,+1 Lap,3,75725.0,25241.666666666668,21.0
916,807,10,13,16,0.0,16,5,2014,17,United States Grand Prix,2014-11-02,Nico,Hülkenberg,HUL,Force India,Engine,1,33427.0,33427.0,1.0
916,815,10,11,17,0.0,1,130,2014,17,United States Grand Prix,2014-11-02,Sergio,Pérez,PER,Force India,Collision damage,0,,,
916,16,15,9,18,0.0,0,4,2014,17,United States Grand Prix,2014-11-02,Adrian,Sutil,SUT,Sauber,Collision,0,,,
917,3,131,1,1,25.0,71,1,2014,18,Brazilian Grand Prix,2014-11-09,Nico,Rosberg,ROS,Mercedes,Finished,3,70316.0,23438.666666666668,7.0
917,1,131,2,2,18.0,71,1,2014,18,Brazilian Grand Prix,2014-11-09,Lewis,Hamilton,HAM,Mercedes,Finished,3,70449.0,23483.0,8.0
917,13,3,3,3,15.0,71,1,2014,18,Brazilian Grand Prix,2014-11-09,Felipe,Massa,MAS,Williams,Finished,3,80222.0,26740.666666666668,5.0
917,18,1,5,4,12.0,71,1,2014,18,Brazilian Grand Prix,2014-11-09,Jenson,Button,BUT,McLaren,Finished,3,69021.0,23007.0,6.0
917,20,9,6,5,10.0,71,1,2014,18,Brazilian Grand Prix,2014-11-09,Sebastian,Vettel,VET,Red Bull,Finished,3,69749.0,23249.666666666668,6.0
917,4,6,8,6,8.0,71,1,2014,18,Brazilian Grand Prix,2014-11-09,Fernando,Alonso,ALO,Ferrari,Finished,3,69489.0,23163.0,7.0
917,8,6,10,7,6.0,71,1,2014,18,Brazilian Grand Prix,2014-11-09,Kimi,Räikkönen,RAI,Ferrari,Finished,2,51361.0,25680.5,8.0
917,807,10,12,8,4.0,71,1,2014,18,Brazilian Grand Prix,2014-11-09,Nico,Hülkenberg,HUL,Force India,Finished,3,70288.0,23429.333333333332,16.0
917,825,1,7,9,2.0,71,1,2014,18,Brazilian Grand Prix,2014-11-09,Kevin,Magnussen,MAG,McLaren,Finished,3,71382.0,23794.0,7.0
917,822,3,4,10,1.0,70,11,2014,18,Brazilian Grand Prix,2014-11-09,Valtteri,Bottas,BOT,Williams,+1 Lap,3,85041.0,28347.0,6.0
917,826,5,17,11,0.0,70,11,2014,18,Brazilian Grand Prix,2014-11-09,Daniil,Kvyat,KVY,Toro Rosso,+1 Lap,3,74112.0,24704.0,18.0
917,813,208,16,12,0.0,70,11,2014,18,Brazilian Grand Prix,2014-11-09,Pastor,Maldonado,MAL,Lotus F1,+1 Lap,3,69708.0,23236.0,4.0
917,818,5,15,13,0.0,70,11,2014,18,Brazilian Grand Prix,2014-11-09,Jean-Éric,Vergne,VER,Toro Rosso,+1 Lap,3,72192.0,24064.0,9.0
917,821,15,11,14,0.0,70,11,2014,18,Brazilian Grand Prix,2014-11-09,Esteban,Gutiérrez,GUT,Sauber,+1 Lap,3,71346.0,23782.0,8.0
917,815,10,18,15,0.0,70,11,2014,18,Brazilian Grand Prix,2014-11-09,Sergio,Pérez,PER,Force India,+1 Lap,3,76531.0,25510.333333333332,5.0
917,16,15,13,16,0.0,70,11,2014,18,Brazilian Grand Prix,2014-11-09,Adrian,Sutil,SUT,Sauber,+1 Lap,3,78620.0,26206.666666666668,18.0
917,154,208,14,17,0.0,63,18,2014,18,Brazilian Grand Prix,2014-11-09,Romain,Grosjean,GRO,Lotus F1,+8 Laps,3,71811.0,23937.0,24.0
917,817,9,9,18,0.0,39,22,2014,18,Brazilian Grand Prix,2014-11-09,Daniel,Ricciardo,RIC,Red Bull,Suspension,2,46012.0,23006.0,7.0
918,1,131,2,1,50.0,55,1,2014,19,Abu Dhabi Grand Prix,2014-11-23,Lewis,Hamilton,HAM,Mercedes,Finished,2,43772.0,21886.0,10.0
918,13,3,4,2,36.0,55,1,2014,19,Abu Dhabi Grand Prix,2014-11-23,Felipe,Massa,MAS,Williams,Finished,2,44094.0,22047.0,13.0
918,822,3,3,3,30.0,55,1,2014,19,Abu Dhabi Grand Prix,2014-11-23,Valtteri,Bottas,BOT,Williams,Finished,2,43676.0,21838.0,10.0
918,817,9,20,4,24.0,55,1,2014,19,Abu Dhabi Grand Prix,2014-11-23,Daniel,Ricciardo,RIC,Red Bull,Finished,2,43329.0,21664.5,27.0
918,18,1,6,5,20.0,55,1,2014,19,Abu Dhabi Grand Prix,2014-11-23,Jenson,Button,BUT,McLaren,Finished,2,44669.0,22334.5,6.0
918,807,10,12,6,16.0,55,1,2014,19,Abu Dhabi Grand Prix,2014-11-23,Nico,Hülkenberg,HUL,Force India,Finished,2,49087.0,24543.5,15.0
918,815,10,11,7,12.0,55,1,2014,19,Abu Dhabi Grand Prix,2014-11-23,Sergio,Pérez,PER,Force India,Finished,2,44356.0,22178.0,14.0
918,20,9,19,8,8.0,55,1,2014,19,Abu Dhabi Grand Prix,2014-11-23,Sebastian,Vettel,VET,Red Bull,Finished,2,44705.0,22352.5,21.0
918,4,6,8,9,4.0,55,1,2014,19,Abu Dhabi Grand Prix,2014-11-23,Fernando,Alonso,ALO,Ferrari,Finished,2,43687.0,21843.5,5.0
918,8,6,7,10,2.0,55,1,2014,19,Abu Dhabi Grand Prix,2014-11-23,Kimi,Räikkönen,RAI,Ferrari,Finished,2,43752.0,21876.0,6.0
918,825,1,9,11,0.0,55,1,2014,19,Abu Dhabi Grand Prix,2014-11-23,Kevin,Magnussen,MAG,McLaren,Finished,2,43710.0,21855.0,21.0
918,818,5,10,12,0.0,55,1,2014,19,Abu Dhabi Grand Prix,2014-11-23,Jean-Éric,Vergne,VER,Toro Rosso,Finished,3,68028.0,22676.0,13.0
918,154,208,18,13,0.0,54,11,2014,19,Abu Dhabi Grand Prix,2014-11-23,Romain,Grosjean,GRO,Lotus F1,+1 Lap,3,59393.0,19797.666666666668,1.0
918,3,131,1,14,0.0,54,11,2014,19,Abu Dhabi Grand Prix,2014-11-23,Nico,Rosberg,ROS,Mercedes,+1 Lap,2,45824.0,22912.0,11.0
918,821,15,14,15,0.0,54,11,2014,19,Abu Dhabi Grand Prix,2014-11-23,Esteban,Gutiérrez,GUT,Sauber,+1 Lap,2,46398.0,23199.0,7.0
918,16,15,13,16,0.0,54,11,2014,19,Abu Dhabi Grand Prix,2014-11-23,Adrian,Sutil,SUT,Sauber,+1 Lap,3,66995.0,22331.666666666668,5.0
918,829,207,17,17,0.0,54,11,2014,19,Abu Dhabi Grand Prix,2014-11-23,Will,Stevens,STE,Caterham,+1 Lap,2,47689.0,23844.5,14.0
918,155,207,16,18,0.0,42,31,2014,19,Abu Dhabi Grand Prix,2014-11-23,Kamui,Kobayashi,KOB,Caterham,Retired,2,46847.0,23423.5,15.0
918,813,208,15,19,0.0,26,131,2014,19,Abu Dhabi Grand Prix,2014-11-23,Pastor,Maldonado,MAL,Lotus F1,Power Unit,1,21998.0,21998.0,7.0
918,826,5,5,20,0.0,14,131,2014,19,Abu Dhabi Grand Prix,2014-11-23,Daniil,Kvyat,KVY,Toro Rosso,Power Unit,1,24169.0,24169.0,6.0
926,1,131,1,1,25.0,58,1,2015,1,Australian Grand Prix,2015-03-15,Lewis,Hamilton,HAM,Mercedes,Finished,1,22295.0,22295.0,25.0
926,3,131,2,2,18.0,58,1,2015,1,Australian Grand Prix,2015-03-15,Nico,Rosberg,ROS,Mercedes,Finished,1,22105.0,22105.0,26.0
926,20,6,4,3,15.0,58,1,2015,1,Australian Grand Prix,2015-03-15,Sebastian,Vettel,VET,Ferrari,Finished,1,22694.0,22694.0,24.0
926,13,3,3,4,12.0,58,1,2015,1,Australian Grand Prix,2015-03-15,Felipe,Massa,MAS,Williams,Finished,1,22062.0,22062.0,21.0
926,831,15,10,5,10.0,58,1,2015,1,Australian Grand Prix,2015-03-15,Felipe,Nasr,NAS,Sauber,Finished,1,22933.0,22933.0,25.0
926,817,9,6,6,8.0,57,11,2015,1,Australian Grand Prix,2015-03-15,Daniel,Ricciardo,RIC,Red Bull,+1 Lap,1,22535.0,22535.0,23.0
926,807,10,13,7,6.0,57,11,2015,1,Australian Grand Prix,2015-03-15,Nico,Hülkenberg,HUL,Force India,+1 Lap,2,43749.0,21874.5,21.0
926,828,15,15,8,4.0,57,11,2015,1,Australian Grand Prix,2015-03-15,Marcus,Ericsson,ERI,Sauber,+1 Lap,3,68288.0,22762.666666666668,1.0
926,832,5,7,9,2.0,57,11,2015,1,Australian Grand Prix,2015-03-15,Carlos,Sainz,SAI,Toro Rosso,+1 Lap,1,55789.0,55789.0,24.0
926,815,10,14,10,1.0,57,11,2015,1,Australian Grand Prix,2015-03-15,Sergio,Pérez,PER,Force India,+1 Lap,1,26009.0,26009.0,38.0
926,18,1,16,11,0.0,56,12,2015,1,Australian Grand Prix,2015-03-15,Jenson,Button,BUT,McLaren,+2 Laps,1,23353.0,23353.0,27.0
926,8,6,5,12,0.0,40,36,2015,1,Australian Grand Prix,2015-03-15,Kimi,Räikkönen,RAI,Ferrari,Wheel,2,49870.0,24935.0,16.0
926,830,5,11,13,0.0,32,5,2015,1,Australian Grand Prix,2015-03-15,Max,Verstappen,VER,Toro Rosso,Engine,1,23532.0,23532.0,32.0
926,154,208,8,14,0.0,0,75,2015,1,Australian Grand Prix,2015-03-15,Romain,Grosjean,GRO,Lotus F1,Power loss,0,,,
926,813,208,9,15,0.0,0,3,2015,1,Australian Grand Prix,2015-03-15,Pastor,Maldonado,MAL,Lotus F1,Accident,0,,,
926,826,9,12,16,0.0,0,54,2015,1,Australian Grand Prix,2015-03-15,Daniil,Kvyat,KVY,Red Bull,Withdrew,0,,,
926,825,1,17,17,0.0,0,54,2015,1,Australian Grand Prix,2015-03-15,Kevin,Magnussen,MAG,McLaren,Withdrew,0,,,
926,822,3,0,18,0.0,0,54,2015,1,Australian Grand Prix,2015-03-15,Valtteri,Bottas,BOT,Williams,Withdrew,0,,,
927,20,6,2,1,25.0,56,1,2015,2,Malaysian Grand Prix,2015-03-29,Sebastian,Vettel,VET,Ferrari,Finished,2,49088.0,24544.0,17.0
927,1,131,1,2,18.0,56,1,2015,2,Malaysian Grand Prix,2015-03-29,Lewis,Hamilton,HAM,Mercedes,Finished,3,74868.0,24956.0,4.0
927,3,131,3,3,15.0,56,1,2015,2,Malaysian Grand Prix,2015-03-29,Nico,Rosberg,ROS,Mercedes,Finished,3,82599.0,27533.0,4.0
927,8,6,11,4,12.0,56,1,2015,2,Malaysian Grand Prix,2015-03-29,Kimi,Räikkönen,RAI,Ferrari,Finished,3,76682.0,25560.666666666668,2.0
927,822,3,8,5,10.0,56,1,2015,2,Malaysian Grand Prix,2015-03-29,Valtteri,Bottas,BOT,Williams,Finished,3,79588.0,26529.333333333332,4.0
927,13,3,7,6,8.0,56,1,2015,2,Malaysian Grand Prix,2015-03-29,Felipe,Massa,MAS,Williams,Finished,3,77590.0,25863.333333333332,4.0
927,830,5,6,7,6.0,56,1,2015,2,Malaysian Grand Prix,2015-03-29,Max,Verstappen,VER,Toro Rosso,Finished,3,79939.0,26646.333333333332,4.0
927,832,5,15,8,4.0,55,11,2015,2,Malaysian Grand Prix,2015-03-29,Carlos,Sainz,SAI,Toro Rosso,+1 Lap,2,50291.0,25145.5,14.0
927,826,9,5,9,2.0,55,11,2015,2,Malaysian Grand Prix,2015-03-29,Daniil,Kvyat,KVY,Red Bull,+1 Lap,3,81393.0,27131.0,4.0
927,817,9,4,10,1.0,55,11,2015,2,Malaysian Grand Prix,2015-03-29,Daniel,Ricciardo,RIC,Red Bull,+1 Lap,3,77711.0,25903.666666666668,4.0
927,154,208,10,11,0.0,55,11,2015,2,Malaysian Grand Prix,2015-03-29,Romain,Grosjean,GRO,Lotus F1,+1 Lap,3,75012.0,25004.0,15.0
927,831,15,16,12,0.0,55,11,2015,2,Malaysian Grand Prix,2015-03-29,Felipe,Nasr,NAS,Sauber,+1 Lap,4,110194.0,27548.5,2.0
927,815,10,14,13,0.0,55,11,2015,2,Malaysian Grand Prix,2015-03-29,Sergio,Pérez,PER,Force India,+1 Lap,2,61044.0,30522.0,17.0
927,807,10,13,14,0.0,55,11,2015,2,Malaysian Grand Prix,2015-03-29,Nico,Hülkenberg,HUL,Force India,+1 Lap,3,86224.0,28741.333333333332,15.0
927,833,209,19,15,0.0,53,13,2015,2,Malaysian Grand Prix,2015-03-29,Roberto,Merhi,MER,Manor Marussia,+3 Laps,3,83746.0,27915.333333333332,5.0
927,813,208,12,16,0.0,47,31,2015,2,Malaysian Grand Prix,2015-03-29,Pastor,Maldonado,MAL,Lotus F1,Retired,3,98959.0,32986.333333333336,1.0
927,18,1,17,17,0.0,41,101,2015,2,Malaysian Grand Prix,2015-03-29,Jenson,Button,BUT,McLaren,Turbo,3,84454.0,28151.333333333332,4.0
927,4,1,18,18,0.0,21,132,2015,2,Malaysian Grand Prix,2015-03-29,Fernando,Alonso,ALO,McLaren,ERS,1,25222.0,25222.0,4.0
927,828,15,9,19,0.0,3,20,2015,2,Malaysian Grand Prix,2015-03-29,Marcus,Ericsson,ERI,Sauber,Spun off,0,,,
927,829,209,0,20,0.0,0,69,2015,2,Malaysian Grand Prix,2015-03-29,Will,Stevens,STE,Manor Marussia,Fuel system,0,,,
928,1,131,1,1,25.0,56,1,2015,3,Chinese Grand Prix,2015-04-12,Lewis,Hamilton,HAM,Mercedes,Finished,2,44880.0,22440.0,14.0
928,3,131,2,2,18.0,56,1,2015,3,Chinese Grand Prix,2015-04-12,Nico,Rosberg,ROS,Mercedes,Finished,2,45312.0,22656.0,15.0
928,20,6,3,3,15.0,56,1,2015,3,Chinese Grand Prix,2015-04-12,Sebastian,Vettel,VET,Ferrari,Finished,2,44932.0,22466.0,13.0
928,8,6,6,4,12.0,56,1,2015,3,Chinese Grand Prix,2015-04-12,Kimi,Räikkönen,RAI,Ferrari,Finished,2,45271.0,22635.5,15.0
928,13,3,4,5,10.0,56,1,2015,3,Chinese Grand Prix,2015-04-12,Felipe,Massa,MAS,Williams,Finished,2,46462.0,23231.0,13.0
928,822,3,5,6,8.0,56,1,2015,3,Chinese Grand Prix,2015-04-12,Valtteri,Bottas,BOT,Williams,Finished,2,46666.0,23333.0,14.0
928,154,208,8,7,6.0,56,1,2015,3,Chinese Grand Prix,2015-04-12,Romain,Grosjean,GRO,Lotus F1,Finished,2,47026.0,23513.0,12.0
928,831,15,9,8,4.0,56,1,2015,3,Chinese Grand Prix,2015-04-12,Felipe,Nasr,NAS,Sauber,Finished,2,47141.0,23570.5,10.0
928,817,9,7,9,2.0,56,1,2015,3,Chinese Grand Prix,2015-04-12,Daniel,Ricciardo,RIC,Red Bull,Finished,2,45532.0,22766.0,14.0
928,828,15,10,10,1.0,55,11,2015,3,Chinese Grand Prix,2015-04-12,Marcus,Ericsson,ERI,Sauber,+1 Lap,2,48435.0,24217.5,14.0
928,815,10,15,11,0.0,55,11,2015,3,Chinese Grand Prix,2015-04-12,Sergio,Pérez,PER,Force India,+1 Lap,3,69311.0,23103.666666666668,11.0
928,4,1,18,12,0.0,55,11,2015,3,Chinese Grand Prix,2015-04-12,Fernando,Alonso,ALO,McLaren,+1 Lap,2,46583.0,23291.5,12.0
928,832,5,14,13,0.0,55,11,2015,3,Chinese Grand Prix,2015-04-12,Carlos,Sainz,SAI,Toro Rosso,+1 Lap,2,47219.0,23609.5,19.0
928,18,1,17,14,0.0,55,11,2015,3,Chinese Grand Prix,2015-04-12,Jenson,Button,BUT,McLaren,+1 Lap,2,47209.0,23604.5,14.0
928,829,209,19,15,0.0,54,12,2015,3,Chinese Grand Prix,2015-04-12,Will,Stevens,STE,Manor Marussia,+2 Laps,2,48186.0,24093.0,16.0
928,833,209,20,16,0.0,54,12,2015,3,Chinese Grand Prix,2015-04-12,Roberto,Merhi,MER,Manor Marussia,+2 Laps,2,50026.0,25013.0,17.0
928,830,5,13,17,0.0,52,7,2015,3,Chinese Grand Prix,2015-04-12,Max,Verstappen,VER,Toro Rosso,Transmission,2,47514.0,23757.0,12.0
928,813,208,11,18,0.0,49,23,2015,3,Chinese Grand Prix,2015-04-12,Pastor,Maldonado,MAL,Lotus F1,Brakes,3,63281.0,21093.666666666668,11.0
928,826,9,12,19,0.0,15,131,2015,3,Chinese Grand Prix,2015-04-12,Daniil,Kvyat,KVY,Red Bull,Power Unit,0,,,
928,807,10,16,20,0.0,9,6,2015,3,Chinese Grand Prix,2015-04-12,Nico,Hülkenberg,HUL,Force India,Gearbox,0,,,
929,1,131,1,1,25.0,57,1,2015,4,Bahrain Grand Prix,2015-04-19,Lewis,Hamilton,HAM,Mercedes,Finished,2,50319.0,25159.5,15.0
929,8,6,4,2,18.0,57,1,2015,4,Bahrain Grand Prix,2015-04-19,Kimi,Räikkönen,RAI,Ferrari,Finished,2,49320.0,24660.0,17.0
929,3,131,3,3,15.0,57,1,2015,4,Bahrain Grand Prix,2015-04-19,Nico,Rosberg,ROS,Mercedes,Finished,2,50729.0,25364.5,14.0
929,822,3,5,4,12.0,57,1,2015,4,Bahrain Grand Prix,2015-04-19,Valtteri,Bottas,BOT,Williams,Finished,2,49916.0,24958.0,14.0
929,20,6,2,5,10.0,57,1,2015,4,Bahrain Grand Prix,2015-04-19,Sebastian,Vettel,VET,Ferrari,Finished,3,82879.0,27626.333333333332,13.0
929,817,9,7,6,8.0,57,1,2015,4,Bahrain Grand Prix,2015-04-19,Daniel,Ricciardo,RIC,Red Bull,Finished,2,50666.0,25333.0,14.0
929,154,208,10,7,6.0,57,1,2015,4,Bahrain Grand Prix,2015-04-19,Romain,Grosjean,GRO,Lotus F1,Finished,2,49994.0,24997.0,12.0
929,815,10,11,8,4.0,56,11,2015,4,Bahrain Grand Prix,2015-04-19,Sergio,Pérez,PER,Force India,+1 Lap,2,50861.0,25430.5,17.0
929,826,9,17,9,2.0,56,11,2015,4,Bahrain Grand Prix,2015-04-19,Daniil,Kvyat,KVY,Red Bull,+1 Lap,2,50113.0,25056.5,15.0
929,13,3,6,10,1.0,56,11,2015,4,Bahrain Grand Prix,2015-04-19,Felipe,Massa,MAS,Williams,+1 Lap,2,49911.0,24955.5,10.0
929,4,1,14,11,0.0,56,11,2015,4,Bahrain Grand Prix,2015-04-19,Fernando,Alonso,ALO,McLaren,+1 Lap,2,50248.0,25124.0,13.0
929,831,15,12,12,0.0,56,11,2015,4,Bahrain Grand Prix,2015-04-19,Felipe,Nasr,NAS,Sauber,+1 Lap,3,77567.0,25855.666666666668,10.0
929,807,10,8,13,0.0,56,11,2015,4,Bahrain Grand Prix,2015-04-19,Nico,Hülkenberg,HUL,Force India,+1 Lap,3,76310.0,25436.666666666668,10.0
929,828,15,13,14,0.0,56,11,2015,4,Bahrain Grand Prix,2015-04-19,Marcus,Ericsson,ERI,Sauber,+1 Lap,3,101249.0,33749.666666666664,11.0
929,813,208,16,15,0.0,56,11,2015,4,Bahrain Grand Prix,2015-04-19,Pastor,Maldonado,MAL,Lotus F1,+1 Lap,3,162130.0,54043.333333333336,10.0
929,829,209,18,16,0.0,55,12,2015,4,Bahrain Grand Prix,2015-04-19,Will,Stevens,STE,Manor Marussia,+2 Laps,2,52582.0,26291.0,19.0
929,833,209,19,17,0.0,54,13,2015,4,Bahrain Grand Prix,2015-04-19,Roberto,Merhi,MER,Manor Marussia,+3 Laps,2,53407.0,26703.5,18.0
929,830,5,15,18,0.0,34,10,2015,4,Bahrain Grand Prix,2015-04-19,Max,Verstappen,VER,Toro Rosso,Electrical,2,66563.0,33281.5,6.0
929,832,5,9,19,0.0,29,5,2015,4,Bahrain Grand Prix,2015-04-19,Carlos,Sainz,SAI,Toro Rosso,Engine,2,59240.0,29620.0,11.0
929,18,1,20,20,0.0,0,132,2015,4,Bahrain Grand Prix,2015-04-19,Jenson,Button,BUT,McLaren,ERS,0,,,
930,3,131,1,1,25.0,66,1,2015,5,Spanish Grand Prix,2015-05-10,Nico,Rosberg,ROS,Mercedes,Finished,2,44322.0,22161.0,15.0
930,1,131,2,2,18.0,66,1,2015,5,Spanish Grand Prix,2015-05-10,Lewis,Hamilton,HAM,Mercedes,Finished,3,69278.0,23092.666666666668,13.0
930,20,6,3,3,15.0,66,1,2015,5,Spanish Grand Prix,2015-05-10,Sebastian,Vettel,VET,Ferrari,Finished,2,43598.0,21799.0,14.0
930,822,3,4,4,12.0,66,1,2015,5,Spanish Grand Prix,2015-05-10,Valtteri,Bottas,BOT,Williams,Finished,2,43882.0,21941.0,15.0
930,8,6,7,5,10.0,66,1,2015,5,Spanish Grand Prix,2015-05-10,Kimi,Räikkönen,RAI,Ferrari,Finished,2,44412.0,22206.0,17.0
930,13,3,9,6,8.0,66,1,2015,5,Spanish Grand Prix,2015-05-10,Felipe,Massa,MAS,Williams,Finished,3,67025.0,22341.666666666668,14.0
930,817,9,10,7,6.0,65,11,2015,5,Spanish Grand Prix,2015-05-10,Daniel,Ricciardo,RIC,Red Bull,+1 Lap,2,47324.0,23662.0,13.0
930,154,208,11,8,4.0,65,11,2015,5,Spanish Grand Prix,2015-05-10,Romain,Grosjean,GRO,Lotus F1,+1 Lap,2,56565.0,28282.5,15.0
930,832,5,5,9,2.0,65,11,2015,5,Spanish Grand Prix,2015-05-10,Carlos,Sainz,SAI,Toro Rosso,+1 Lap,2,45037.0,22518.5,14.0
930,826,9,8,10,1.0,65,11,2015,5,Spanish Grand Prix,2015-05-10,Daniil,Kvyat,KVY,Red Bull,+1 Lap,2,44940.0,22470.0,11.0
930,830,5,6,11,0.0,65,11,2015,5,Spanish Grand Prix,2015-05-10,Max,Verstappen,VER,Toro Rosso,+1 Lap,2,47003.0,23501.5,13.0
930,831,15,15,12,0.0,65,11,2015,5,Spanish Grand Prix,2015-05-10,Felipe,Nasr,NAS,Sauber,+1 Lap,2,45863.0,22931.5,12.0
930,815,10,18,13,0.0,65,11,2015,5,Spanish Grand Prix,2015-05-10,Sergio,Pérez,PER,Force India,+1 Lap,2,44894.0,22447.0,19.0
930,828,15,16,14,0.0,65,11,2015,5,Spanish Grand Prix,2015-05-10,Marcus,Ericsson,ERI,Sauber,+1 Lap,2,48144.0,24072.0,18.0
930,807,10,17,15,0.0,65,11,2015,5,Spanish Grand Prix,2015-05-10,Nico,Hülkenberg,HUL,Force India,+1 Lap,3,67738.0,22579.333333333332,10.0
930,18,1,14,16,0.0,65,11,2015,5,Spanish Grand Prix,2015-05-10,Jenson,Button,BUT,McLaren,+1 Lap,3,69982.0,23327.333333333332,11.0
930,829,209,19,17,0.0,63,13,2015,5,Spanish Grand Prix,2015-05-10,Will,Stevens,STE,Manor Marussia,+3 Laps,3,70526.0,23508.666666666668,16.0
930,833,209,20,18,0.0,62,14,2015,5,Spanish Grand Prix,2015-05-10,Roberto,Merhi,MER,Manor Marussia,+4 Laps,3,71901.0,23967.0,17.0
930,813,208,12,19,0.0,45,3,2015,5,Spanish Grand Prix,2015-05-10,Pastor,Maldonado,MAL,Lotus F1,Accident,3,80010.0,26670.0,14.0
930,4,1,13,20,0.0,26,23,2015,5,Spanish Grand Prix,2015-05-10,Fernando,Alonso,ALO,McLaren,Brakes,1,23728.0,23728.0,21.0
931,3,131,2,1,25.0,78,1,2015,6,Monaco Grand Prix,2015-05-24,Nico,Rosberg,ROS,Mercedes,Finished,1,24789.0,24789.0,37.0
931,20,6,3,2,18.0,78,1,2015,6,Monaco Grand Prix,2015-05-24,Sebastian,Vettel,VET,Ferrari,Finished,1,24851.0,24851.0,36.0
931,1,131,1,3,15.0,78,1,2015,6,Monaco Grand Prix,2015-05-24,Lewis,Hamilton,HAM,Mercedes,Finished,2,49676.0,24838.0,38.0
931,826,9,5,4,12.0,78,1,2015,6,Monaco Grand Prix,2015-05-24,Daniil,Kvyat,KVY,Red Bull,Finished,1,25119.0,25119.0,28.0
931,817,9,4,5,10.0,78,1,2015,6,Monaco Grand Prix,2015-05-24,Daniel,Ricciardo,RIC,Red Bull,Finished,2,48745.0,24372.5,36.0
931,8,6,6,6,8.0,78,1,2015,6,Monaco Grand Prix,2015-05-24,Kimi,Räikkönen,RAI,Ferrari,Finished,1,24177.0,24177.0,37.0
931,815,10,7,7,6.0,78,1,2015,6,Monaco Grand Prix,2015-05-24,Sergio,Pérez,PER,Force India,Finished,2,49852.0,24926.0,36.0
931,18,1,10,8,4.0,78,1,2015,6,Monaco Grand Prix,2015-05-24,Jenson,Button,BUT,McLaren,Finished,2,49723.0,24861.5,35.0
931,831,15,14,9,2.0,78,1,2015,6,Monaco Grand Prix,2015-05-24,Felipe,Nasr,NAS,Sauber,Finished,2,52152.0,26076.0,18.0
931,832,5,0,10,1.0,78,1,2015,6,Monaco Grand Prix,2015-05-24,Carlos,Sainz,SAI,Toro Rosso,Finished,1,25306.0,25306.0,12.0
931,807,10,11,11,0.0,78,1,2015,6,Monaco Grand Prix,2015-05-24,Nico,Hülkenberg,HUL,Force India,Finished,2,59531.0,29765.5,1.0
931,154,208,15,12,0.0,78,1,2015,6,Monaco Grand Prix,2015-05-24,Romain,Grosjean,GRO,Lotus F1,Finished,1,25077.0,25077.0,17.0
931,828,15,17,13,0.0,78,1,2015,6,Monaco Grand Prix,2015-05-24,Marcus,Ericsson,ERI,Sauber,Finished,3,76250.0,25416.666666666668,14.0
931,822,3,16,14,0.0,78,1,2015,6,Monaco Grand Prix,2015-05-24,Valtteri,Bottas,BOT,Williams,Finished,2,49053.0,24526.5,14.0
931,13,3,12,15,0.0,77,11,2015,6,Monaco Grand Prix,2015-05-24,Felipe,Massa,MAS,Williams,+1 Lap,3,92299.0,30766.333333333332,1.0
931,833,209,19,16,0.0,76,12,2015,6,Monaco Grand Prix,2015-05-24,Roberto,Merhi,MER,Manor Marussia,+2 Laps,1,27554.0,27554.0,35.0
931,829,209,18,17,0.0,76,12,2015,6,Monaco Grand Prix,2015-05-24,Will,Stevens,STE,Manor Marussia,+2 Laps,1,28606.0,28606.0,33.0
931,830,5,9,18,0.0,62,3,2015,6,Monaco Grand Prix,2015-05-24,Max,Verstappen,VER,Toro Rosso,Accident,2,78557.0,39278.5,29.0
931,4,1,13,19,0.0,41,6,2015,6,Monaco Grand Prix,2015-05-24,Fernando,Alonso,ALO,McLaren,Gearbox,1,30345.0,30345.0,32.0
931,813,208,8,20,0.0,5,23,2015,6,Monaco Grand Prix,2015-05-24,Pastor,Maldonado,MAL,Lotus F1,Brakes,0,,,
932,1,131,1,1,25.0,70,1,2015,7,Canadian Grand Prix,2015-06-07,Lewis,Hamilton,HAM,Mercedes,Finished,1,23708.0,23708.0,29.0
932,3,131,2,2,18.0,70,1,2015,7,Canadian Grand Prix,2015-06-07,Nico,Rosberg,ROS,Mercedes,Finished,1,23321.0,23321.0,30.0
932,822,3,4,3,15.0,70,1,2015,7,Canadian Grand Prix,2015-06-07,Valtteri,Bottas,BOT,Williams,Finished,1,25541.0,25541.0,28.0
932,8,6,3,4,12.0,70,1,2015,7,Canadian Grand Prix,2015-06-07,Kimi,Räikkönen,RAI,Ferrari,Finished,2,48208.0,24104.0,26.0
932,20,6,18,5,10.0,70,1,2015,7,Canadian Grand Prix,2015-06-07,Sebastian,Vettel,VET,Ferrari,Finished,2,51186.0,25593.0,7.0
932,13,3,15,6,8.0,70,1,2015,7,Canadian Grand Prix,2015-06-07,Felipe,Massa,MAS,Williams,Finished,1,23912.0,23912.0,37.0
932,813,208,6,7,6.0,70,1,2015,7,Canadian Grand Prix,2015-06-07,Pastor,Maldonado,MAL,Lotus F1,Finished,1,23660.0,23660.0,17.0
932,807,10,7,8,4.0,69,11,2015,7,Canadian Grand Prix,2015-06-07,Nico,Hülkenberg,HUL,Force India,+1 Lap,1,23507.0,23507.0,28.0
932,826,9,8,9,2.0,69,11,2015,7,Canadian Grand Prix,2015-06-07,Daniil,Kvyat,KVY,Red Bull,+1 Lap,1,23681.0,23681.0,27.0
932,154,208,5,10,1.0,69,11,2015,7,Canadian Grand Prix,2015-06-07,Romain,Grosjean,GRO,Lotus F1,+1 Lap,1,24292.0,24292.0,27.0
932,815,10,10,11,0.0,69,11,2015,7,Canadian Grand Prix,2015-06-07,Sergio,Pérez,PER,Force India,+1 Lap,1,23453.0,23453.0,24.0
932,832,5,11,12,0.0,69,11,2015,7,Canadian Grand Prix,2015-06-07,Carlos,Sainz,SAI,Toro Rosso,+1 Lap,1,24277.0,24277.0,27.0
932,817,9,9,13,0.0,69,11,2015,7,Canadian Grand Prix,2015-06-07,Daniel,Ricciardo,RIC,Red Bull,+1 Lap,1,23997.0,23997.0,23.0
932,828,15,12,14,0.0,69,11,2015,7,Canadian Grand Prix,2015-06-07,Marcus,Ericsson,ERI,Sauber,+1 Lap,1,24149.0,24149.0,28.0
932,830,5,19,15,0.0,69,11,2015,7,Canadian Grand Prix,2015-06-07,Max,Verstappen,VER,Toro Rosso,+1 Lap,1,36105.0,36105.0,39.0
932,831,15,14,16,0.0,68,12,2015,7,Canadian Grand Prix,2015-06-07,Felipe,Nasr,NAS,Sauber,+2 Laps,1,24795.0,24795.0,26.0
932,829,209,17,17,0.0,66,14,2015,7,Canadian Grand Prix,2015-06-07,Will,Stevens,STE,Manor Marussia,+4 Laps,1,30807.0,30807.0,34.0
932,833,209,16,18,0.0,57,31,2015,7,Canadian Grand Prix,2015-06-07,Roberto,Merhi,MER,Manor Marussia,Retired,1,26986.0,26986.0,35.0
932,18,1,20,19,0.0,54,31,2015,7,Canadian Grand Prix,2015-06-07,Jenson,Button,BUT,McLaren,Retired,2,43431.0,21715.5,1.0
932,4,1,13,20,0.0,44,5,2015,7,Canadian Grand Prix,2015-06-07,Fernando,Alonso,ALO,McLaren,Engine,1,23553.0,23553.0,31.0
933,3,131,2,1,25.0,71,1,2015,8,Austrian Grand Prix,2015-06-21,Nico,Rosberg,ROS,Mercedes,Finished,1,21768.0,21768.0,33.0
933,1,131,1,2,18.0,71,1,2015,8,Austrian Grand Prix,2015-06-21,Lewis,Hamilton,HAM,Mercedes,Finished,1,21869.0,21869.0,35.0
933,13,3,4,3,15.0,71,1,2015,8,Austrian Grand Prix,2015-06-21,Felipe,Massa,MAS,Williams,Finished,1,22447.0,22447.0,34.0
933,20,6,3,4,12.0,71,1,2015,8,Austrian Grand Prix,2015-06-21,Sebastian,Vettel,VET,Ferrari,Finished,1,31882.0,31882.0,36.0
933,822,3,6,5,10.0,71,1,2015,8,Austrian Grand Prix,2015-06-21,Valtteri,Bottas,BOT,Williams,Finished,1,22777.0,22777.0,26.0
933,807,10,5,6,8.0,71,1,2015,8,Austrian Grand Prix,2015-06-21,Nico,Hülkenberg,HUL,Force India,Finished,1,21685.0,21685.0,25.0
933,813,208,10,7,6.0,70,11,2015,8,Austrian Grand Prix,2015-06-21,Pastor,Maldonado,MAL,Lotus F1,+1 Lap,1,21847.0,21847.0,37.0
933,830,5,7,8,4.0,70,11,2015,8,Austrian Grand Prix,2015-06-21,Max,Verstappen,VER,Toro Rosso,+1 Lap,1,21984.0,21984.0,26.0
933,815,10,13,9,2.0,70,11,2015,8,Austrian Grand Prix,2015-06-21,Sergio,Pérez,PER,Force India,+1 Lap,1,26689.0,26689.0,38.0
933,817,9,18,10,1.0,70,11,2015,8,Austrian Grand Prix,2015-06-21,Daniel,Ricciardo,RIC,Red Bull,+1 Lap,1,27710.0,27710.0,50.0
933,831,15,8,11,0.0,70,11,2015,8,Austrian Grand Prix,2015-06-21,Felipe,Nasr,NAS,Sauber,+1 Lap,1,22803.0,22803.0,24.0
933,826,9,15,12,0.0,70,11,2015,8,Austrian Grand Prix,2015-06-21,Daniil,Kvyat,KVY,Red Bull,+1 Lap,2,50743.0,25371.5,1.0
933,828,15,11,13,0.0,69,12,2015,8,Austrian Grand Prix,2015-06-21,Marcus,Ericsson,ERI,Sauber,+2 Laps,3,68892.0,22964.0,2.0
933,833,209,16,14,0.0,68,13,2015,8,Austrian Grand Prix,2015-06-21,Roberto,Merhi,MER,Manor Marussia,+3 Laps,1,23926.0,23926.0,34.0
933,154,208,9,15,0.0,35,6,2015,8,Austrian Grand Prix,2015-06-21,Romain,Grosjean,GRO,Lotus F1,Gearbox,1,22016.0,22016.0,23.0
933,832,5,12,16,0.0,35,75,2015,8,Austrian Grand Prix,2015-06-21,Carlos,Sainz,SAI,Toro Rosso,Power loss,1,27638.0,27638.0,25.0
933,18,1,20,17,0.0,8,31,2015,8,Austrian Grand Prix,2015-06-21,Jenson,Button,BUT,McLaren,Retired,2,52831.0,26415.5,3.0
933,829,209,17,18,0.0,1,44,2015,8,Austrian Grand Prix,2015-06-21,Will,Stevens,STE,Manor Marussia,Oil leak,0,,,
933,8,6,14,19,0.0,0,4,2015,8,Austrian Grand Prix,2015-06-21,Kimi,Räikkönen,RAI,Ferrari,Collision,0,,,
933,4,1,19,20,0.0,0,4,2015,8,Austrian Grand Prix,2015-06-21,Fernando,Alonso,ALO,McLaren,Collision,0,,,
934,1,131,1,1,25.0,52,1,2015,9,British Grand Prix,2015-07-05,Lewis,Hamilton,HAM,Mercedes,Finished,2,57396.0,28698.0,19.0
934,3,131,2,2,18.0,52,1,2015,9,British Grand Prix,2015-07-05,Nico,Rosberg,ROS,Mercedes,Finished,2,58786.0,29393.0,20.0
934,20,6,6,3,15.0,52,1,2015,9,British Grand Prix,2015-07-05,Sebastian,Vettel,VET,Ferrari,Finished,2,58622.0,29311.0,14.0
934,13,3,3,4,12.0,52,1,2015,9,British Grand Prix,2015-07-05,Felipe,Massa,MAS,Williams,Finished,2,61317.0,30658.5,20.0
934,822,3,4,5,10.0,52,1,2015,9,British Grand Prix,2015-07-05,Valtteri,Bottas,BOT,Williams,Finished,2,60718.0,30359.0,21.0
934,826,9,7,6,8.0,52,1,2015,9,British Grand Prix,2015-07-05,Daniil,Kvyat,KVY,Red Bull,Finished,2,62326.0,31163.0,18.0
934,807,10,9,7,6.0,52,1,2015,9,British Grand Prix,2015-07-05,Nico,Hülkenberg,HUL,Force India,Finished,2,62449.0,31224.5,19.0
934,8,6,5,8,4.0,51,11,2015,9,British Grand Prix,2015-07-05,Kimi,Räikkönen,RAI,Ferrari,+1 Lap,3,89549.0,29849.666666666668,13.0
934,815,10,11,9,2.0,51,11,2015,9,British Grand Prix,2015-07-05,Sergio,Pérez,PER,Force India,+1 Lap,2,60858.0,30429.0,20.0
934,4,1,17,10,1.0,51,11,2015,9,British Grand Prix,2015-07-05,Fernando,Alonso,ALO,McLaren,+1 Lap,3,132474.0,44158.0,1.0
934,828,15,15,11,0.0,51,11,2015,9,British Grand Prix,2015-07-05,Marcus,Ericsson,ERI,Sauber,+1 Lap,4,120490.0,30122.5,23.0
934,833,209,20,12,0.0,49,13,2015,9,British Grand Prix,2015-07-05,Roberto,Merhi,MER,Manor Marussia,+3 Laps,2,65358.0,32679.0,36.0
934,829,209,19,13,0.0,49,13,2015,9,British Grand Prix,2015-07-05,Will,Stevens,STE,Manor Marussia,+3 Laps,2,92825.0,46412.5,36.0
934,832,5,8,14,0.0,31,10,2015,9,British Grand Prix,2015-07-05,Carlos,Sainz,SAI,Toro Rosso,Electrical,1,29393.0,29393.0,12.0
934,817,9,10,15,0.0,21,10,2015,9,British Grand Prix,2015-07-05,Daniel,Ricciardo,RIC,Red Bull,Electrical,2,71704.0,35852.0,11.0
934,830,5,13,16,0.0,3,20,2015,9,British Grand Prix,2015-07-05,Max,Verstappen,VER,Toro Rosso,Spun off,0,,,
934,813,208,14,18,0.0,0,4,2015,9,British Grand Prix,2015-07-05,Pastor,Maldonado,MAL,Lotus F1,Collision,0,,,
934,18,1,18,19,0.0,0,4,2015,9,British Grand Prix,2015-07-05,Jenson,Button,BUT,McLaren,Collision,0,,,
934,154,208,12,17,0.0,0,4,2015,9,British Grand Prix,2015-07-05,Romain,Grosjean,GRO,Lotus F1,Collision,0,,,
934,831,15,16,20,0.0,0,6,2015,9,British Grand Prix,2015-07-05,Felipe,Nasr,NAS,Sauber,Gearbox,0,,,
936,20,6,3,1,25.0,69,1,2015,10,Hungarian Grand Prix,2015-07-26,Sebastian,Vettel,VET,Ferrari,Finished,4,77688.0,19422.0,21.0
936,826,9,7,2,18.0,69,1,2015,10,Hungarian Grand Prix,2015-07-26,Daniil,Kvyat,KVY,Red Bull,Finished,5,99611.0,19922.2,13.0
936,817,9,4,3,15.0,69,1,2015,10,Hungarian Grand Prix,2015-07-26,Daniel,Ricciardo,RIC,Red Bull,Finished,5,111897.0,22379.4,21.0
936,830,5,9,4,12.0,69,1,2015,10,Hungarian Grand Prix,2015-07-26,Max,Verstappen,VER,Toro Rosso,Finished,5,101910.0,20382.0,14.0
936,4,1,15,5,10.0,69,1,2015,10,Hungarian Grand Prix,2015-07-26,Fernando,Alonso,ALO,McLaren,Finished,5,100704.0,20140.8,15.0
936,1,131,1,6,8.0,69,1,2015,10,Hungarian Grand Prix,2015-07-26,Lewis,Hamilton,HAM,Mercedes,Finished,6,127687.0,21281.166666666668,19.0
936,154,208,10,7,6.0,69,1,2015,10,Hungarian Grand Prix,2015-07-26,Romain,Grosjean,GRO,Lotus F1,Finished,5,109662.0,21932.4,14.0
936,3,131,2,8,4.0,69,1,2015,10,Hungarian Grand Prix,2015-07-26,Nico,Rosberg,ROS,Mercedes,Finished,5,102771.0,20554.2,20.0
936,18,1,16,9,2.0,69,1,2015,10,Hungarian Grand Prix,2015-07-26,Jenson,Button,BUT,McLaren,Finished,4,77111.0,19277.75,14.0
936,828,15,17,10,1.0,69,1,2015,10,Hungarian Grand Prix,2015-07-26,Marcus,Ericsson,ERI,Sauber,Finished,5,104000.0,20800.0,16.0
936,831,15,18,11,0.0,69,1,2015,10,Hungarian Grand Prix,2015-07-26,Felipe,Nasr,NAS,Sauber,Finished,5,104214.0,20842.8,14.0
936,13,3,8,12,0.0,69,1,2015,10,Hungarian Grand Prix,2015-07-26,Felipe,Massa,MAS,Williams,Finished,5,104994.0,20998.8,14.0
936,822,3,6,13,0.0,69,1,2015,10,Hungarian Grand Prix,2015-07-26,Valtteri,Bottas,BOT,Williams,Finished,5,108856.0,21771.2,13.0
936,813,208,14,14,0.0,69,1,2015,10,Hungarian Grand Prix,2015-07-26,Pastor,Maldonado,MAL,Lotus F1,Finished,6,117642.0,19607.0,24.0
936,833,209,19,15,0.0,67,12,2015,10,Hungarian Grand Prix,2015-07-26,Roberto,Merhi,MER,Manor Marussia,+2 Laps,5,108958.0,21791.6,6.0
936,829,209,20,16,0.0,65,14,2015,10,Hungarian Grand Prix,2015-07-26,Will,Stevens,STE,Manor Marussia,+4 Laps,5,103949.0,20789.8,26.0
936,832,5,12,17,0.0,60,10,2015,10,Hungarian Grand Prix,2015-07-26,Carlos,Sainz,SAI,Toro Rosso,Electrical,4,81472.0,20368.0,15.0
936,8,6,5,18,0.0,55,131,2015,10,Hungarian Grand Prix,2015-07-26,Kimi,Räikkönen,RAI,Ferrari,Power Unit,5,138104.0,27620.8,22.0
936,815,10,13,19,0.0,53,22,2015,10,Hungarian Grand Prix,2015-07-26,Sergio,Pérez,PER,Force India,Suspension,5,116190.0,23238.0,16.0
936,807,10,11,20,0.0,41,33,2015,10,Hungarian Grand Prix,2015-07-26,Nico,Hülkenberg,HUL,Force India,Front wing,2,44795.0,22397.5,15.0
937,1,131,1,1,25.0,43,1,2015,11,Belgian Grand Prix,2015-08-23,Lewis,Hamilton,HAM,Mercedes,Finished,2,45358.0,22679.0,13.0
937,3,131,2,2,18.0,43,1,2015,11,Belgian Grand Prix,2015-08-23,Nico,Rosberg,ROS,Mercedes,Finished,2,45762.0,22881.0,12.0
937,154,208,9,3,15.0,43,1,2015,11,Belgian Grand Prix,2015-08-23,Romain,Grosjean,GRO,Lotus F1,Finished,2,47210.0,23605.0,9.0
937,826,9,12,4,12.0,43,1,2015,11,Belgian Grand Prix,2015-08-23,Daniil,Kvyat,KVY,Red Bull,Finished,2,45359.0,22679.5,9.0
937,815,10,4,5,10.0,43,1,2015,11,Belgian Grand Prix,2015-08-23,Sergio,Pérez,PER,Force India,Finished,2,46480.0,23240.0,8.0
937,13,3,6,6,8.0,43,1,2015,11,Belgian Grand Prix,2015-08-23,Felipe,Massa,MAS,Williams,Finished,2,46937.0,23468.5,9.0
937,8,6,16,7,6.0,43,1,2015,11,Belgian Grand Prix,2015-08-23,Kimi,Räikkönen,RAI,Ferrari,Finished,2,45721.0,22860.5,11.0
937,830,5,18,8,4.0,43,1,2015,11,Belgian Grand Prix,2015-08-23,Max,Verstappen,VER,Toro Rosso,Finished,3,70547.0,23515.666666666668,9.0
937,822,3,3,9,2.0,43,131,2015,11,Belgian Grand Prix,2015-08-23,Valtteri,Bottas,BOT,Williams,Power Unit,3,64151.0,21383.666666666668,8.0
937,828,15,13,10,1.0,43,1,2015,11,Belgian Grand Prix,2015-08-23,Marcus,Ericsson,ERI,Sauber,Finished,2,47867.0,23933.5,9.0
937,831,15,14,11,0.0,43,1,2015,11,Belgian Grand Prix,2015-08-23,Felipe,Nasr,NAS,Sauber,Finished,2,46727.0,23363.5,10.0
937,20,6,8,12,0.0,42,27,2015,11,Belgian Grand Prix,2015-08-23,Sebastian,Vettel,VET,Ferrari,Tyre,1,22681.0,22681.0,14.0
937,4,1,20,13,0.0,42,11,2015,11,Belgian Grand Prix,2015-08-23,Fernando,Alonso,ALO,McLaren,+1 Lap,3,72267.0,24089.0,8.0
937,18,1,19,14,0.0,42,11,2015,11,Belgian Grand Prix,2015-08-23,Jenson,Button,BUT,McLaren,+1 Lap,3,71995.0,23998.333333333332,11.0
937,833,209,17,15,0.0,42,11,2015,11,Belgian Grand Prix,2015-08-23,Roberto,Merhi,MER,Manor Marussia,+1 Lap,2,46925.0,23462.5,15.0
937,829,209,15,16,0.0,42,11,2015,11,Belgian Grand Prix,2015-08-23,Will,Stevens,STE,Manor Marussia,+1 Lap,2,48276.0,24138.0,16.0
937,832,5,10,17,0.0,32,131,2015,11,Belgian Grand Prix,2015-08-23,Carlos,Sainz,SAI,Toro Rosso,Power Unit,2,47080.0,23540.0,5.0
937,817,9,5,18,0.0,19,131,2015,11,Belgian Grand Prix,2015-08-23,Daniel,Ricciardo,RIC,Red Bull,Power Unit,1,22637.0,22637.0,7.0
937,813,208,7,19,0.0,2,5,2015,11,Belgian Grand Prix,2015-08-23,Pastor,Maldonado,MAL,Lotus F1,Engine,0,,,
937,807,10,11,20,0.0,0,75,2015,11,Belgian Grand Prix,2015-08-23,Nico,Hülkenberg,HUL,Force India,Power loss,0,,,
938,1,131,1,1,25.0,53,1,2015,12,Italian Grand Prix,2015-09-06,Lewis,Hamilton,HAM,Mercedes,Finished,1,24368.0,24368.0,26.0
938,20,6,3,2,18.0,53,1,2015,12,Italian Grand Prix,2015-09-06,Sebastian,Vettel,VET,Ferrari,Finished,1,24340.0,24340.0,25.0
938,13,3,5,3,15.0,53,1,2015,12,Italian Grand Prix,2015-09-06,Felipe,Massa,MAS,Williams,Finished,1,25207.0,25207.0,19.0
938,822,3,6,4,12.0,53,1,2015,12,Italian Grand Prix,2015-09-06,Valtteri,Bottas,BOT,Williams,Finished,1,25536.0,25536.0,22.0
938,8,6,2,5,10.0,53,1,2015,12,Italian Grand Prix,2015-09-06,Kimi,Räikkönen,RAI,Ferrari,Finished,1,24442.0,24442.0,28.0
938,815,10,7,6,8.0,53,1,2015,12,Italian Grand Prix,2015-09-06,Sergio,Pérez,PER,Force India,Finished,1,24281.0,24281.0,23.0
938,807,10,9,7,6.0,52,11,2015,12,Italian Grand Prix,2015-09-06,Nico,Hülkenberg,HUL,Force India,+1 Lap,1,24286.0,24286.0,18.0
938,817,9,19,8,4.0,52,11,2015,12,Italian Grand Prix,2015-09-06,Daniel,Ricciardo,RIC,Red Bull,+1 Lap,1,24259.0,24259.0,30.0
938,828,15,12,9,2.0,52,11,2015,12,Italian Grand Prix,2015-09-06,Marcus,Ericsson,ERI,Sauber,+1 Lap,1,24842.0,24842.0,20.0
938,826,9,18,10,1.0,52,11,2015,12,Italian Grand Prix,2015-09-06,Daniil,Kvyat,KVY,Red Bull,+1 Lap,1,23884.0,23884.0,27.0
938,832,5,17,11,0.0,52,11,2015,12,Italian Grand Prix,2015-09-06,Carlos,Sainz,SAI,Toro Rosso,+1 Lap,2,55094.0,27547.0,10.0
938,830,5,20,12,0.0,52,11,2015,12,Italian Grand Prix,2015-09-06,Max,Verstappen,VER,Toro Rosso,+1 Lap,3,69074.0,23024.666666666668,1.0
938,831,15,17,13,0.0,52,11,2015,12,Italian Grand Prix,2015-09-06,Felipe,Nasr,NAS,Sauber,+1 Lap,2,51043.0,25521.5,1.0
938,18,1,15,14,0.0,52,11,2015,12,Italian Grand Prix,2015-09-06,Jenson,Button,BUT,McLaren,+1 Lap,1,24310.0,24310.0,25.0
938,829,209,13,15,0.0,51,12,2015,12,Italian Grand Prix,2015-09-06,Will,Stevens,STE,Manor Marussia,+2 Laps,1,29382.0,29382.0,26.0
938,833,209,14,16,0.0,51,12,2015,12,Italian Grand Prix,2015-09-06,Roberto,Merhi,MER,Manor Marussia,+2 Laps,1,26435.0,26435.0,27.0
938,3,131,4,17,0.0,50,13,2015,12,Italian Grand Prix,2015-09-06,Nico,Rosberg,ROS,Mercedes,+3 Laps,1,24657.0,24657.0,18.0
938,4,1,16,18,0.0,47,16,2015,12,Italian Grand Prix,2015-09-06,Fernando,Alonso,ALO,McLaren,+6 Laps,2,43704.0,21852.0,28.0
938,154,208,8,19,0.0,1,130,2015,12,Italian Grand Prix,2015-09-06,Romain,Grosjean,GRO,Lotus F1,Collision damage,0,,,
938,813,208,10,20,0.0,1,130,2015,12,Italian Grand Prix,2015-09-06,Pastor,Maldonado,MAL,Lotus F1,Collision damage,0,,,
939,20,6,1,1,25.0,61,1,2015,13,Singapore Grand Prix,2015-09-20,Sebastian,Vettel,VET,Ferrari,Finished,2,58445.0,29222.5,13.0
939,817,9,2,2,18.0,61,1,2015,13,Singapore Grand Prix,2015-09-20,Daniel,Ricciardo,RIC,Red Bull,Finished,2,60726.0,30363.0,13.0
939,8,6,3,3,15.0,61,1,2015,13,Singapore Grand Prix,2015-09-20,Kimi,Räikkönen,RAI,Ferrari,Finished,2,60720.0,30360.0,13.0
939,3,131,6,4,12.0,61,1,2015,13,Singapore Grand Prix,2015-09-20,Nico,Rosberg,ROS,Mercedes,Finished,2,60449.0,30224.5,13.0
939,822,3,7,5,10.0,61,1,2015,13,Singapore Grand Prix,2015-09-20,Valtteri,Bottas,BOT,Williams,Finished,2,58499.0,29249.5,13.0
939,826,9,4,6,8.0,61,1,2015,13,Singapore Grand Prix,2015-09-20,Daniil,Kvyat,KVY,Red Bull,Finished,2,62083.0,31041.5,12.0
939,815,10,13,7,6.0,61,1,2015,13,Singapore Grand Prix,2015-09-20,Sergio,Pérez,PER,Force India,Finished,2,59408.0,29704.0,13.0
939,830,5,8,8,4.0,61,1,2015,13,Singapore Grand Prix,2015-09-20,Max,Verstappen,VER,Toro Rosso,Finished,2,62051.0,31025.5,12.0
939,832,5,14,9,2.0,61,1,2015,13,Singapore Grand Prix,2015-09-20,Carlos,Sainz,SAI,Toro Rosso,Finished,3,94597.0,31532.333333333332,10.0
939,831,15,16,10,1.0,61,1,2015,13,Singapore Grand Prix,2015-09-20,Felipe,Nasr,NAS,Sauber,Finished,2,59596.0,29798.0,13.0
939,828,15,17,11,0.0,61,1,2015,13,Singapore Grand Prix,2015-09-20,Marcus,Ericsson,ERI,Sauber,Finished,3,88844.0,29614.666666666668,10.0
939,813,208,18,12,0.0,61,1,2015,13,Singapore Grand Prix,2015-09-20,Pastor,Maldonado,MAL,Lotus F1,Finished,3,88981.0,29660.333333333332,10.0
939,154,208,10,13,0.0,59,27,2015,13,Singapore Grand Prix,2015-09-20,Romain,Grosjean,GRO,Lotus F1,Tyre,2,60466.0,30233.0,9.0
939,834,209,20,14,0.0,59,12,2015,13,Singapore Grand Prix,2015-09-20,Alexander,Rossi,RSS,Manor Marussia,+2 Laps,2,63216.0,31608.0,13.0
939,829,209,19,15,0.0,59,12,2015,13,Singapore Grand Prix,2015-09-20,Will,Stevens,STE,Manor Marussia,+2 Laps,2,68245.0,34122.5,14.0
939,18,1,15,16,0.0,52,6,2015,13,Singapore Grand Prix,2015-09-20,Jenson,Button,BUT,McLaren,Gearbox,3,133245.0,44415.0,13.0
939,4,1,12,17,0.0,33,6,2015,13,Singapore Grand Prix,2015-09-20,Fernando,Alonso,ALO,McLaren,Gearbox,1,34237.0,34237.0,10.0
939,1,131,5,18,0.0,32,37,2015,13,Singapore Grand Prix,2015-09-20,Lewis,Hamilton,HAM,Mercedes,Throttle,1,28917.0,28917.0,13.0
939,13,3,9,19,0.0,30,6,2015,13,Singapore Grand Prix,2015-09-20,Felipe,Massa,MAS,Williams,Gearbox,3,85702.0,28567.333333333332,12.0
939,807,10,11,20,0.0,12,4,2015,13,Singapore Grand Prix,2015-09-20,Nico,Hülkenberg,HUL,Force India,Collision,1,30868.0,30868.0,11.0
940,1,131,2,1,25.0,53,1,2015,14,Japanese Grand Prix,2015-09-27,Lewis,Hamilton,HAM,Mercedes,Finished,2,45915.0,22957.5,16.0
940,3,131,1,2,18.0,53,1,2015,14,Japanese Grand Prix,2015-09-27,Nico,Rosberg,ROS,Mercedes,Finished,2,46319.0,23159.5,15.0
940,20,6,4,3,15.0,53,1,2015,14,Japanese Grand Prix,2015-09-27,Sebastian,Vettel,VET,Ferrari,Finished,2,46204.0,23102.0,13.0
940,8,6,6,4,12.0,53,1,2015,14,Japanese Grand Prix,2015-09-27,Kimi,Räikkönen,RAI,Ferrari,Finished,2,46298.0,23149.0,14.0
940,822,3,3,5,10.0,53,1,2015,14,Japanese Grand Prix,2015-09-27,Valtteri,Bottas,BOT,Williams,Finished,2,47130.0,23565.0,11.0
940,807,10,13,6,8.0,53,1,2015,14,Japanese Grand Prix,2015-09-27,Nico,Hülkenberg,HUL,Force India,Finished,3,83001.0,27667.0,10.0
940,154,208,8,7,6.0,53,1,2015,14,Japanese Grand Prix,2015-09-27,Romain,Grosjean,GRO,Lotus F1,Finished,2,48347.0,24173.5,11.0
940,813,208,11,8,4.0,53,1,2015,14,Japanese Grand Prix,2015-09-27,Pastor,Maldonado,MAL,Lotus F1,Finished,2,48091.0,24045.5,12.0
940,830,5,17,9,2.0,53,1,2015,14,Japanese Grand Prix,2015-09-27,Max,Verstappen,VER,Toro Rosso,Finished,2,51770.0,25885.0,9.0
940,832,5,10,10,1.0,52,11,2015,14,Japanese Grand Prix,2015-09-27,Carlos,Sainz,SAI,Toro Rosso,+1 Lap,2,63046.0,31523.0,14.0
940,4,1,12,11,0.0,52,11,2015,14,Japanese Grand Prix,2015-09-27,Fernando,Alonso,ALO,McLaren,+1 Lap,2,47407.0,23703.5,9.0
940,815,10,9,12,0.0,52,11,2015,14,Japanese Grand Prix,2015-09-27,Sergio,Pérez,PER,Force India,+1 Lap,3,73611.0,24537.0,1.0
940,826,9,20,13,0.0,52,11,2015,14,Japanese Grand Prix,2015-09-27,Daniil,Kvyat,KVY,Red Bull,+1 Lap,3,69880.0,23293.333333333332,8.0
940,828,15,15,14,0.0,52,11,2015,14,Japanese Grand Prix,2015-09-27,Marcus,Ericsson,ERI,Sauber,+1 Lap,2,46859.0,23429.5,13.0
940,817,9,7,15,0.0,52,11,2015,14,Japanese Grand Prix,2015-09-27,Daniel,Ricciardo,RIC,Red Bull,+1 Lap,2,49312.0,24656.0,1.0
940,18,1,14,16,0.0,52,11,2015,14,Japanese Grand Prix,2015-09-27,Jenson,Button,BUT,McLaren,+1 Lap,2,47144.0,23572.0,10.0
940,13,3,5,17,0.0,51,12,2015,14,Japanese Grand Prix,2015-09-27,Felipe,Massa,MAS,Williams,+2 Laps,3,85571.0,28523.666666666668,1.0
940,834,209,19,18,0.0,51,12,2015,14,Japanese Grand Prix,2015-09-27,Alexander,Rossi,RSS,Manor Marussia,+2 Laps,2,50234.0,25117.0,22.0
940,829,209,18,19,0.0,50,13,2015,14,Japanese Grand Prix,2015-09-27,Will,Stevens,STE,Manor Marussia,+3 Laps,3,85282.0,28427.333333333332,21.0
940,831,15,16,20,0.0,49,31,2015,14,Japanese Grand Prix,2015-09-27,Felipe,Nasr,NAS,Sauber,Retired,2,48879.0,24439.5,10.0
941,1,131,2,1,25.0,53,1,2015,15,Russian Grand Prix,2015-10-11,Lewis,Hamilton,HAM,Mercedes,Finished,1,30216.0,30216.0,32.0
941,20,6,4,2,18.0,53,1,2015,15,Russian Grand Prix,2015-10-11,Sebastian,Vettel,VET,Ferrari,Finished,1,29367.0,29367.0,30.0
941,815,10,7,3,15.0,53,1,2015,15,Russian Grand Prix,2015-10-11,Sergio,Pérez,PER,Force India,Finished,1,30545.0,30545.0,12.0
941,13,3,15,4,12.0,53,1,2015,15,Russian Grand Prix,2015-10-11,Felipe,Massa,MAS,Williams,Finished,1,30741.0,30741.0,30.0
941,8,6,5,8,4.0,53,1,2015,15,Russian Grand Prix,2015-10-11,Kimi,Räikkönen,RAI,Ferrari,Finished,1,29386.0,29386.0,31.0
941,831,15,12,6,8.0,53,1,2015,15,Russian Grand Prix,2015-10-11,Felipe,Nasr,NAS,Sauber,Finished,1,30362.0,30362.0,34.0
941,813,208,14,7,6.0,53,1,2015,15,Russian Grand Prix,2015-10-11,Pastor,Maldonado,MAL,Lotus F1,Finished,1,29952.0,29952.0,30.0
941,18,1,13,9,2.0,53,1,2015,15,Russian Grand Prix,2015-10-11,Jenson,Button,BUT,McLaren,Finished,1,29719.0,29719.0,12.0
941,830,5,9,10,1.0,53,1,2015,15,Russian Grand Prix,2015-10-11,Max,Verstappen,VER,Toro Rosso,Finished,2,67575.0,33787.5,1.0
941,4,1,19,11,0.0,53,1,2015,15,Russian Grand Prix,2015-10-11,Fernando,Alonso,ALO,McLaren,Finished,1,29539.0,29539.0,13.0
941,822,3,3,12,0.0,52,4,2015,15,Russian Grand Prix,2015-10-11,Valtteri,Bottas,BOT,Williams,Collision,1,30316.0,30316.0,26.0
941,833,209,18,13,0.0,52,11,2015,15,Russian Grand Prix,2015-10-11,Roberto,Merhi,MER,Manor Marussia,+1 Lap,1,35072.0,35072.0,13.0
941,829,209,17,14,0.0,51,12,2015,15,Russian Grand Prix,2015-10-11,Will,Stevens,STE,Manor Marussia,+2 Laps,2,62821.0,31410.5,14.0
941,817,9,10,15,0.0,47,22,2015,15,Russian Grand Prix,2015-10-11,Daniel,Ricciardo,RIC,Red Bull,Suspension,1,29732.0,29732.0,12.0
941,832,5,20,16,0.0,45,23,2015,15,Russian Grand Prix,2015-10-11,Carlos,Sainz,SAI,Toro Rosso,Brakes,1,30288.0,30288.0,12.0
941,154,208,8,17,0.0,11,3,2015,15,Russian Grand Prix,2015-10-11,Romain,Grosjean,GRO,Lotus F1,Accident,1,54445.0,54445.0,1.0
941,3,131,1,18,0.0,7,37,2015,15,Russian Grand Prix,2015-10-11,Nico,Rosberg,ROS,Mercedes,Throttle,0,,,
941,807,10,6,19,0.0,0,4,2015,15,Russian Grand Prix,2015-10-11,Nico,Hülkenberg,HUL,Force India,Collision,0,,,
941,828,15,17,20,0.0,0,4,2015,15,Russian Grand Prix,2015-10-11,Marcus,Ericsson,ERI,Sauber,Collision,0,,,
942,1,131,2,1,25.0,56,1,2015,16,United States Grand Prix,2015-10-25,Lewis,Hamilton,HAM,Mercedes,Finished,2,48442.0,24221.0,18.0
941,826,9,11,5,10.0,53,1,2015,15,Russian Grand Prix,2015-10-11,Daniil,Kvyat,KVY,Red Bull,Finished,1,30418.0,30418.0,33.0
942,3,131,1,2,18.0,56,1,2015,16,United States Grand Prix,2015-10-25,Nico,Rosberg,ROS,Mercedes,Finished,2,49882.0,24941.0,19.0
942,20,6,13,3,15.0,56,1,2015,16,United States Grand Prix,2015-10-25,Sebastian,Vettel,VET,Ferrari,Finished,3,74753.0,24917.666666666668,18.0
942,830,5,8,4,12.0,56,1,2015,16,United States Grand Prix,2015-10-25,Max,Verstappen,VER,Toro Rosso,Finished,2,50431.0,25215.5,18.0
942,815,10,5,5,10.0,56,1,2015,16,United States Grand Prix,2015-10-25,Sergio,Pérez,PER,Force India,Finished,2,51188.0,25594.0,19.0
942,18,1,11,6,8.0,56,1,2015,16,United States Grand Prix,2015-10-25,Jenson,Button,BUT,McLaren,Finished,3,76837.0,25612.333333333332,17.0
942,832,5,20,7,6.0,56,1,2015,16,United States Grand Prix,2015-10-25,Carlos,Sainz,SAI,Toro Rosso,Finished,3,96681.0,32227.0,19.0
942,813,208,12,8,4.0,56,1,2015,16,United States Grand Prix,2015-10-25,Pastor,Maldonado,MAL,Lotus F1,Finished,3,78351.0,26117.0,18.0
942,831,15,15,9,2.0,56,1,2015,16,United States Grand Prix,2015-10-25,Felipe,Nasr,NAS,Sauber,Finished,5,143303.0,28660.6,2.0
942,817,9,3,10,1.0,56,1,2015,16,United States Grand Prix,2015-10-25,Daniel,Ricciardo,RIC,Red Bull,Finished,3,76746.0,25582.0,19.0
942,4,1,9,11,0.0,56,1,2015,16,United States Grand Prix,2015-10-25,Fernando,Alonso,ALO,McLaren,Finished,3,82023.0,27341.0,1.0
942,834,209,17,12,0.0,56,1,2015,16,United States Grand Prix,2015-10-25,Alexander,Rossi,RSS,Manor Marussia,Finished,3,90080.0,30026.666666666668,1.0
942,826,9,4,13,0.0,41,3,2015,16,United States Grand Prix,2015-10-25,Daniil,Kvyat,KVY,Red Bull,Accident,2,49843.0,24921.5,19.0
942,807,10,6,14,0.0,35,3,2015,16,United States Grand Prix,2015-10-25,Nico,Hülkenberg,HUL,Force India,Accident,2,54704.0,27352.0,19.0
942,828,15,14,15,0.0,25,31,2015,16,United States Grand Prix,2015-10-25,Marcus,Ericsson,ERI,Sauber,Retired,2,60660.0,30330.0,16.0
942,8,6,18,16,0.0,25,135,2015,16,United States Grand Prix,2015-10-25,Kimi,Räikkönen,RAI,Ferrari,Brake duct,2,59281.0,29640.5,19.0
942,13,3,7,17,0.0,23,31,2015,16,United States Grand Prix,2015-10-25,Felipe,Massa,MAS,Williams,Retired,1,24646.0,24646.0,18.0
942,154,208,10,18,0.0,10,31,2015,16,United States Grand Prix,2015-10-25,Romain,Grosjean,GRO,Lotus F1,Retired,2,55351.0,27675.5,1.0
942,822,3,16,19,0.0,5,31,2015,16,United States Grand Prix,2015-10-25,Valtteri,Bottas,BOT,Williams,Retired,2,66872.0,33436.0,1.0
942,829,209,19,20,0.0,1,31,2015,16,United States Grand Prix,2015-10-25,Will,Stevens,STE,Manor Marussia,Retired,0,,,
943,3,131,1,1,25.0,71,1,2015,17,Mexican Grand Prix,2015-11-01,Nico,Rosberg,ROS,Mercedes,Finished,2,44694.0,22347.0,26.0
943,1,131,2,2,18.0,71,1,2015,17,Mexican Grand Prix,2015-11-01,Lewis,Hamilton,HAM,Mercedes,Finished,2,44632.0,22316.0,28.0
943,822,3,6,3,15.0,71,1,2015,17,Mexican Grand Prix,2015-11-01,Valtteri,Bottas,BOT,Williams,Finished,2,46117.0,23058.5,8.0
943,826,9,4,4,12.0,71,1,2015,17,Mexican Grand Prix,2015-11-01,Daniil,Kvyat,KVY,Red Bull,Finished,2,45077.0,22538.5,21.0
943,817,9,5,5,10.0,71,1,2015,17,Mexican Grand Prix,2015-11-01,Daniel,Ricciardo,RIC,Red Bull,Finished,2,44910.0,22455.0,24.0
943,13,3,7,6,8.0,71,1,2015,17,Mexican Grand Prix,2015-11-01,Felipe,Massa,MAS,Williams,Finished,2,45935.0,22967.5,9.0
943,807,10,10,7,6.0,71,1,2015,17,Mexican Grand Prix,2015-11-01,Nico,Hülkenberg,HUL,Force India,Finished,2,47413.0,23706.5,9.0
943,815,10,9,8,4.0,71,1,2015,17,Mexican Grand Prix,2015-11-01,Sergio,Pérez,PER,Force India,Finished,1,23547.0,23547.0,18.0
943,830,5,8,9,2.0,71,1,2015,17,Mexican Grand Prix,2015-11-01,Max,Verstappen,VER,Toro Rosso,Finished,2,45574.0,22787.0,25.0
943,154,208,12,10,1.0,71,1,2015,17,Mexican Grand Prix,2015-11-01,Romain,Grosjean,GRO,Lotus F1,Finished,2,45836.0,22918.0,11.0
943,813,208,13,11,0.0,71,1,2015,17,Mexican Grand Prix,2015-11-01,Pastor,Maldonado,MAL,Lotus F1,Finished,2,50584.0,25292.0,10.0
943,828,15,14,12,0.0,71,1,2015,17,Mexican Grand Prix,2015-11-01,Marcus,Ericsson,ERI,Sauber,Finished,3,69709.0,23236.333333333332,10.0
943,832,5,11,13,0.0,71,1,2015,17,Mexican Grand Prix,2015-11-01,Carlos,Sainz,SAI,Toro Rosso,Finished,3,69972.0,23324.0,13.0
943,18,1,20,14,0.0,71,1,2015,17,Mexican Grand Prix,2015-11-01,Jenson,Button,BUT,McLaren,Finished,2,46374.0,23187.0,30.0
943,834,209,16,15,0.0,69,12,2015,17,Mexican Grand Prix,2015-11-01,Alexander,Rossi,RSS,Manor Marussia,+2 Laps,2,55809.0,27904.5,27.0
943,829,209,17,16,0.0,69,12,2015,17,Mexican Grand Prix,2015-11-01,Will,Stevens,STE,Manor Marussia,+2 Laps,2,49311.0,24655.5,26.0
943,831,15,15,17,0.0,57,23,2015,17,Mexican Grand Prix,2015-11-01,Felipe,Nasr,NAS,Sauber,Brakes,3,70256.0,23418.666666666668,12.0
943,20,6,3,18,0.0,50,3,2015,17,Mexican Grand Prix,2015-11-01,Sebastian,Vettel,VET,Ferrari,Accident,2,50226.0,25113.0,1.0
943,8,6,19,19,0.0,21,4,2015,17,Mexican Grand Prix,2015-11-01,Kimi,Räikkönen,RAI,Ferrari,Collision,0,,,
943,4,1,18,20,0.0,1,31,2015,17,Mexican Grand Prix,2015-11-01,Fernando,Alonso,ALO,McLaren,Retired,0,,,
944,3,131,1,1,25.0,71,1,2015,18,Brazilian Grand Prix,2015-11-15,Nico,Rosberg,ROS,Mercedes,Finished,3,71406.0,23802.0,13.0
944,1,131,2,2,18.0,71,1,2015,18,Brazilian Grand Prix,2015-11-15,Lewis,Hamilton,HAM,Mercedes,Finished,3,70412.0,23470.666666666668,14.0
944,20,6,3,3,15.0,71,1,2015,18,Brazilian Grand Prix,2015-11-15,Sebastian,Vettel,VET,Ferrari,Finished,3,71136.0,23712.0,13.0
944,8,6,4,4,12.0,71,1,2015,18,Brazilian Grand Prix,2015-11-15,Kimi,Räikkönen,RAI,Ferrari,Finished,2,48601.0,24300.5,12.0
944,822,3,7,5,10.0,70,11,2015,18,Brazilian Grand Prix,2015-11-15,Valtteri,Bottas,BOT,Williams,+1 Lap,2,48649.0,24324.5,11.0
944,807,10,5,6,8.0,70,11,2015,18,Brazilian Grand Prix,2015-11-15,Nico,Hülkenberg,HUL,Force India,+1 Lap,2,48208.0,24104.0,9.0
944,826,9,6,7,6.0,70,11,2015,18,Brazilian Grand Prix,2015-11-15,Daniil,Kvyat,KVY,Red Bull,+1 Lap,2,47785.0,23892.5,10.0
944,154,208,14,8,4.0,70,11,2015,18,Brazilian Grand Prix,2015-11-15,Romain,Grosjean,GRO,Lotus F1,+1 Lap,3,72220.0,24073.333333333332,10.0
944,830,5,9,9,2.0,70,11,2015,18,Brazilian Grand Prix,2015-11-15,Max,Verstappen,VER,Toro Rosso,+1 Lap,3,72397.0,24132.333333333332,11.0
944,813,208,15,10,1.0,70,11,2015,18,Brazilian Grand Prix,2015-11-15,Pastor,Maldonado,MAL,Lotus F1,+1 Lap,2,54197.0,27098.5,25.0
944,817,9,19,11,0.0,70,11,2015,18,Brazilian Grand Prix,2015-11-15,Daniel,Ricciardo,RIC,Red Bull,+1 Lap,3,72691.0,24230.333333333332,3.0
944,815,10,11,12,0.0,70,11,2015,18,Brazilian Grand Prix,2015-11-15,Sergio,Pérez,PER,Force India,+1 Lap,3,71195.0,23731.666666666668,10.0
944,831,15,13,13,0.0,70,11,2015,18,Brazilian Grand Prix,2015-11-15,Felipe,Nasr,NAS,Sauber,+1 Lap,2,50020.0,25010.0,14.0
944,18,1,16,14,0.0,70,11,2015,18,Brazilian Grand Prix,2015-11-15,Jenson,Button,BUT,McLaren,+1 Lap,3,70909.0,23636.333333333332,12.0
944,4,1,20,15,0.0,70,11,2015,18,Brazilian Grand Prix,2015-11-15,Fernando,Alonso,ALO,McLaren,+1 Lap,3,70009.0,23336.333333333332,13.0
944,828,15,12,16,0.0,69,12,2015,18,Brazilian Grand Prix,2015-11-15,Marcus,Ericsson,ERI,Sauber,+2 Laps,3,78949.0,26316.333333333332,12.0
944,829,209,18,17,0.0,67,14,2015,18,Brazilian Grand Prix,2015-11-15,Will,Stevens,STE,Manor Marussia,+4 Laps,2,52642.0,26321.0,15.0
944,834,209,17,18,0.0,67,14,2015,18,Brazilian Grand Prix,2015-11-15,Alexander,Rossi,RSS,Manor Marussia,+4 Laps,2,52198.0,26099.0,14.0
944,832,5,10,19,0.0,0,31,2015,18,Brazilian Grand Prix,2015-11-15,Carlos,Sainz,SAI,Toro Rosso,Retired,0,,,
944,13,3,8,20,0.0,70,96,2015,18,Brazilian Grand Prix,2015-11-15,Felipe,Massa,MAS,Williams,Excluded,3,71215.0,23738.333333333332,10.0
945,3,131,1,1,25.0,55,1,2015,19,Abu Dhabi Grand Prix,2015-11-29,Nico,Rosberg,ROS,Mercedes,Finished,2,43217.0,21608.5,10.0
945,1,131,2,2,18.0,55,1,2015,19,Abu Dhabi Grand Prix,2015-11-29,Lewis,Hamilton,HAM,Mercedes,Finished,2,42738.0,21369.0,11.0
945,8,6,3,3,15.0,55,1,2015,19,Abu Dhabi Grand Prix,2015-11-29,Kimi,Räikkönen,RAI,Ferrari,Finished,2,47775.0,23887.5,10.0
945,20,6,15,4,12.0,55,1,2015,19,Abu Dhabi Grand Prix,2015-11-29,Sebastian,Vettel,VET,Ferrari,Finished,2,43423.0,21711.5,23.0
945,815,10,4,5,10.0,55,1,2015,19,Abu Dhabi Grand Prix,2015-11-29,Sergio,Pérez,PER,Force India,Finished,2,44038.0,22019.0,6.0
945,817,9,5,6,8.0,55,1,2015,19,Abu Dhabi Grand Prix,2015-11-29,Daniel,Ricciardo,RIC,Red Bull,Finished,2,44067.0,22033.5,6.0
945,807,10,7,7,6.0,55,1,2015,19,Abu Dhabi Grand Prix,2015-11-29,Nico,Hülkenberg,HUL,Force India,Finished,2,44219.0,22109.5,7.0
945,13,3,8,8,4.0,55,1,2015,19,Abu Dhabi Grand Prix,2015-11-29,Felipe,Massa,MAS,Williams,Finished,2,45561.0,22780.5,6.0
945,154,208,18,9,2.0,55,1,2015,19,Abu Dhabi Grand Prix,2015-11-29,Romain,Grosjean,GRO,Lotus F1,Finished,2,44437.0,22218.5,23.0
945,826,9,9,10,1.0,55,1,2015,19,Abu Dhabi Grand Prix,2015-11-29,Daniil,Kvyat,KVY,Red Bull,Finished,2,43502.0,21751.0,5.0
945,832,5,10,11,0.0,55,1,2015,19,Abu Dhabi Grand Prix,2015-11-29,Carlos,Sainz,SAI,Toro Rosso,Finished,2,47370.0,23685.0,7.0
945,18,1,12,12,0.0,54,11,2015,19,Abu Dhabi Grand Prix,2015-11-29,Jenson,Button,BUT,McLaren,+1 Lap,2,46032.0,23016.0,8.0
945,822,3,6,13,0.0,54,11,2015,19,Abu Dhabi Grand Prix,2015-11-29,Valtteri,Bottas,BOT,Williams,+1 Lap,3,82699.0,27566.333333333332,8.0
945,828,15,17,14,0.0,54,11,2015,19,Abu Dhabi Grand Prix,2015-11-29,Marcus,Ericsson,ERI,Sauber,+1 Lap,2,45038.0,22519.0,15.0
945,831,15,14,15,0.0,54,11,2015,19,Abu Dhabi Grand Prix,2015-11-29,Felipe,Nasr,NAS,Sauber,+1 Lap,3,73299.0,24433.0,4.0
945,830,5,11,16,0.0,54,11,2015,19,Abu Dhabi Grand Prix,2015-11-29,Max,Verstappen,VER,Toro Rosso,+1 Lap,3,67121.0,22373.666666666668,8.0
945,4,1,16,17,0.0,53,12,2015,19,Abu Dhabi Grand Prix,2015-11-29,Fernando,Alonso,ALO,McLaren,+2 Laps,4,105741.0,26435.25,1.0
945,829,209,19,18,0.0,53,12,2015,19,Abu Dhabi Grand Prix,2015-11-29,Will,Stevens,STE,Manor Marussia,+2 Laps,2,45767.0,22883.5,23.0
945,833,209,20,19,0.0,52,13,2015,19,Abu Dhabi Grand Prix,2015-11-29,Roberto,Merhi,MER,Manor Marussia,+3 Laps,1,24314.0,24314.0,24.0
945,813,208,13,20,0.0,0,4,2015,19,Abu Dhabi Grand Prix,2015-11-29,Pastor,Maldonado,MAL,Lotus F1,Collision,0,,,
948,3,131,2,1,25.0,57,1,2016,1,Australian Grand Prix,2016-03-20,Nico,Rosberg,ROS,Mercedes,Finished,2,1110834.0,555417.0,12.0
948,1,131,1,2,18.0,57,1,2016,1,Australian Grand Prix,2016-03-20,Lewis,Hamilton,HAM,Mercedes,Finished,2,1112027.0,556013.5,16.0
948,20,6,3,3,15.0,57,1,2016,1,Australian Grand Prix,2016-03-20,Sebastian,Vettel,VET,Ferrari,Finished,3,1135199.0,378399.6666666667,13.0
948,817,9,8,4,12.0,57,1,2016,1,Australian Grand Prix,2016-03-20,Daniel,Ricciardo,RIC,Red Bull,Finished,3,1134048.0,378016.0,12.0
948,13,3,6,5,10.0,57,1,2016,1,Australian Grand Prix,2016-03-20,Felipe,Massa,MAS,Williams,Finished,2,1111355.0,555677.5,11.0
948,154,210,19,6,8.0,57,1,2016,1,Australian Grand Prix,2016-03-20,Romain,Grosjean,GRO,Haas F1 Team,Finished,1,1089417.0,1089417.0,18.0
948,807,10,10,7,6.0,57,1,2016,1,Australian Grand Prix,2016-03-20,Nico,Hülkenberg,HUL,Force India,Finished,2,1111322.0,555661.0,16.0
948,822,3,16,8,4.0,57,1,2016,1,Australian Grand Prix,2016-03-20,Valtteri,Bottas,BOT,Williams,Finished,2,1110365.0,555182.5,17.0
948,832,5,7,9,2.0,57,1,2016,1,Australian Grand Prix,2016-03-20,Carlos,Sainz,SAI,Toro Rosso,Finished,3,1134777.0,378259.0,8.0
948,830,5,5,10,1.0,57,1,2016,1,Australian Grand Prix,2016-03-20,Max,Verstappen,VER,Toro Rosso,Finished,3,1140741.0,380247.0,13.0
948,835,4,13,11,0.0,57,1,2016,1,Australian Grand Prix,2016-03-20,Jolyon,Palmer,PAL,Renault,Finished,2,1111580.0,555790.0,12.0
948,825,4,14,12,0.0,57,1,2016,1,Australian Grand Prix,2016-03-20,Kevin,Magnussen,MAG,Renault,Finished,3,996228.0,332076.0,1.0
948,815,10,9,13,0.0,57,1,2016,1,Australian Grand Prix,2016-03-20,Sergio,Pérez,PER,Force India,Finished,2,1112030.0,556015.0,16.0
948,18,1,12,14,0.0,56,11,2016,1,Australian Grand Prix,2016-03-20,Jenson,Button,BUT,McLaren,+1 Lap,3,1128919.0,376306.3333333333,15.0
948,831,15,17,15,0.0,56,11,2016,1,Australian Grand Prix,2016-03-20,Felipe,Nasr,NAS,Sauber,+1 Lap,2,1105038.0,552519.0,10.0
948,836,209,21,16,0.0,56,11,2016,1,Australian Grand Prix,2016-03-20,Pascal,Wehrlein,WEH,Manor Marussia,+1 Lap,3,1132241.0,377413.6666666667,11.0
948,828,15,15,17,0.0,38,5,2016,1,Australian Grand Prix,2016-03-20,Marcus,Ericsson,ERI,Sauber,Engine,3,1126168.0,375389.3333333333,11.0
948,8,6,4,18,0.0,21,5,2016,1,Australian Grand Prix,2016-03-20,Kimi,Räikkönen,RAI,Ferrari,Engine,2,1111873.0,555936.5,16.0
948,837,209,22,19,0.0,17,26,2016,1,Australian Grand Prix,2016-03-20,Rio,Haryanto,HAR,Manor Marussia,Mechanical,1,23224.0,23224.0,12.0
948,821,210,20,20,0.0,16,4,2016,1,Australian Grand Prix,2016-03-20,Esteban,Gutiérrez,GUT,Haas F1 Team,Collision,0,,,
948,4,1,11,21,0.0,16,4,2016,1,Australian Grand Prix,2016-03-20,Fernando,Alonso,ALO,McLaren,Collision,1,21796.0,21796.0,12.0
948,826,9,18,22,0.0,0,31,2016,1,Australian Grand Prix,2016-03-20,Daniil,Kvyat,KVY,Red Bull,Retired,0,,,
949,3,131,2,1,25.0,57,1,2016,2,Bahrain Grand Prix,2016-04-03,Nico,Rosberg,ROS,Mercedes,Finished,3,77921.0,25973.666666666668,13.0
949,8,6,4,2,18.0,57,1,2016,2,Bahrain Grand Prix,2016-04-03,Kimi,Räikkönen,RAI,Ferrari,Finished,3,75199.0,25066.333333333332,12.0
949,1,131,1,3,15.0,57,1,2016,2,Bahrain Grand Prix,2016-04-03,Lewis,Hamilton,HAM,Mercedes,Finished,3,74066.0,24688.666666666668,13.0
949,817,9,5,4,12.0,57,1,2016,2,Bahrain Grand Prix,2016-04-03,Daniel,Ricciardo,RIC,Red Bull,Finished,3,76051.0,25350.333333333332,6.0
949,154,210,9,5,10.0,57,1,2016,2,Bahrain Grand Prix,2016-04-03,Romain,Grosjean,GRO,Haas F1 Team,Finished,3,81953.0,27317.666666666668,11.0
949,830,5,10,6,8.0,57,1,2016,2,Bahrain Grand Prix,2016-04-03,Max,Verstappen,VER,Toro Rosso,Finished,3,76533.0,25511.0,10.0
949,826,9,15,7,6.0,56,11,2016,2,Bahrain Grand Prix,2016-04-03,Daniil,Kvyat,KVY,Red Bull,+1 Lap,3,73304.0,24434.666666666668,16.0
949,13,3,7,8,4.0,56,11,2016,2,Bahrain Grand Prix,2016-04-03,Felipe,Massa,MAS,Williams,+1 Lap,2,48329.0,24164.5,7.0
949,822,3,6,9,2.0,56,11,2016,2,Bahrain Grand Prix,2016-04-03,Valtteri,Bottas,BOT,Williams,+1 Lap,3,70423.0,23474.333333333332,8.0
949,838,1,12,10,1.0,56,11,2016,2,Bahrain Grand Prix,2016-04-03,Stoffel,Vandoorne,VAN,McLaren,+1 Lap,3,74602.0,24867.333333333332,9.0
949,825,4,22,11,0.0,56,11,2016,2,Bahrain Grand Prix,2016-04-03,Kevin,Magnussen,MAG,Renault,+1 Lap,3,75600.0,25200.0,12.0
949,828,15,17,12,0.0,56,11,2016,2,Bahrain Grand Prix,2016-04-03,Marcus,Ericsson,ERI,Sauber,+1 Lap,2,50138.0,25069.0,13.0
949,836,209,16,13,0.0,56,11,2016,2,Bahrain Grand Prix,2016-04-03,Pascal,Wehrlein,WEH,Manor Marussia,+1 Lap,3,77202.0,25734.0,11.0
949,831,15,21,14,0.0,56,11,2016,2,Bahrain Grand Prix,2016-04-03,Felipe,Nasr,NAS,Sauber,+1 Lap,3,77397.0,25799.0,10.0
949,807,10,8,15,0.0,56,11,2016,2,Bahrain Grand Prix,2016-04-03,Nico,Hülkenberg,HUL,Force India,+1 Lap,4,108190.0,27047.5,1.0
949,815,10,18,16,0.0,56,11,2016,2,Bahrain Grand Prix,2016-04-03,Sergio,Pérez,PER,Force India,+1 Lap,3,79911.0,26637.0,2.0
949,837,209,20,17,0.0,56,11,2016,2,Bahrain Grand Prix,2016-04-03,Rio,Haryanto,HAR,Manor Marussia,+1 Lap,3,80019.0,26673.0,12.0
949,832,5,11,18,0.0,29,31,2016,2,Bahrain Grand Prix,2016-04-03,Carlos,Sainz,SAI,Toro Rosso,Retired,2,63379.0,31689.5,2.0
949,821,210,13,19,0.0,9,31,2016,2,Bahrain Grand Prix,2016-04-03,Esteban,Gutiérrez,GUT,Haas F1 Team,Retired,1,32793.0,32793.0,8.0
949,18,1,14,20,0.0,6,131,2016,2,Bahrain Grand Prix,2016-04-03,Jenson,Button,BUT,McLaren,Power Unit,0,,,
949,20,6,3,21,0.0,0,5,2016,2,Bahrain Grand Prix,2016-04-03,Sebastian,Vettel,VET,Ferrari,Engine,0,,,
949,835,4,19,22,0.0,0,9,2016,2,Bahrain Grand Prix,2016-04-03,Jolyon,Palmer,PAL,Renault,Hydraulics,0,,,
950,3,131,1,1,25.0,56,1,2016,3,Chinese Grand Prix,2016-04-17,Nico,Rosberg,ROS,Mercedes,Finished,2,46390.0,23195.0,20.0
950,20,6,4,2,18.0,56,1,2016,3,Chinese Grand Prix,2016-04-17,Sebastian,Vettel,VET,Ferrari,Finished,3,74741.0,24913.666666666668,4.0
950,826,9,6,3,15.0,56,1,2016,3,Chinese Grand Prix,2016-04-17,Daniil,Kvyat,KVY,Red Bull,Finished,3,69375.0,23125.0,4.0
950,817,9,2,4,12.0,56,1,2016,3,Chinese Grand Prix,2016-04-17,Daniel,Ricciardo,RIC,Red Bull,Finished,3,69279.0,23093.0,3.0
950,8,6,3,5,10.0,56,1,2016,3,Chinese Grand Prix,2016-04-17,Kimi,Räikkönen,RAI,Ferrari,Finished,3,77262.0,25754.0,1.0
950,13,3,10,6,8.0,56,1,2016,3,Chinese Grand Prix,2016-04-17,Felipe,Massa,MAS,Williams,Finished,2,45473.0,22736.5,19.0
950,1,131,22,7,6.0,56,1,2016,3,Chinese Grand Prix,2016-04-17,Lewis,Hamilton,HAM,Mercedes,Finished,5,122126.0,24425.2,1.0
950,830,5,9,8,4.0,56,1,2016,3,Chinese Grand Prix,2016-04-17,Max,Verstappen,VER,Toro Rosso,Finished,3,76908.0,25636.0,4.0
950,832,5,8,9,2.0,56,1,2016,3,Chinese Grand Prix,2016-04-17,Carlos,Sainz,SAI,Toro Rosso,Finished,3,72855.0,24285.0,4.0
950,822,3,5,10,1.0,56,1,2016,3,Chinese Grand Prix,2016-04-17,Valtteri,Bottas,BOT,Williams,Finished,3,68059.0,22686.333333333332,4.0
950,815,10,7,11,0.0,56,1,2016,3,Chinese Grand Prix,2016-04-17,Sergio,Pérez,PER,Force India,Finished,3,68051.0,22683.666666666668,4.0
950,4,1,11,12,0.0,56,1,2016,3,Chinese Grand Prix,2016-04-17,Fernando,Alonso,ALO,McLaren,Finished,2,45801.0,22900.5,16.0
950,18,1,12,13,0.0,56,1,2016,3,Chinese Grand Prix,2016-04-17,Jenson,Button,BUT,McLaren,Finished,3,69611.0,23203.666666666668,4.0
950,821,210,18,14,0.0,55,11,2016,3,Chinese Grand Prix,2016-04-17,Esteban,Gutiérrez,GUT,Haas F1 Team,+1 Lap,3,69911.0,23303.666666666668,19.0
950,807,10,13,15,0.0,55,11,2016,3,Chinese Grand Prix,2016-04-17,Nico,Hülkenberg,HUL,Force India,+1 Lap,4,103910.0,25977.5,4.0
950,828,15,15,16,0.0,55,11,2016,3,Chinese Grand Prix,2016-04-17,Marcus,Ericsson,ERI,Sauber,+1 Lap,2,47518.0,23759.0,4.0
950,825,4,17,17,0.0,55,11,2016,3,Chinese Grand Prix,2016-04-17,Kevin,Magnussen,MAG,Renault,+1 Lap,3,69092.0,23030.666666666668,4.0
950,836,209,21,18,0.0,55,11,2016,3,Chinese Grand Prix,2016-04-17,Pascal,Wehrlein,WEH,Manor Marussia,+1 Lap,3,75347.0,25115.666666666668,15.0
950,154,210,14,19,0.0,55,11,2016,3,Chinese Grand Prix,2016-04-17,Romain,Grosjean,GRO,Haas F1 Team,+1 Lap,4,129804.0,32451.0,1.0
950,831,15,16,20,0.0,55,11,2016,3,Chinese Grand Prix,2016-04-17,Felipe,Nasr,NAS,Sauber,+1 Lap,3,85946.0,28648.666666666668,1.0
950,837,209,20,21,0.0,55,11,2016,3,Chinese Grand Prix,2016-04-17,Rio,Haryanto,HAR,Manor Marussia,+1 Lap,3,72187.0,24062.333333333332,18.0
950,835,4,19,22,0.0,55,11,2016,3,Chinese Grand Prix,2016-04-17,Jolyon,Palmer,PAL,Renault,+1 Lap,3,70178.0,23392.666666666668,15.0
951,3,131,1,1,25.0,53,1,2016,4,Russian Grand Prix,2016-05-01,Nico,Rosberg,ROS,Mercedes,Finished,1,29709.0,29709.0,21.0
951,1,131,10,2,18.0,53,1,2016,4,Russian Grand Prix,2016-05-01,Lewis,Hamilton,HAM,Mercedes,Finished,1,30001.0,30001.0,17.0
951,8,6,3,3,15.0,53,1,2016,4,Russian Grand Prix,2016-05-01,Kimi,Räikkönen,RAI,Ferrari,Finished,1,30498.0,30498.0,20.0
951,822,3,2,4,12.0,53,1,2016,4,Russian Grand Prix,2016-05-01,Valtteri,Bottas,BOT,Williams,Finished,1,29841.0,29841.0,16.0
951,13,3,4,5,10.0,53,1,2016,4,Russian Grand Prix,2016-05-01,Felipe,Massa,MAS,Williams,Finished,2,59616.0,29808.0,18.0
951,4,1,14,6,8.0,52,11,2016,4,Russian Grand Prix,2016-05-01,Fernando,Alonso,ALO,McLaren,+1 Lap,1,29751.0,29751.0,21.0
951,825,4,17,7,6.0,52,11,2016,4,Russian Grand Prix,2016-05-01,Kevin,Magnussen,MAG,Renault,+1 Lap,1,30585.0,30585.0,16.0
951,154,210,15,8,4.0,52,11,2016,4,Russian Grand Prix,2016-05-01,Romain,Grosjean,GRO,Haas F1 Team,+1 Lap,1,31420.0,31420.0,17.0
951,815,10,6,9,2.0,52,11,2016,4,Russian Grand Prix,2016-05-01,Sergio,Pérez,PER,Force India,+1 Lap,2,63200.0,31600.0,1.0
951,18,1,12,10,1.0,52,11,2016,4,Russian Grand Prix,2016-05-01,Jenson,Button,BUT,McLaren,+1 Lap,1,30580.0,30580.0,20.0
951,817,9,5,11,0.0,52,11,2016,4,Russian Grand Prix,2016-05-01,Daniel,Ricciardo,RIC,Red Bull,+1 Lap,2,78968.0,39484.0,1.0
951,832,5,11,12,0.0,52,11,2016,4,Russian Grand Prix,2016-05-01,Carlos,Sainz,SAI,Toro Rosso,+1 Lap,1,30805.0,30805.0,11.0
951,835,4,18,13,0.0,52,11,2016,4,Russian Grand Prix,2016-05-01,Jolyon,Palmer,PAL,Renault,+1 Lap,1,30805.0,30805.0,14.0
951,828,15,22,14,0.0,52,11,2016,4,Russian Grand Prix,2016-05-01,Marcus,Ericsson,ERI,Sauber,+1 Lap,2,60962.0,30481.0,1.0
951,826,9,8,15,0.0,52,11,2016,4,Russian Grand Prix,2016-05-01,Daniil,Kvyat,KVY,Red Bull,+1 Lap,2,80188.0,40094.0,1.0
951,831,15,19,16,0.0,52,11,2016,4,Russian Grand Prix,2016-05-01,Felipe,Nasr,NAS,Sauber,+1 Lap,1,30259.0,30259.0,12.0
951,821,210,16,17,0.0,52,11,2016,4,Russian Grand Prix,2016-05-01,Esteban,Gutiérrez,GUT,Haas F1 Team,+1 Lap,2,65206.0,32603.0,1.0
951,836,209,20,18,0.0,51,12,2016,4,Russian Grand Prix,2016-05-01,Pascal,Wehrlein,WEH,Manor Marussia,+2 Laps,2,88584.0,44292.0,13.0
951,830,5,9,19,0.0,33,131,2016,4,Russian Grand Prix,2016-05-01,Max,Verstappen,VER,Toro Rosso,Power Unit,1,30553.0,30553.0,22.0
951,20,6,7,20,0.0,0,4,2016,4,Russian Grand Prix,2016-05-01,Sebastian,Vettel,VET,Ferrari,Collision,0,,,
951,807,10,13,21,0.0,0,4,2016,4,Russian Grand Prix,2016-05-01,Nico,Hülkenberg,HUL,Force India,Collision,0,,,
951,837,209,21,22,0.0,0,4,2016,4,Russian Grand Prix,2016-05-01,Rio,Haryanto,HAR,Manor Marussia,Collision,0,,,
952,830,9,4,1,25.0,66,1,2016,5,Spanish Grand Prix,2016-05-15,Max,Verstappen,VER,Red Bull,Finished,2,44717.0,22358.5,12.0
952,8,6,5,2,18.0,66,1,2016,5,Spanish Grand Prix,2016-05-15,Kimi,Räikkönen,RAI,Ferrari,Finished,2,44276.0,22138.0,12.0
952,20,6,6,3,15.0,66,1,2016,5,Spanish Grand Prix,2016-05-15,Sebastian,Vettel,VET,Ferrari,Finished,3,65863.0,21954.333333333332,15.0
952,817,9,3,4,12.0,66,1,2016,5,Spanish Grand Prix,2016-05-15,Daniel,Ricciardo,RIC,Red Bull,Finished,4,88658.0,22164.5,11.0
952,822,3,7,5,10.0,66,1,2016,5,Spanish Grand Prix,2016-05-15,Valtteri,Bottas,BOT,Williams,Finished,2,44299.0,22149.5,12.0
952,832,5,8,6,8.0,66,1,2016,5,Spanish Grand Prix,2016-05-15,Carlos,Sainz,SAI,Toro Rosso,Finished,2,45811.0,22905.5,10.0
952,815,10,9,7,6.0,66,1,2016,5,Spanish Grand Prix,2016-05-15,Sergio,Pérez,PER,Force India,Finished,2,44597.0,22298.5,9.0
952,13,3,18,8,4.0,66,1,2016,5,Spanish Grand Prix,2016-05-15,Felipe,Massa,MAS,Williams,Finished,3,65783.0,21927.666666666668,8.0
952,18,1,12,9,2.0,65,11,2016,5,Spanish Grand Prix,2016-05-15,Jenson,Button,BUT,McLaren,+1 Lap,2,44870.0,22435.0,10.0
952,826,5,13,10,1.0,65,11,2016,5,Spanish Grand Prix,2016-05-15,Daniil,Kvyat,KVY,Toro Rosso,+1 Lap,3,68280.0,22760.0,9.0
952,821,210,16,11,0.0,65,11,2016,5,Spanish Grand Prix,2016-05-15,Esteban,Gutiérrez,GUT,Haas F1 Team,+1 Lap,2,45636.0,22818.0,16.0
952,828,15,19,12,0.0,65,11,2016,5,Spanish Grand Prix,2016-05-15,Marcus,Ericsson,ERI,Sauber,+1 Lap,3,68859.0,22953.0,9.0
952,835,4,17,13,0.0,65,11,2016,5,Spanish Grand Prix,2016-05-15,Jolyon,Palmer,PAL,Renault,+1 Lap,2,45680.0,22840.0,11.0
952,825,4,15,14,0.0,65,11,2016,5,Spanish Grand Prix,2016-05-15,Kevin,Magnussen,MAG,Renault,+1 Lap,3,68130.0,22710.0,10.0
952,831,15,20,15,0.0,65,11,2016,5,Spanish Grand Prix,2016-05-15,Felipe,Nasr,NAS,Sauber,+1 Lap,2,46066.0,23033.0,12.0
952,836,209,21,16,0.0,65,11,2016,5,Spanish Grand Prix,2016-05-15,Pascal,Wehrlein,WEH,Manor Marussia,+1 Lap,2,48941.0,24470.5,11.0
952,837,209,22,17,0.0,65,11,2016,5,Spanish Grand Prix,2016-05-15,Rio,Haryanto,HAR,Manor Marussia,+1 Lap,2,54939.0,27469.5,22.0
952,154,210,14,18,0.0,56,5,2016,5,Spanish Grand Prix,2016-05-15,Romain,Grosjean,GRO,Haas F1 Team,Engine,3,80863.0,26954.333333333332,15.0
952,4,1,10,19,0.0,45,5,2016,5,Spanish Grand Prix,2016-05-15,Fernando,Alonso,ALO,McLaren,Engine,2,44782.0,22391.0,11.0
952,807,10,11,20,0.0,20,5,2016,5,Spanish Grand Prix,2016-05-15,Nico,Hülkenberg,HUL,Force India,Engine,1,22176.0,22176.0,10.0
952,1,131,1,21,0.0,0,4,2016,5,Spanish Grand Prix,2016-05-15,Lewis,Hamilton,HAM,Mercedes,Collision,0,,,
952,3,131,2,22,0.0,0,4,2016,5,Spanish Grand Prix,2016-05-15,Nico,Rosberg,ROS,Mercedes,Collision,0,,,
953,1,131,3,1,25.0,78,1,2016,6,Monaco Grand Prix,2016-05-29,Lewis,Hamilton,HAM,Mercedes,Finished,1,26315.0,26315.0,31.0
953,817,9,1,2,18.0,78,1,2016,6,Monaco Grand Prix,2016-05-29,Daniel,Ricciardo,RIC,Red Bull,Finished,2,60381.0,30190.5,23.0
953,815,10,7,3,15.0,78,1,2016,6,Monaco Grand Prix,2016-05-29,Sergio,Pérez,PER,Force India,Finished,2,51322.0,25661.0,21.0
953,20,6,4,4,12.0,78,1,2016,6,Monaco Grand Prix,2016-05-29,Sebastian,Vettel,VET,Ferrari,Finished,2,50675.0,25337.5,13.0
953,4,1,9,5,10.0,78,1,2016,6,Monaco Grand Prix,2016-05-29,Fernando,Alonso,ALO,McLaren,Finished,2,52348.0,26174.0,14.0
953,807,10,5,6,8.0,78,1,2016,6,Monaco Grand Prix,2016-05-29,Nico,Hülkenberg,HUL,Force India,Finished,2,52279.0,26139.5,15.0
953,3,131,2,7,6.0,78,1,2016,6,Monaco Grand Prix,2016-05-29,Nico,Rosberg,ROS,Mercedes,Finished,2,54378.0,27189.0,20.0
953,832,5,6,8,4.0,77,11,2016,6,Monaco Grand Prix,2016-05-29,Carlos,Sainz,SAI,Toro Rosso,+1 Lap,2,55850.0,27925.0,21.0
953,18,1,13,9,2.0,77,11,2016,6,Monaco Grand Prix,2016-05-29,Jenson,Button,BUT,McLaren,+1 Lap,2,51216.0,25608.0,8.0
953,13,3,14,10,1.0,77,11,2016,6,Monaco Grand Prix,2016-05-29,Felipe,Massa,MAS,Williams,+1 Lap,2,50116.0,25058.0,20.0
953,821,210,12,11,0.0,77,11,2016,6,Monaco Grand Prix,2016-05-29,Esteban,Gutiérrez,GUT,Haas F1 Team,+1 Lap,2,53451.0,26725.5,16.0
953,822,3,10,12,0.0,77,11,2016,6,Monaco Grand Prix,2016-05-29,Valtteri,Bottas,BOT,Williams,+1 Lap,3,77515.0,25838.333333333332,15.0
953,154,210,15,13,0.0,76,12,2016,6,Monaco Grand Prix,2016-05-29,Romain,Grosjean,GRO,Haas F1 Team,+2 Laps,2,58601.0,29300.5,15.0
953,836,209,20,14,0.0,76,12,2016,6,Monaco Grand Prix,2016-05-29,Pascal,Wehrlein,WEH,Manor Marussia,+2 Laps,1,26517.0,26517.0,31.0
953,837,209,19,15,0.0,74,14,2016,6,Monaco Grand Prix,2016-05-29,Rio,Haryanto,HAR,Manor Marussia,+4 Laps,3,82789.0,27596.333333333332,11.0
953,828,15,17,16,0.0,51,4,2016,6,Monaco Grand Prix,2016-05-29,Marcus,Ericsson,ERI,Sauber,Collision,3,86953.0,28984.333333333332,11.0
953,831,15,0,17,0.0,48,31,2016,6,Monaco Grand Prix,2016-05-29,Felipe,Nasr,NAS,Sauber,Retired,3,101108.0,33702.666666666664,8.0
953,830,9,0,18,0.0,34,3,2016,6,Monaco Grand Prix,2016-05-29,Max,Verstappen,VER,Red Bull,Accident,2,51063.0,25531.5,12.0
953,825,4,16,19,0.0,32,31,2016,6,Monaco Grand Prix,2016-05-29,Kevin,Magnussen,MAG,Renault,Retired,4,121514.0,30378.5,7.0
953,826,5,8,20,0.0,18,3,2016,6,Monaco Grand Prix,2016-05-29,Daniil,Kvyat,KVY,Toro Rosso,Accident,3,140225.0,46741.666666666664,1.0
953,8,6,11,21,0.0,10,3,2016,6,Monaco Grand Prix,2016-05-29,Kimi,Räikkönen,RAI,Ferrari,Accident,0,,,
953,835,4,18,22,0.0,7,3,2016,6,Monaco Grand Prix,2016-05-29,Jolyon,Palmer,PAL,Renault,Accident,0,,,
954,1,131,1,1,25.0,70,1,2016,7,Canadian Grand Prix,2016-06-12,Lewis,Hamilton,HAM,Mercedes,Finished,1,22243.0,22243.0,24.0
954,20,6,3,2,18.0,70,1,2016,7,Canadian Grand Prix,2016-06-12,Sebastian,Vettel,VET,Ferrari,Finished,2,44958.0,22479.0,11.0
954,822,3,7,3,15.0,70,1,2016,7,Canadian Grand Prix,2016-06-12,Valtteri,Bottas,BOT,Williams,Finished,1,22184.0,22184.0,23.0
954,830,9,5,4,12.0,70,1,2016,7,Canadian Grand Prix,2016-06-12,Max,Verstappen,VER,Red Bull,Finished,2,46495.0,23247.5,20.0
954,3,131,2,5,10.0,70,1,2016,7,Canadian Grand Prix,2016-06-12,Nico,Rosberg,ROS,Mercedes,Finished,2,45194.0,22597.0,21.0
954,8,6,6,6,8.0,70,1,2016,7,Canadian Grand Prix,2016-06-12,Kimi,Räikkönen,RAI,Ferrari,Finished,2,46083.0,23041.5,11.0
954,817,9,4,7,6.0,70,1,2016,7,Canadian Grand Prix,2016-06-12,Daniel,Ricciardo,RIC,Red Bull,Finished,2,46890.0,23445.0,21.0
954,807,10,9,8,4.0,69,11,2016,7,Canadian Grand Prix,2016-06-12,Nico,Hülkenberg,HUL,Force India,+1 Lap,2,45987.0,22993.5,21.0
954,832,5,20,9,2.0,69,11,2016,7,Canadian Grand Prix,2016-06-12,Carlos,Sainz,SAI,Toro Rosso,+1 Lap,2,47962.0,23981.0,13.0
954,815,10,11,10,1.0,69,11,2016,7,Canadian Grand Prix,2016-06-12,Sergio,Pérez,PER,Force India,+1 Lap,2,47313.0,23656.5,30.0
954,4,1,10,11,0.0,69,11,2016,7,Canadian Grand Prix,2016-06-12,Fernando,Alonso,ALO,McLaren,+1 Lap,1,27952.0,27952.0,17.0
954,826,5,15,12,0.0,69,11,2016,7,Canadian Grand Prix,2016-06-12,Daniil,Kvyat,KVY,Toro Rosso,+1 Lap,2,45627.0,22813.5,17.0
954,821,210,13,13,0.0,68,12,2016,7,Canadian Grand Prix,2016-06-12,Esteban,Gutiérrez,GUT,Haas F1 Team,+2 Laps,2,47340.0,23670.0,13.0
954,154,210,14,14,0.0,68,12,2016,7,Canadian Grand Prix,2016-06-12,Romain,Grosjean,GRO,Haas F1 Team,+2 Laps,3,78849.0,26283.0,17.0
954,828,15,21,15,0.0,68,12,2016,7,Canadian Grand Prix,2016-06-12,Marcus,Ericsson,ERI,Sauber,+2 Laps,2,46256.0,23128.0,14.0
954,825,4,22,16,0.0,68,12,2016,7,Canadian Grand Prix,2016-06-12,Kevin,Magnussen,MAG,Renault,+2 Laps,1,23162.0,23162.0,39.0
954,836,209,17,17,0.0,68,12,2016,7,Canadian Grand Prix,2016-06-12,Pascal,Wehrlein,WEH,Manor Marussia,+2 Laps,2,49300.0,24650.0,11.0
954,831,15,18,18,0.0,68,12,2016,7,Canadian Grand Prix,2016-06-12,Felipe,Nasr,NAS,Sauber,+2 Laps,2,47595.0,23797.5,9.0
954,837,209,19,19,0.0,68,12,2016,7,Canadian Grand Prix,2016-06-12,Rio,Haryanto,HAR,Manor Marussia,+2 Laps,2,54801.0,27400.5,15.0
954,13,3,8,20,0.0,35,31,2016,7,Canadian Grand Prix,2016-06-12,Felipe,Massa,MAS,Williams,Retired,1,22925.0,22925.0,22.0
954,835,4,16,21,0.0,16,31,2016,7,Canadian Grand Prix,2016-06-12,Jolyon,Palmer,PAL,Renault,Retired,0,,,
954,18,1,12,22,0.0,9,131,2016,7,Canadian Grand Prix,2016-06-12,Jenson,Button,BUT,McLaren,Power Unit,0,,,
955,3,131,1,1,25.0,51,1,2016,8,European Grand Prix,2016-06-19,Nico,Rosberg,ROS,Mercedes,Finished,1,20058.0,20058.0,21.0
955,20,6,3,2,18.0,51,1,2016,8,European Grand Prix,2016-06-19,Sebastian,Vettel,VET,Ferrari,Finished,1,20422.0,20422.0,20.0
955,815,10,7,3,15.0,51,1,2016,8,European Grand Prix,2016-06-19,Sergio,Pérez,PER,Force India,Finished,1,20614.0,20614.0,16.0
955,8,6,4,4,12.0,51,1,2016,8,European Grand Prix,2016-06-19,Kimi,Räikkönen,RAI,Ferrari,Finished,1,20593.0,20593.0,8.0
955,1,131,10,5,10.0,51,1,2016,8,European Grand Prix,2016-06-19,Lewis,Hamilton,HAM,Mercedes,Finished,1,20108.0,20108.0,15.0
955,822,3,8,6,8.0,51,1,2016,8,European Grand Prix,2016-06-19,Valtteri,Bottas,BOT,Williams,Finished,1,19732.0,19732.0,19.0
955,817,9,2,7,6.0,51,1,2016,8,European Grand Prix,2016-06-19,Daniel,Ricciardo,RIC,Red Bull,Finished,2,39995.0,19997.5,6.0
955,830,9,9,8,4.0,51,1,2016,8,European Grand Prix,2016-06-19,Max,Verstappen,VER,Red Bull,Finished,2,42566.0,21283.0,5.0
955,807,10,12,9,2.0,51,1,2016,8,European Grand Prix,2016-06-19,Nico,Hülkenberg,HUL,Force India,Finished,1,20347.0,20347.0,20.0
955,13,3,5,10,1.0,51,1,2016,8,European Grand Prix,2016-06-19,Felipe,Massa,MAS,Williams,Finished,2,39303.0,19651.5,7.0
955,18,1,19,11,0.0,51,1,2016,8,European Grand Prix,2016-06-19,Jenson,Button,BUT,McLaren,Finished,2,40825.0,20412.5,6.0
955,831,15,15,12,0.0,50,11,2016,8,European Grand Prix,2016-06-19,Felipe,Nasr,NAS,Sauber,+1 Lap,2,41383.0,20691.5,7.0
955,154,210,11,13,0.0,50,11,2016,8,European Grand Prix,2016-06-19,Romain,Grosjean,GRO,Haas F1 Team,+1 Lap,2,44720.0,22360.0,10.0
955,825,4,22,14,0.0,50,11,2016,8,European Grand Prix,2016-06-19,Kevin,Magnussen,MAG,Renault,+1 Lap,1,20772.0,20772.0,6.0
955,835,4,21,15,0.0,50,11,2016,8,European Grand Prix,2016-06-19,Jolyon,Palmer,PAL,Renault,+1 Lap,2,41526.0,20763.0,11.0
955,821,210,14,16,0.0,50,11,2016,8,European Grand Prix,2016-06-19,Esteban,Gutiérrez,GUT,Haas F1 Team,+1 Lap,2,50760.0,25380.0,8.0
955,828,15,20,17,0.0,50,11,2016,8,European Grand Prix,2016-06-19,Marcus,Ericsson,ERI,Sauber,+1 Lap,2,41642.0,20821.0,16.0
955,837,209,16,18,0.0,49,12,2016,8,European Grand Prix,2016-06-19,Rio,Haryanto,HAR,Manor Marussia,+2 Laps,1,33405.0,33405.0,1.0
955,4,1,13,19,0.0,42,6,2016,8,European Grand Prix,2016-06-19,Fernando,Alonso,ALO,McLaren,Gearbox,2,40936.0,20468.0,5.0
955,836,209,17,20,0.0,39,23,2016,8,European Grand Prix,2016-06-19,Pascal,Wehrlein,WEH,Manor Marussia,Brakes,1,26187.0,26187.0,29.0
955,832,5,18,21,0.0,31,22,2016,8,European Grand Prix,2016-06-19,Carlos,Sainz,SAI,Toro Rosso,Suspension,2,43058.0,21529.0,4.0
955,826,5,6,22,0.0,6,22,2016,8,European Grand Prix,2016-06-19,Daniil,Kvyat,KVY,Toro Rosso,Suspension,1,24802.0,24802.0,5.0
956,1,131,1,1,25.0,71,1,2016,9,Austrian Grand Prix,2016-07-03,Lewis,Hamilton,HAM,Mercedes,Finished,4,80726.0,20181.5,21.0
956,830,9,8,2,18.0,71,1,2016,9,Austrian Grand Prix,2016-07-03,Max,Verstappen,VER,Red Bull,Finished,3,57565.0,19188.333333333332,15.0
956,8,6,4,3,15.0,71,1,2016,9,Austrian Grand Prix,2016-07-03,Kimi,Räikkönen,RAI,Ferrari,Finished,3,61577.0,20525.666666666668,22.0
956,3,131,6,4,12.0,71,1,2016,9,Austrian Grand Prix,2016-07-03,Nico,Rosberg,ROS,Mercedes,Finished,4,79104.0,19776.0,10.0
956,817,9,5,5,10.0,71,1,2016,9,Austrian Grand Prix,2016-07-03,Daniel,Ricciardo,RIC,Red Bull,Finished,4,81222.0,20305.5,14.0
956,18,1,3,6,8.0,71,1,2016,9,Austrian Grand Prix,2016-07-03,Jenson,Button,BUT,McLaren,Finished,4,82165.0,20541.25,9.0
956,154,210,13,7,6.0,71,1,2016,9,Austrian Grand Prix,2016-07-03,Romain,Grosjean,GRO,Haas F1 Team,Finished,3,61076.0,20358.666666666668,26.0
956,832,5,15,8,4.0,71,1,2016,9,Austrian Grand Prix,2016-07-03,Carlos,Sainz,SAI,Toro Rosso,Finished,3,74703.0,24901.0,9.0
956,822,3,7,9,2.0,70,11,2016,9,Austrian Grand Prix,2016-07-03,Valtteri,Bottas,BOT,Williams,+1 Lap,4,81362.0,20340.5,9.0
956,836,209,12,10,1.0,70,11,2016,9,Austrian Grand Prix,2016-07-03,Pascal,Wehrlein,WEH,Manor Marussia,+1 Lap,4,82757.0,20689.25,13.0
956,821,210,11,11,0.0,70,11,2016,9,Austrian Grand Prix,2016-07-03,Esteban,Gutiérrez,GUT,Haas F1 Team,+1 Lap,4,78757.0,19689.25,21.0
956,835,4,19,12,0.0,70,11,2016,9,Austrian Grand Prix,2016-07-03,Jolyon,Palmer,PAL,Renault,+1 Lap,4,79706.0,19926.5,12.0
956,831,15,21,13,0.0,70,11,2016,9,Austrian Grand Prix,2016-07-03,Felipe,Nasr,NAS,Sauber,+1 Lap,3,61375.0,20458.333333333332,28.0
956,825,4,17,14,0.0,70,11,2016,9,Austrian Grand Prix,2016-07-03,Kevin,Magnussen,MAG,Renault,+1 Lap,4,86484.0,21621.0,11.0
956,828,15,18,15,0.0,70,11,2016,9,Austrian Grand Prix,2016-07-03,Marcus,Ericsson,ERI,Sauber,+1 Lap,4,82766.0,20691.5,12.0
956,837,209,20,16,0.0,70,11,2016,9,Austrian Grand Prix,2016-07-03,Rio,Haryanto,HAR,Manor Marussia,+1 Lap,4,82606.0,20651.5,27.0
956,815,10,16,17,0.0,69,23,2016,9,Austrian Grand Prix,2016-07-03,Sergio,Pérez,PER,Force India,Brakes,4,77809.0,19452.25,9.0
956,4,1,14,18,0.0,64,84,2016,9,Austrian Grand Prix,2016-07-03,Fernando,Alonso,ALO,McLaren,Battery,4,79761.0,19940.25,8.0
956,807,10,2,19,0.0,64,23,2016,9,Austrian Grand Prix,2016-07-03,Nico,Hülkenberg,HUL,Force India,Brakes,5,107270.0,21454.0,8.0
956,13,3,0,20,0.0,63,23,2016,9,Austrian Grand Prix,2016-07-03,Felipe,Massa,MAS,Williams,Brakes,4,78731.0,19682.75,12.0
956,20,6,9,21,0.0,26,27,2016,9,Austrian Grand Prix,2016-07-03,Sebastian,Vettel,VET,Ferrari,Tyre,0,,,
956,826,5,0,22,0.0,2,31,2016,9,Austrian Grand Prix,2016-07-03,Daniil,Kvyat,KVY,Toro Rosso,Retired,0,,,
957,1,131,1,1,25.0,52,1,2016,10,British Grand Prix,2016-07-10,Lewis,Hamilton,HAM,Mercedes,Finished,2,59071.0,29535.5,7.0
957,830,9,3,2,18.0,52,1,2016,10,British Grand Prix,2016-07-10,Max,Verstappen,VER,Red Bull,Finished,2,61424.0,30712.0,7.0
957,3,131,2,3,15.0,52,1,2016,10,British Grand Prix,2016-07-10,Nico,Rosberg,ROS,Mercedes,Finished,2,59110.0,29555.0,7.0
957,817,9,4,4,12.0,52,1,2016,10,British Grand Prix,2016-07-10,Daniel,Ricciardo,RIC,Red Bull,Finished,2,60011.0,30005.5,6.0
957,8,6,5,5,10.0,52,1,2016,10,British Grand Prix,2016-07-10,Kimi,Räikkönen,RAI,Ferrari,Finished,2,60040.0,30020.0,5.0
957,815,10,10,6,8.0,52,1,2016,10,British Grand Prix,2016-07-10,Sergio,Pérez,PER,Force India,Finished,2,58390.0,29195.0,7.0
957,807,10,8,7,6.0,52,1,2016,10,British Grand Prix,2016-07-10,Nico,Hülkenberg,HUL,Force India,Finished,2,60614.0,30307.0,5.0
957,832,5,7,8,4.0,52,1,2016,10,British Grand Prix,2016-07-10,Carlos,Sainz,SAI,Toro Rosso,Finished,2,60681.0,30340.5,5.0
957,20,6,11,9,2.0,52,1,2016,10,British Grand Prix,2016-07-10,Sebastian,Vettel,VET,Ferrari,Finished,2,60544.0,30272.0,5.0
957,826,5,15,10,1.0,52,1,2016,10,British Grand Prix,2016-07-10,Daniil,Kvyat,KVY,Toro Rosso,Finished,2,60642.0,30321.0,6.0
957,13,3,12,11,0.0,51,11,2016,10,British Grand Prix,2016-07-10,Felipe,Massa,MAS,Williams,+1 Lap,3,87992.0,29330.666666666668,6.0
957,18,1,17,12,0.0,51,11,2016,10,British Grand Prix,2016-07-10,Jenson,Button,BUT,McLaren,+1 Lap,2,59681.0,29840.5,6.0
957,4,1,9,13,0.0,51,11,2016,10,British Grand Prix,2016-07-10,Fernando,Alonso,ALO,McLaren,+1 Lap,3,90109.0,30036.333333333332,5.0
957,822,3,6,14,0.0,51,11,2016,10,British Grand Prix,2016-07-10,Valtteri,Bottas,BOT,Williams,+1 Lap,2,59090.0,29545.0,5.0
957,831,15,21,15,0.0,51,11,2016,10,British Grand Prix,2016-07-10,Felipe,Nasr,NAS,Sauber,+1 Lap,2,61124.0,30562.0,7.0
957,821,210,14,16,0.0,51,11,2016,10,British Grand Prix,2016-07-10,Esteban,Gutiérrez,GUT,Haas F1 Team,+1 Lap,2,71392.0,35696.0,5.0
957,825,4,16,17,0.0,49,6,2016,10,British Grand Prix,2016-07-10,Kevin,Magnussen,MAG,Renault,Gearbox,3,88455.0,29485.0,5.0
957,835,4,18,18,0.0,37,6,2016,10,British Grand Prix,2016-07-10,Jolyon,Palmer,PAL,Renault,Gearbox,3,126967.0,42322.333333333336,6.0
957,837,209,19,19,0.0,24,20,2016,10,British Grand Prix,2016-07-10,Rio,Haryanto,HAR,Manor Marussia,Spun off,2,60133.0,30066.5,6.0
957,154,210,13,20,0.0,17,31,2016,10,British Grand Prix,2016-07-10,Romain,Grosjean,GRO,Haas F1 Team,Retired,2,62514.0,31257.0,5.0
957,828,15,22,21,0.0,11,131,2016,10,British Grand Prix,2016-07-10,Marcus,Ericsson,ERI,Sauber,Power Unit,2,140373.0,70186.5,7.0
957,836,209,20,22,0.0,6,20,2016,10,British Grand Prix,2016-07-10,Pascal,Wehrlein,WEH,Manor Marussia,Spun off,1,31812.0,31812.0,5.0
958,1,131,2,1,25.0,70,1,2016,11,Hungarian Grand Prix,2016-07-24,Lewis,Hamilton,HAM,Mercedes,Finished,2,43214.0,21607.0,16.0
958,3,131,1,2,18.0,70,1,2016,11,Hungarian Grand Prix,2016-07-24,Nico,Rosberg,ROS,Mercedes,Finished,2,43584.0,21792.0,17.0
958,817,9,3,3,15.0,70,1,2016,11,Hungarian Grand Prix,2016-07-24,Daniel,Ricciardo,RIC,Red Bull,Finished,2,44247.0,22123.5,15.0
958,20,6,5,4,12.0,70,1,2016,11,Hungarian Grand Prix,2016-07-24,Sebastian,Vettel,VET,Ferrari,Finished,2,43175.0,21587.5,14.0
958,830,9,4,5,10.0,70,1,2016,11,Hungarian Grand Prix,2016-07-24,Max,Verstappen,VER,Red Bull,Finished,2,44076.0,22038.0,16.0
958,8,6,14,6,8.0,70,1,2016,11,Hungarian Grand Prix,2016-07-24,Kimi,Räikkönen,RAI,Ferrari,Finished,2,43808.0,21904.0,29.0
958,4,1,7,7,6.0,69,11,2016,11,Hungarian Grand Prix,2016-07-24,Fernando,Alonso,ALO,McLaren,+1 Lap,2,43996.0,21998.0,15.0
958,832,5,6,8,4.0,69,11,2016,11,Hungarian Grand Prix,2016-07-24,Carlos,Sainz,SAI,Toro Rosso,+1 Lap,2,45377.0,22688.5,16.0
958,822,3,10,9,2.0,69,11,2016,11,Hungarian Grand Prix,2016-07-24,Valtteri,Bottas,BOT,Williams,+1 Lap,2,43109.0,21554.5,16.0
958,807,10,9,10,1.0,69,11,2016,11,Hungarian Grand Prix,2016-07-24,Nico,Hülkenberg,HUL,Force India,+1 Lap,2,45364.0,22682.0,14.0
958,815,10,13,11,0.0,69,11,2016,11,Hungarian Grand Prix,2016-07-24,Sergio,Pérez,PER,Force India,+1 Lap,2,52630.0,26315.0,27.0
958,835,4,17,12,0.0,69,11,2016,11,Hungarian Grand Prix,2016-07-24,Jolyon,Palmer,PAL,Renault,+1 Lap,2,43557.0,21778.5,26.0
958,821,210,15,13,0.0,69,11,2016,11,Hungarian Grand Prix,2016-07-24,Esteban,Gutiérrez,GUT,Haas F1 Team,+1 Lap,2,45348.0,22674.0,15.0
958,154,210,11,14,0.0,69,11,2016,11,Hungarian Grand Prix,2016-07-24,Romain,Grosjean,GRO,Haas F1 Team,+1 Lap,2,44730.0,22365.0,14.0
958,825,4,19,15,0.0,69,11,2016,11,Hungarian Grand Prix,2016-07-24,Kevin,Magnussen,MAG,Renault,+1 Lap,2,44041.0,22020.5,24.0
958,826,5,12,16,0.0,69,11,2016,11,Hungarian Grand Prix,2016-07-24,Daniil,Kvyat,KVY,Toro Rosso,+1 Lap,2,50056.0,25028.0,24.0
958,831,15,16,17,0.0,69,11,2016,11,Hungarian Grand Prix,2016-07-24,Felipe,Nasr,NAS,Sauber,+1 Lap,2,45743.0,22871.5,11.0
958,13,3,18,18,0.0,68,12,2016,11,Hungarian Grand Prix,2016-07-24,Felipe,Massa,MAS,Williams,+2 Laps,2,44159.0,22079.5,25.0
958,836,209,20,19,0.0,68,12,2016,11,Hungarian Grand Prix,2016-07-24,Pascal,Wehrlein,WEH,Manor Marussia,+2 Laps,2,46251.0,23125.5,9.0
958,828,15,22,20,0.0,68,12,2016,11,Hungarian Grand Prix,2016-07-24,Marcus,Ericsson,ERI,Sauber,+2 Laps,3,70379.0,23459.666666666668,17.0
958,837,209,21,21,0.0,68,12,2016,11,Hungarian Grand Prix,2016-07-24,Rio,Haryanto,HAR,Manor Marussia,+2 Laps,1,24254.0,24254.0,29.0
958,18,1,8,22,0.0,60,44,2016,11,Hungarian Grand Prix,2016-07-24,Jenson,Button,BUT,McLaren,Oil leak,3,61433.0,20477.666666666668,7.0
959,1,131,2,1,25.0,67,1,2016,12,German Grand Prix,2016-07-31,Lewis,Hamilton,HAM,Mercedes,Finished,3,55629.0,18543.0,14.0
959,817,9,3,2,18.0,67,1,2016,12,German Grand Prix,2016-07-31,Daniel,Ricciardo,RIC,Red Bull,Finished,3,56681.0,18893.666666666668,12.0
959,830,9,4,3,15.0,67,1,2016,12,German Grand Prix,2016-07-31,Max,Verstappen,VER,Red Bull,Finished,3,57121.0,19040.333333333332,11.0
959,3,131,1,4,12.0,67,1,2016,12,German Grand Prix,2016-07-31,Nico,Rosberg,ROS,Mercedes,Finished,3,66993.0,22331.0,11.0
959,20,6,6,5,10.0,67,1,2016,12,German Grand Prix,2016-07-31,Sebastian,Vettel,VET,Ferrari,Finished,3,57702.0,19234.0,13.0
959,8,6,5,6,8.0,67,1,2016,12,German Grand Prix,2016-07-31,Kimi,Räikkönen,RAI,Ferrari,Finished,3,61060.0,20353.333333333332,14.0
959,807,10,8,7,6.0,67,1,2016,12,German Grand Prix,2016-07-31,Nico,Hülkenberg,HUL,Force India,Finished,3,58659.0,19553.0,12.0
959,18,1,12,8,4.0,66,11,2016,12,German Grand Prix,2016-07-31,Jenson,Button,BUT,McLaren,+1 Lap,3,57819.0,19273.0,13.0
959,822,3,7,9,2.0,66,11,2016,12,German Grand Prix,2016-07-31,Valtteri,Bottas,BOT,Williams,+1 Lap,2,37979.0,18989.5,12.0
959,815,10,9,10,1.0,66,11,2016,12,German Grand Prix,2016-07-31,Sergio,Pérez,PER,Force India,+1 Lap,3,57835.0,19278.333333333332,8.0
959,821,210,11,11,0.0,66,11,2016,12,German Grand Prix,2016-07-31,Esteban,Gutiérrez,GUT,Haas F1 Team,+1 Lap,2,39425.0,19712.5,25.0
959,4,1,13,12,0.0,66,11,2016,12,German Grand Prix,2016-07-31,Fernando,Alonso,ALO,McLaren,+1 Lap,3,57825.0,19275.0,14.0
959,154,210,20,13,0.0,66,11,2016,12,German Grand Prix,2016-07-31,Romain,Grosjean,GRO,Haas F1 Team,+1 Lap,2,40164.0,20082.0,17.0
959,832,5,15,14,0.0,66,11,2016,12,German Grand Prix,2016-07-31,Carlos,Sainz,SAI,Toro Rosso,+1 Lap,3,62045.0,20681.666666666668,9.0
959,826,5,18,15,0.0,66,11,2016,12,German Grand Prix,2016-07-31,Daniil,Kvyat,KVY,Toro Rosso,+1 Lap,3,62734.0,20911.333333333332,7.0
959,825,4,16,16,0.0,66,11,2016,12,German Grand Prix,2016-07-31,Kevin,Magnussen,MAG,Renault,+1 Lap,2,38193.0,19096.5,11.0
959,836,209,17,17,0.0,65,12,2016,12,German Grand Prix,2016-07-31,Pascal,Wehrlein,WEH,Manor Marussia,+2 Laps,3,59097.0,19699.0,12.0
959,828,15,22,18,0.0,65,12,2016,12,German Grand Prix,2016-07-31,Marcus,Ericsson,ERI,Sauber,+2 Laps,2,39466.0,19733.0,16.0
959,835,4,14,19,0.0,65,12,2016,12,German Grand Prix,2016-07-31,Jolyon,Palmer,PAL,Renault,+2 Laps,3,65711.0,21903.666666666668,2.0
959,837,209,19,20,0.0,65,12,2016,12,German Grand Prix,2016-07-31,Rio,Haryanto,HAR,Manor Marussia,+2 Laps,3,73422.0,24474.0,13.0
959,831,15,21,21,0.0,57,131,2016,12,German Grand Prix,2016-07-31,Felipe,Nasr,NAS,Sauber,Power Unit,3,69564.0,23188.0,7.0
959,13,3,10,22,0.0,36,22,2016,12,German Grand Prix,2016-07-31,Felipe,Massa,MAS,Williams,Suspension,2,54985.0,27492.5,9.0
960,3,131,1,1,25.0,44,1,2016,13,Belgian Grand Prix,2016-08-28,Nico,Rosberg,ROS,Mercedes,Finished,2,1018746.0,509373.0,9.0
960,817,9,5,2,18.0,44,1,2016,13,Belgian Grand Prix,2016-08-28,Daniel,Ricciardo,RIC,Red Bull,Finished,2,1020932.0,510466.0,9.0
960,1,131,21,3,15.0,44,1,2016,13,Belgian Grand Prix,2016-08-28,Lewis,Hamilton,HAM,Mercedes,Finished,3,1047253.0,349084.3333333333,9.0
960,807,10,7,4,12.0,44,1,2016,13,Belgian Grand Prix,2016-08-28,Nico,Hülkenberg,HUL,Force India,Finished,3,1046047.0,348682.3333333333,6.0
960,815,10,6,5,10.0,44,1,2016,13,Belgian Grand Prix,2016-08-28,Sergio,Pérez,PER,Force India,Finished,3,1046719.0,348906.3333333333,6.0
960,20,6,4,6,8.0,44,1,2016,13,Belgian Grand Prix,2016-08-28,Sebastian,Vettel,VET,Ferrari,Finished,3,1043676.0,347892.0,1.0
960,4,1,22,7,6.0,44,1,2016,13,Belgian Grand Prix,2016-08-28,Fernando,Alonso,ALO,McLaren,Finished,2,1020685.0,510342.5,9.0
960,822,3,8,8,4.0,44,1,2016,13,Belgian Grand Prix,2016-08-28,Valtteri,Bottas,BOT,Williams,Finished,3,1042836.0,347612.0,7.0
960,8,6,3,9,2.0,44,1,2016,13,Belgian Grand Prix,2016-08-28,Kimi,Räikkönen,RAI,Ferrari,Finished,4,1076359.0,269089.75,1.0
960,13,3,10,10,1.0,44,1,2016,13,Belgian Grand Prix,2016-08-28,Felipe,Massa,MAS,Williams,Finished,3,1045663.0,348554.3333333333,2.0
960,830,9,2,11,0.0,44,1,2016,13,Belgian Grand Prix,2016-08-28,Max,Verstappen,VER,Red Bull,Finished,4,1075739.0,268934.75,1.0
960,821,210,18,12,0.0,44,1,2016,13,Belgian Grand Prix,2016-08-28,Esteban,Gutiérrez,GUT,Haas F1 Team,Finished,3,1045669.0,348556.3333333333,7.0
960,154,210,11,13,0.0,44,1,2016,13,Belgian Grand Prix,2016-08-28,Romain,Grosjean,GRO,Haas F1 Team,Finished,3,1046178.0,348726.0,6.0
960,826,5,19,14,0.0,44,1,2016,13,Belgian Grand Prix,2016-08-28,Daniil,Kvyat,KVY,Toro Rosso,Finished,3,1047188.0,349062.6666666667,9.0
960,835,4,13,15,0.0,44,1,2016,13,Belgian Grand Prix,2016-08-28,Jolyon,Palmer,PAL,Renault,Finished,4,1068843.0,267210.75,6.0
960,839,209,17,16,0.0,43,11,2016,13,Belgian Grand Prix,2016-08-28,Esteban,Ocon,OCO,Manor Marussia,+1 Lap,3,1053906.0,351302.0,6.0
960,831,15,16,17,0.0,43,11,2016,13,Belgian Grand Prix,2016-08-28,Felipe,Nasr,NAS,Sauber,+1 Lap,3,1057826.0,352608.6666666667,1.0
960,825,4,12,18,0.0,5,3,2016,13,Belgian Grand Prix,2016-08-28,Kevin,Magnussen,MAG,Renault,Accident,0,,,
960,828,15,20,19,0.0,3,6,2016,13,Belgian Grand Prix,2016-08-28,Marcus,Ericsson,ERI,Sauber,Gearbox,0,,,
960,832,5,14,20,0.0,1,29,2016,13,Belgian Grand Prix,2016-08-28,Carlos,Sainz,SAI,Toro Rosso,Puncture,0,,,
960,18,1,9,21,0.0,1,130,2016,13,Belgian Grand Prix,2016-08-28,Jenson,Button,BUT,McLaren,Collision damage,0,,,
960,836,209,15,22,0.0,0,130,2016,13,Belgian Grand Prix,2016-08-28,Pascal,Wehrlein,WEH,Manor Marussia,Collision damage,0,,,
961,3,131,2,1,25.0,53,1,2016,14,Italian Grand Prix,2016-09-04,Nico,Rosberg,ROS,Mercedes,Finished,1,25550.0,25550.0,24.0
961,1,131,1,2,18.0,53,1,2016,14,Italian Grand Prix,2016-09-04,Lewis,Hamilton,HAM,Mercedes,Finished,1,23633.0,23633.0,25.0
961,20,6,3,3,15.0,53,1,2016,14,Italian Grand Prix,2016-09-04,Sebastian,Vettel,VET,Ferrari,Finished,2,50505.0,25252.5,16.0
961,8,6,4,4,12.0,53,1,2016,14,Italian Grand Prix,2016-09-04,Kimi,Räikkönen,RAI,Ferrari,Finished,2,48395.0,24197.5,15.0
961,817,9,6,5,10.0,53,1,2016,14,Italian Grand Prix,2016-09-04,Daniel,Ricciardo,RIC,Red Bull,Finished,2,47378.0,23689.0,16.0
961,822,3,5,6,8.0,53,1,2016,14,Italian Grand Prix,2016-09-04,Valtteri,Bottas,BOT,Williams,Finished,2,48060.0,24030.0,13.0
961,830,9,7,7,6.0,53,1,2016,14,Italian Grand Prix,2016-09-04,Max,Verstappen,VER,Red Bull,Finished,2,48437.0,24218.5,13.0
961,815,10,8,8,4.0,53,1,2016,14,Italian Grand Prix,2016-09-04,Sergio,Pérez,PER,Force India,Finished,2,48570.0,24285.0,15.0
961,13,3,11,9,2.0,53,1,2016,14,Italian Grand Prix,2016-09-04,Felipe,Massa,MAS,Williams,Finished,2,47762.0,23881.0,16.0
961,807,10,9,10,1.0,53,1,2016,14,Italian Grand Prix,2016-09-04,Nico,Hülkenberg,HUL,Force India,Finished,2,48596.0,24298.0,14.0
961,154,210,17,11,0.0,52,11,2016,14,Italian Grand Prix,2016-09-04,Romain,Grosjean,GRO,Haas F1 Team,+1 Lap,1,25340.0,25340.0,28.0
961,18,1,14,12,0.0,52,11,2016,14,Italian Grand Prix,2016-09-04,Jenson,Button,BUT,McLaren,+1 Lap,2,50845.0,25422.5,15.0
961,821,210,10,13,0.0,52,11,2016,14,Italian Grand Prix,2016-09-04,Esteban,Gutiérrez,GUT,Haas F1 Team,+1 Lap,2,50665.0,25332.5,16.0
961,4,1,12,14,0.0,52,11,2016,14,Italian Grand Prix,2016-09-04,Fernando,Alonso,ALO,McLaren,+1 Lap,3,74619.0,24873.0,13.0
961,832,5,15,15,0.0,52,11,2016,14,Italian Grand Prix,2016-09-04,Carlos,Sainz,SAI,Toro Rosso,+1 Lap,2,49642.0,24821.0,23.0
961,828,15,19,16,0.0,52,11,2016,14,Italian Grand Prix,2016-09-04,Marcus,Ericsson,ERI,Sauber,+1 Lap,1,25145.0,25145.0,23.0
961,825,4,21,17,0.0,52,11,2016,14,Italian Grand Prix,2016-09-04,Kevin,Magnussen,MAG,Renault,+1 Lap,2,48262.0,24131.0,14.0
961,839,209,22,18,0.0,51,12,2016,14,Italian Grand Prix,2016-09-04,Esteban,Ocon,OCO,Manor Marussia,+2 Laps,1,25539.0,25539.0,32.0
961,826,5,16,19,0.0,36,84,2016,14,Italian Grand Prix,2016-09-04,Daniil,Kvyat,KVY,Toro Rosso,Battery,2,49546.0,24773.0,13.0
961,836,209,13,20,0.0,26,44,2016,14,Italian Grand Prix,2016-09-04,Pascal,Wehrlein,WEH,Manor Marussia,Oil leak,1,25962.0,25962.0,16.0
961,835,4,20,21,0.0,7,130,2016,14,Italian Grand Prix,2016-09-04,Jolyon,Palmer,PAL,Renault,Collision damage,1,33275.0,33275.0,2.0
961,831,15,18,22,0.0,6,130,2016,14,Italian Grand Prix,2016-09-04,Felipe,Nasr,NAS,Sauber,Collision damage,3,874834.0,291611.3333333333,2.0
962,3,131,1,1,25.0,61,1,2016,15,Singapore Grand Prix,2016-09-18,Nico,Rosberg,ROS,Mercedes,Finished,3,85866.0,28622.0,1.0
962,817,9,2,2,18.0,61,1,2016,15,Singapore Grand Prix,2016-09-18,Daniel,Ricciardo,RIC,Red Bull,Finished,4,112398.0,28099.5,1.0
962,1,131,3,3,15.0,61,1,2016,15,Singapore Grand Prix,2016-09-18,Lewis,Hamilton,HAM,Mercedes,Finished,4,110339.0,27584.75,1.0
962,8,6,5,4,12.0,61,1,2016,15,Singapore Grand Prix,2016-09-18,Kimi,Räikkönen,RAI,Ferrari,Finished,4,112004.0,28001.0,1.0
962,20,6,22,5,10.0,61,1,2016,15,Singapore Grand Prix,2016-09-18,Sebastian,Vettel,VET,Ferrari,Finished,3,82657.0,27552.333333333332,1.0
962,830,9,4,6,8.0,61,1,2016,15,Singapore Grand Prix,2016-09-18,Max,Verstappen,VER,Red Bull,Finished,4,112357.0,28089.25,1.0
962,4,1,9,7,6.0,61,1,2016,15,Singapore Grand Prix,2016-09-18,Fernando,Alonso,ALO,McLaren,Finished,3,84431.0,28143.666666666668,1.0
962,815,10,17,8,4.0,61,1,2016,15,Singapore Grand Prix,2016-09-18,Sergio,Pérez,PER,Force India,Finished,2,61563.0,30781.5,1.0
962,826,5,7,9,2.0,61,1,2016,15,Singapore Grand Prix,2016-09-18,Daniil,Kvyat,KVY,Toro Rosso,Finished,3,84090.0,28030.0,1.0
962,825,4,15,10,1.0,61,1,2016,15,Singapore Grand Prix,2016-09-18,Kevin,Magnussen,MAG,Renault,Finished,3,84329.0,28109.666666666668,1.0
962,821,210,13,11,0.0,60,11,2016,15,Singapore Grand Prix,2016-09-18,Esteban,Gutiérrez,GUT,Haas F1 Team,+1 Lap,3,86986.0,28995.333333333332,1.0
962,13,3,11,12,0.0,60,11,2016,15,Singapore Grand Prix,2016-09-18,Felipe,Massa,MAS,Williams,+1 Lap,4,114092.0,28523.0,1.0
962,831,15,16,13,0.0,60,11,2016,15,Singapore Grand Prix,2016-09-18,Felipe,Nasr,NAS,Sauber,+1 Lap,3,84891.0,28297.0,1.0
962,832,5,6,14,0.0,60,11,2016,15,Singapore Grand Prix,2016-09-18,Carlos,Sainz,SAI,Toro Rosso,+1 Lap,4,114516.0,28629.0,1.0
962,835,4,18,15,0.0,60,11,2016,15,Singapore Grand Prix,2016-09-18,Jolyon,Palmer,PAL,Renault,+1 Lap,3,82862.0,27620.666666666668,1.0
962,836,209,19,16,0.0,60,11,2016,15,Singapore Grand Prix,2016-09-18,Pascal,Wehrlein,WEH,Manor Marussia,+1 Lap,3,85311.0,28437.0,1.0
962,828,15,14,17,0.0,60,11,2016,15,Singapore Grand Prix,2016-09-18,Marcus,Ericsson,ERI,Sauber,+1 Lap,4,114989.0,28747.25,1.0
962,839,209,21,18,0.0,59,12,2016,15,Singapore Grand Prix,2016-09-18,Esteban,Ocon,OCO,Manor Marussia,+2 Laps,4,201708.0,50427.0,1.0
962,18,1,12,19,0.0,43,23,2016,15,Singapore Grand Prix,2016-09-18,Jenson,Button,BUT,McLaren,Brakes,3,100838.0,33612.666666666664,1.0
962,822,3,10,20,0.0,35,25,2016,15,Singapore Grand Prix,2016-09-18,Valtteri,Bottas,BOT,Williams,Overheating,4,153714.0,38428.5,1.0
962,807,10,8,21,0.0,0,4,2016,15,Singapore Grand Prix,2016-09-18,Nico,Hülkenberg,HUL,Force India,Collision,0,,,
962,154,210,20,22,0.0,0,54,2016,15,Singapore Grand Prix,2016-09-18,Romain,Grosjean,GRO,Haas F1 Team,Withdrew,0,,,
963,817,9,4,1,25.0,56,1,2016,16,Malaysian Grand Prix,2016-10-02,Daniel,Ricciardo,RIC,Red Bull,Finished,2,48605.0,24302.5,21.0
963,830,9,3,2,18.0,56,1,2016,16,Malaysian Grand Prix,2016-10-02,Max,Verstappen,VER,Red Bull,Finished,3,76065.0,25355.0,9.0
963,3,131,2,3,15.0,56,1,2016,16,Malaysian Grand Prix,2016-10-02,Nico,Rosberg,ROS,Mercedes,Finished,3,71887.0,23962.333333333332,9.0
963,8,6,6,4,12.0,56,1,2016,16,Malaysian Grand Prix,2016-10-02,Kimi,Räikkönen,RAI,Ferrari,Finished,3,73805.0,24601.666666666668,20.0
963,822,3,11,5,10.0,56,1,2016,16,Malaysian Grand Prix,2016-10-02,Valtteri,Bottas,BOT,Williams,Finished,1,23828.0,23828.0,29.0
963,815,10,7,6,8.0,56,1,2016,16,Malaysian Grand Prix,2016-10-02,Sergio,Pérez,PER,Force India,Finished,2,50971.0,25485.5,9.0
963,4,1,22,7,6.0,56,1,2016,16,Malaysian Grand Prix,2016-10-02,Fernando,Alonso,ALO,McLaren,Finished,3,73176.0,24392.0,9.0
963,807,10,8,8,4.0,56,1,2016,16,Malaysian Grand Prix,2016-10-02,Nico,Hülkenberg,HUL,Force India,Finished,3,75813.0,25271.0,9.0
963,18,1,9,9,2.0,56,1,2016,16,Malaysian Grand Prix,2016-10-02,Jenson,Button,BUT,McLaren,Finished,2,49383.0,24691.5,9.0
963,835,4,19,10,1.0,56,1,2016,16,Malaysian Grand Prix,2016-10-02,Jolyon,Palmer,PAL,Renault,Finished,1,23928.0,23928.0,31.0
963,832,5,16,11,0.0,56,1,2016,16,Malaysian Grand Prix,2016-10-02,Carlos,Sainz,SAI,Toro Rosso,Finished,2,48873.0,24436.5,20.0
963,828,15,17,12,0.0,55,11,2016,16,Malaysian Grand Prix,2016-10-02,Marcus,Ericsson,ERI,Sauber,+1 Lap,2,49978.0,24989.0,21.0
963,13,3,10,13,0.0,55,11,2016,16,Malaysian Grand Prix,2016-10-02,Felipe,Massa,MAS,Williams,+1 Lap,3,71731.0,23910.333333333332,1.0
963,826,5,15,14,0.0,55,11,2016,16,Malaysian Grand Prix,2016-10-02,Daniil,Kvyat,KVY,Toro Rosso,+1 Lap,3,81469.0,27156.333333333332,1.0
963,836,209,21,15,0.0,55,11,2016,16,Malaysian Grand Prix,2016-10-02,Pascal,Wehrlein,WEH,Manor Marussia,+1 Lap,3,77177.0,25725.666666666668,9.0
963,839,209,20,16,0.0,55,11,2016,16,Malaysian Grand Prix,2016-10-02,Esteban,Ocon,OCO,Manor Marussia,+1 Lap,2,58706.0,29353.0,12.0
963,831,15,18,17,0.0,46,23,2016,16,Malaysian Grand Prix,2016-10-02,Felipe,Nasr,NAS,Sauber,Brakes,1,24697.0,24697.0,32.0
963,1,131,1,18,0.0,40,5,2016,16,Malaysian Grand Prix,2016-10-02,Lewis,Hamilton,HAM,Mercedes,Engine,1,23689.0,23689.0,20.0
963,821,210,13,19,0.0,39,61,2016,16,Malaysian Grand Prix,2016-10-02,Esteban,Gutiérrez,GUT,Haas F1 Team,Wheel nut,3,80602.0,26867.333333333332,1.0
963,825,4,14,20,0.0,17,75,2016,16,Malaysian Grand Prix,2016-10-02,Kevin,Magnussen,MAG,Renault,Power loss,1,30679.0,30679.0,1.0
963,154,210,12,21,0.0,7,23,2016,16,Malaysian Grand Prix,2016-10-02,Romain,Grosjean,GRO,Haas F1 Team,Brakes,0,,,
963,20,6,5,22,0.0,0,4,2016,16,Malaysian Grand Prix,2016-10-02,Sebastian,Vettel,VET,Ferrari,Collision,0,,,
964,3,131,1,1,25.0,53,1,2016,17,Japanese Grand Prix,2016-10-09,Nico,Rosberg,ROS,Mercedes,Finished,2,45823.0,22911.5,12.0
964,830,9,3,2,18.0,53,1,2016,17,Japanese Grand Prix,2016-10-09,Max,Verstappen,VER,Red Bull,Finished,2,45643.0,22821.5,10.0
964,1,131,2,3,15.0,53,1,2016,17,Japanese Grand Prix,2016-10-09,Lewis,Hamilton,HAM,Mercedes,Finished,2,45721.0,22860.5,13.0
964,20,6,6,4,12.0,53,1,2016,17,Japanese Grand Prix,2016-10-09,Sebastian,Vettel,VET,Ferrari,Finished,2,46113.0,23056.5,12.0
964,8,6,8,5,10.0,53,1,2016,17,Japanese Grand Prix,2016-10-09,Kimi,Räikkönen,RAI,Ferrari,Finished,2,46006.0,23003.0,12.0
964,817,9,4,6,8.0,53,1,2016,17,Japanese Grand Prix,2016-10-09,Daniel,Ricciardo,RIC,Red Bull,Finished,2,48857.0,24428.5,10.0
964,815,10,5,7,6.0,53,1,2016,17,Japanese Grand Prix,2016-10-09,Sergio,Pérez,PER,Force India,Finished,2,46326.0,23163.0,12.0
964,807,10,9,8,4.0,53,1,2016,17,Japanese Grand Prix,2016-10-09,Nico,Hülkenberg,HUL,Force India,Finished,2,45784.0,22892.0,11.0
964,13,3,12,9,2.0,53,1,2016,17,Japanese Grand Prix,2016-10-09,Felipe,Massa,MAS,Williams,Finished,1,22463.0,22463.0,24.0
964,822,3,11,10,1.0,53,1,2016,17,Japanese Grand Prix,2016-10-09,Valtteri,Bottas,BOT,Williams,Finished,1,25007.0,25007.0,26.0
964,154,210,7,11,0.0,53,1,2016,17,Japanese Grand Prix,2016-10-09,Romain,Grosjean,GRO,Haas F1 Team,Finished,2,49170.0,24585.0,10.0
964,835,4,16,12,0.0,52,11,2016,17,Japanese Grand Prix,2016-10-09,Jolyon,Palmer,PAL,Renault,+1 Lap,1,23452.0,23452.0,25.0
964,826,5,13,13,0.0,52,11,2016,17,Japanese Grand Prix,2016-10-09,Daniil,Kvyat,KVY,Toro Rosso,+1 Lap,2,45933.0,22966.5,10.0
964,825,4,17,14,0.0,52,11,2016,17,Japanese Grand Prix,2016-10-09,Kevin,Magnussen,MAG,Renault,+1 Lap,1,23072.0,23072.0,25.0
964,828,15,18,15,0.0,52,11,2016,17,Japanese Grand Prix,2016-10-09,Marcus,Ericsson,ERI,Sauber,+1 Lap,1,24011.0,24011.0,26.0
964,4,1,15,16,0.0,52,11,2016,17,Japanese Grand Prix,2016-10-09,Fernando,Alonso,ALO,McLaren,+1 Lap,2,45818.0,22909.0,9.0
964,832,5,14,17,0.0,52,11,2016,17,Japanese Grand Prix,2016-10-09,Carlos,Sainz,SAI,Toro Rosso,+1 Lap,2,45924.0,22962.0,13.0
964,18,1,22,18,0.0,52,11,2016,17,Japanese Grand Prix,2016-10-09,Jenson,Button,BUT,McLaren,+1 Lap,2,47717.0,23858.5,19.0
964,831,15,19,19,0.0,52,11,2016,17,Japanese Grand Prix,2016-10-09,Felipe,Nasr,NAS,Sauber,+1 Lap,1,25131.0,25131.0,25.0
964,821,210,10,20,0.0,52,11,2016,17,Japanese Grand Prix,2016-10-09,Esteban,Gutiérrez,GUT,Haas F1 Team,+1 Lap,2,47902.0,23951.0,11.0
964,839,209,20,21,0.0,52,11,2016,17,Japanese Grand Prix,2016-10-09,Esteban,Ocon,OCO,Manor Marussia,+1 Lap,2,49229.0,24614.5,12.0
964,836,209,21,22,0.0,52,11,2016,17,Japanese Grand Prix,2016-10-09,Pascal,Wehrlein,WEH,Manor Marussia,+1 Lap,2,50091.0,25045.5,13.0
965,1,131,1,1,25.0,56,1,2016,18,United States Grand Prix,2016-10-23,Lewis,Hamilton,HAM,Mercedes,Finished,2,47176.0,23588.0,11.0
965,3,131,2,2,18.0,56,1,2016,18,United States Grand Prix,2016-10-23,Nico,Rosberg,ROS,Mercedes,Finished,2,47675.0,23837.5,10.0
965,817,9,3,3,15.0,56,1,2016,18,United States Grand Prix,2016-10-23,Daniel,Ricciardo,RIC,Red Bull,Finished,2,47490.0,23745.0,8.0
965,20,6,6,4,12.0,56,1,2016,18,United States Grand Prix,2016-10-23,Sebastian,Vettel,VET,Ferrari,Finished,3,72401.0,24133.666666666668,14.0
965,4,1,12,5,10.0,56,1,2016,18,United States Grand Prix,2016-10-23,Fernando,Alonso,ALO,McLaren,Finished,2,48983.0,24491.5,11.0
965,832,5,10,6,8.0,56,1,2016,18,United States Grand Prix,2016-10-23,Carlos,Sainz,SAI,Toro Rosso,Finished,2,49059.0,24529.5,11.0
965,13,3,9,7,6.0,55,11,2016,18,United States Grand Prix,2016-10-23,Felipe,Massa,MAS,Williams,+1 Lap,3,71460.0,23820.0,11.0
965,815,10,11,8,4.0,55,11,2016,18,United States Grand Prix,2016-10-23,Sergio,Pérez,PER,Force India,+1 Lap,2,47817.0,23908.5,10.0
965,18,1,19,9,2.0,55,11,2016,18,United States Grand Prix,2016-10-23,Jenson,Button,BUT,McLaren,+1 Lap,2,49248.0,24624.0,10.0
965,154,210,17,10,1.0,55,11,2016,18,United States Grand Prix,2016-10-23,Romain,Grosjean,GRO,Haas F1 Team,+1 Lap,2,50579.0,25289.5,10.0
965,826,5,13,11,0.0,55,11,2016,18,United States Grand Prix,2016-10-23,Daniil,Kvyat,KVY,Toro Rosso,+1 Lap,1,37837.0,37837.0,21.0
965,825,4,18,12,0.0,55,11,2016,18,United States Grand Prix,2016-10-23,Kevin,Magnussen,MAG,Renault,+1 Lap,3,72311.0,24103.666666666668,13.0
965,835,4,15,13,0.0,55,11,2016,18,United States Grand Prix,2016-10-23,Jolyon,Palmer,PAL,Renault,+1 Lap,2,48837.0,24418.5,15.0
965,828,15,16,14,0.0,55,11,2016,18,United States Grand Prix,2016-10-23,Marcus,Ericsson,ERI,Sauber,+1 Lap,1,25229.0,25229.0,17.0
965,831,15,21,15,0.0,55,11,2016,18,United States Grand Prix,2016-10-23,Felipe,Nasr,NAS,Sauber,+1 Lap,1,24244.0,24244.0,29.0
965,822,3,8,16,0.0,55,11,2016,18,United States Grand Prix,2016-10-23,Valtteri,Bottas,BOT,Williams,+1 Lap,2,52320.0,26160.0,1.0
965,836,209,20,17,0.0,55,11,2016,18,United States Grand Prix,2016-10-23,Pascal,Wehrlein,WEH,Manor Marussia,+1 Lap,2,51241.0,25620.5,13.0
965,839,209,22,18,0.0,54,12,2016,18,United States Grand Prix,2016-10-23,Esteban,Ocon,OCO,Manor Marussia,+2 Laps,3,77413.0,25804.333333333332,17.0
965,8,6,5,19,0.0,38,36,2016,18,United States Grand Prix,2016-10-23,Kimi,Räikkönen,RAI,Ferrari,Wheel,3,73218.0,24406.0,8.0
965,830,9,4,20,0.0,28,6,2016,18,United States Grand Prix,2016-10-23,Max,Verstappen,VER,Red Bull,Gearbox,2,59601.0,29800.5,9.0
965,821,210,14,21,0.0,16,23,2016,18,United States Grand Prix,2016-10-23,Esteban,Gutiérrez,GUT,Haas F1 Team,Brakes,1,24470.0,24470.0,13.0
965,807,10,7,22,0.0,1,4,2016,18,United States Grand Prix,2016-10-23,Nico,Hülkenberg,HUL,Force India,Collision,0,,,
966,1,131,1,1,25.0,71,1,2016,19,Mexican Grand Prix,2016-10-30,Lewis,Hamilton,HAM,Mercedes,Finished,1,21709.0,21709.0,17.0
966,3,131,2,2,18.0,71,1,2016,19,Mexican Grand Prix,2016-10-30,Nico,Rosberg,ROS,Mercedes,Finished,1,21997.0,21997.0,20.0
966,817,9,4,3,15.0,71,1,2016,19,Mexican Grand Prix,2016-10-30,Daniel,Ricciardo,RIC,Red Bull,Finished,2,44530.0,22265.0,1.0
966,830,9,3,4,12.0,71,1,2016,19,Mexican Grand Prix,2016-10-30,Max,Verstappen,VER,Red Bull,Finished,1,21775.0,21775.0,12.0
966,20,6,7,5,10.0,71,1,2016,19,Mexican Grand Prix,2016-10-30,Sebastian,Vettel,VET,Ferrari,Finished,1,22035.0,22035.0,32.0
966,8,6,6,6,8.0,71,1,2016,19,Mexican Grand Prix,2016-10-30,Kimi,Räikkönen,RAI,Ferrari,Finished,2,45372.0,22686.0,20.0
966,807,10,5,7,6.0,71,1,2016,19,Mexican Grand Prix,2016-10-30,Nico,Hülkenberg,HUL,Force India,Finished,1,22134.0,22134.0,14.0
966,822,3,8,8,4.0,71,1,2016,19,Mexican Grand Prix,2016-10-30,Valtteri,Bottas,BOT,Williams,Finished,1,22396.0,22396.0,19.0
966,13,3,9,9,2.0,71,1,2016,19,Mexican Grand Prix,2016-10-30,Felipe,Massa,MAS,Williams,Finished,1,21863.0,21863.0,14.0
966,815,10,12,10,1.0,71,1,2016,19,Mexican Grand Prix,2016-10-30,Sergio,Pérez,PER,Force India,Finished,1,22213.0,22213.0,20.0
966,828,15,15,11,0.0,70,11,2016,19,Mexican Grand Prix,2016-10-30,Marcus,Ericsson,ERI,Sauber,+1 Lap,1,32608.0,32608.0,1.0
966,18,1,13,12,0.0,70,11,2016,19,Mexican Grand Prix,2016-10-30,Jenson,Button,BUT,McLaren,+1 Lap,1,22438.0,22438.0,17.0
966,4,1,11,13,0.0,70,11,2016,19,Mexican Grand Prix,2016-10-30,Fernando,Alonso,ALO,McLaren,+1 Lap,2,47632.0,23816.0,16.0
966,835,4,21,14,0.0,70,11,2016,19,Mexican Grand Prix,2016-10-30,Jolyon,Palmer,PAL,Renault,+1 Lap,1,23897.0,23897.0,1.0
966,831,15,19,15,0.0,70,11,2016,19,Mexican Grand Prix,2016-10-30,Felipe,Nasr,NAS,Sauber,+1 Lap,1,23540.0,23540.0,49.0
966,832,5,10,16,0.0,70,11,2016,19,Mexican Grand Prix,2016-10-30,Carlos,Sainz,SAI,Toro Rosso,+1 Lap,1,22747.0,22747.0,12.0
966,825,4,14,17,0.0,70,11,2016,19,Mexican Grand Prix,2016-10-30,Kevin,Magnussen,MAG,Renault,+1 Lap,2,44655.0,22327.5,12.0
966,826,5,18,18,0.0,70,11,2016,19,Mexican Grand Prix,2016-10-30,Daniil,Kvyat,KVY,Toro Rosso,+1 Lap,2,45530.0,22765.0,13.0
966,821,210,17,19,0.0,70,11,2016,19,Mexican Grand Prix,2016-10-30,Esteban,Gutiérrez,GUT,Haas F1 Team,+1 Lap,2,48308.0,24154.0,12.0
966,154,210,22,20,0.0,70,11,2016,19,Mexican Grand Prix,2016-10-30,Romain,Grosjean,GRO,Haas F1 Team,+1 Lap,2,46635.0,23317.5,11.0
966,839,209,20,21,0.0,69,12,2016,19,Mexican Grand Prix,2016-10-30,Esteban,Ocon,OCO,Manor Marussia,+2 Laps,1,23866.0,23866.0,15.0
966,836,209,16,22,0.0,0,4,2016,19,Mexican Grand Prix,2016-10-30,Pascal,Wehrlein,WEH,Manor Marussia,Collision,0,,,
967,1,131,1,1,25.0,71,1,2016,20,Brazilian Grand Prix,2016-11-13,Lewis,Hamilton,HAM,Mercedes,Finished,2,3492409.0,1746204.5,20.0
967,3,131,2,2,18.0,71,1,2016,20,Brazilian Grand Prix,2016-11-13,Nico,Rosberg,ROS,Mercedes,Finished,2,3491371.0,1745685.5,20.0
967,830,9,4,3,15.0,71,1,2016,20,Brazilian Grand Prix,2016-11-13,Max,Verstappen,VER,Red Bull,Finished,5,3563738.0,712747.6,13.0
967,815,10,9,4,12.0,71,1,2016,20,Brazilian Grand Prix,2016-11-13,Sergio,Pérez,PER,Force India,Finished,2,3490688.0,1745344.0,20.0
967,20,6,5,5,10.0,71,1,2016,20,Brazilian Grand Prix,2016-11-13,Sebastian,Vettel,VET,Ferrari,Finished,3,3524541.0,1174847.0,10.0
967,832,5,15,6,8.0,71,1,2016,20,Brazilian Grand Prix,2016-11-13,Carlos,Sainz,SAI,Toro Rosso,Finished,2,3491881.0,1745940.5,20.0
967,807,10,8,7,6.0,71,1,2016,20,Brazilian Grand Prix,2016-11-13,Nico,Hülkenberg,HUL,Force India,Finished,3,3518090.0,1172696.6666666667,20.0
967,817,9,6,8,4.0,71,1,2016,20,Brazilian Grand Prix,2016-11-13,Daniel,Ricciardo,RIC,Red Bull,Finished,5,3572090.0,714418.0,13.0
967,831,15,21,9,2.0,71,1,2016,20,Brazilian Grand Prix,2016-11-13,Felipe,Nasr,NAS,Sauber,Finished,2,3491420.0,1745710.0,20.0
967,4,1,10,10,1.0,71,1,2016,20,Brazilian Grand Prix,2016-11-13,Fernando,Alonso,ALO,McLaren,Finished,3,3517428.0,1172476.0,9.0
967,822,3,11,11,0.0,71,1,2016,20,Brazilian Grand Prix,2016-11-13,Valtteri,Bottas,BOT,Williams,Finished,4,3542270.0,885567.5,9.0
967,839,209,22,12,0.0,71,1,2016,20,Brazilian Grand Prix,2016-11-13,Esteban,Ocon,OCO,Manor Marussia,Finished,2,3494144.0,1747072.0,20.0
967,826,5,14,13,0.0,71,1,2016,20,Brazilian Grand Prix,2016-11-13,Daniil,Kvyat,KVY,Toro Rosso,Finished,4,3546767.0,886691.75,9.0
967,825,4,18,14,0.0,71,1,2016,20,Brazilian Grand Prix,2016-11-13,Kevin,Magnussen,MAG,Renault,Finished,4,3542704.0,885676.0,7.0
967,836,209,19,15,0.0,71,1,2016,20,Brazilian Grand Prix,2016-11-13,Pascal,Wehrlein,WEH,Manor Marussia,Finished,3,3518952.0,1172984.0,20.0
967,18,1,17,16,0.0,71,1,2016,20,Brazilian Grand Prix,2016-11-13,Jenson,Button,BUT,McLaren,Finished,5,3569001.0,713800.2,8.0
967,821,210,12,17,0.0,60,31,2016,20,Brazilian Grand Prix,2016-11-13,Esteban,Gutiérrez,GUT,Haas F1 Team,Retired,4,3538573.0,884643.25,12.0
967,13,3,13,18,0.0,46,4,2016,20,Brazilian Grand Prix,2016-11-13,Felipe,Massa,MAS,Williams,Collision,4,3554774.0,888693.5,9.0
967,835,4,16,19,0.0,20,130,2016,20,Brazilian Grand Prix,2016-11-13,Jolyon,Palmer,PAL,Renault,Collision damage,2,49401.0,24700.5,9.0
967,8,6,3,20,0.0,19,4,2016,20,Brazilian Grand Prix,2016-11-13,Kimi,Räikkönen,RAI,Ferrari,Collision,0,,,
967,828,15,20,21,0.0,11,4,2016,20,Brazilian Grand Prix,2016-11-13,Marcus,Ericsson,ERI,Sauber,Collision,1,25395.0,25395.0,9.0
967,154,210,7,22,0.0,0,54,2016,20,Brazilian Grand Prix,2016-11-13,Romain,Grosjean,GRO,Haas F1 Team,Withdrew,0,,,
968,1,131,1,1,25.0,55,1,2016,21,Abu Dhabi Grand Prix,2016-11-27,Lewis,Hamilton,HAM,Mercedes,Finished,2,43955.0,21977.5,7.0
968,3,131,2,2,18.0,55,1,2016,21,Abu Dhabi Grand Prix,2016-11-27,Nico,Rosberg,ROS,Mercedes,Finished,2,44971.0,22485.5,8.0
968,20,6,5,3,15.0,55,1,2016,21,Abu Dhabi Grand Prix,2016-11-27,Sebastian,Vettel,VET,Ferrari,Finished,2,43583.0,21791.5,8.0
968,830,9,6,4,12.0,55,1,2016,21,Abu Dhabi Grand Prix,2016-11-27,Max,Verstappen,VER,Red Bull,Finished,1,21221.0,21221.0,21.0
968,817,9,3,5,10.0,55,1,2016,21,Abu Dhabi Grand Prix,2016-11-27,Daniel,Ricciardo,RIC,Red Bull,Finished,2,43852.0,21926.0,9.0
968,8,6,4,6,8.0,55,1,2016,21,Abu Dhabi Grand Prix,2016-11-27,Kimi,Räikkönen,RAI,Ferrari,Finished,2,44046.0,22023.0,7.0
968,807,10,7,7,6.0,55,1,2016,21,Abu Dhabi Grand Prix,2016-11-27,Nico,Hülkenberg,HUL,Force India,Finished,2,43316.0,21658.0,8.0
968,815,10,8,8,4.0,55,1,2016,21,Abu Dhabi Grand Prix,2016-11-27,Sergio,Pérez,PER,Force India,Finished,2,43320.0,21660.0,9.0
968,13,3,10,9,2.0,55,1,2016,21,Abu Dhabi Grand Prix,2016-11-27,Felipe,Massa,MAS,Williams,Finished,2,43314.0,21657.0,8.0
968,4,1,9,10,1.0,55,1,2016,21,Abu Dhabi Grand Prix,2016-11-27,Fernando,Alonso,ALO,McLaren,Finished,2,44676.0,22338.0,7.0
968,154,210,14,11,0.0,55,1,2016,21,Abu Dhabi Grand Prix,2016-11-27,Romain,Grosjean,GRO,Haas F1 Team,Finished,2,45365.0,22682.5,20.0
968,821,210,13,12,0.0,55,1,2016,21,Abu Dhabi Grand Prix,2016-11-27,Esteban,Gutiérrez,GUT,Haas F1 Team,Finished,2,44134.0,22067.0,8.0
968,839,209,20,13,0.0,54,11,2016,21,Abu Dhabi Grand Prix,2016-11-27,Esteban,Ocon,OCO,Manor Marussia,+1 Lap,2,47061.0,23530.5,22.0
968,836,209,16,14,0.0,54,11,2016,21,Abu Dhabi Grand Prix,2016-11-27,Pascal,Wehrlein,WEH,Manor Marussia,+1 Lap,2,56344.0,28172.0,6.0
968,828,15,22,15,0.0,54,11,2016,21,Abu Dhabi Grand Prix,2016-11-27,Marcus,Ericsson,ERI,Sauber,+1 Lap,1,22991.0,22991.0,38.0
968,831,15,19,16,0.0,54,11,2016,21,Abu Dhabi Grand Prix,2016-11-27,Felipe,Nasr,NAS,Sauber,+1 Lap,2,53205.0,26602.5,7.0
968,835,4,15,17,0.0,54,11,2016,21,Abu Dhabi Grand Prix,2016-11-27,Jolyon,Palmer,PAL,Renault,+1 Lap,3,69514.0,23171.333333333332,7.0
968,832,5,21,18,0.0,41,130,2016,21,Abu Dhabi Grand Prix,2016-11-27,Carlos,Sainz,SAI,Toro Rosso,Collision damage,2,43696.0,21848.0,6.0
968,826,5,17,19,0.0,14,6,2016,21,Abu Dhabi Grand Prix,2016-11-27,Daniil,Kvyat,KVY,Toro Rosso,Gearbox,1,21896.0,21896.0,8.0
968,18,1,12,20,0.0,12,22,2016,21,Abu Dhabi Grand Prix,2016-11-27,Jenson,Button,BUT,McLaren,Suspension,0,,,
968,822,3,11,21,0.0,6,22,2016,21,Abu Dhabi Grand Prix,2016-11-27,Valtteri,Bottas,BOT,Williams,Suspension,0,,,
968,825,4,18,22,0.0,5,22,2016,21,Abu Dhabi Grand Prix,2016-11-27,Kevin,Magnussen,MAG,Renault,Suspension,1,27068.0,27068.0,1.0
969,20,6,2,1,25.0,57,1,2017,1,Australian Grand Prix,2017-03-26,Sebastian,Vettel,VET,Ferrari,Finished,1,21988.0,21988.0,23.0
969,1,131,1,2,18.0,57,1,2017,1,Australian Grand Prix,2017-03-26,Lewis,Hamilton,HAM,Mercedes,Finished,1,21709.0,21709.0,17.0
969,822,131,3,3,15.0,57,1,2017,1,Australian Grand Prix,2017-03-26,Valtteri,Bottas,BOT,Mercedes,Finished,1,21440.0,21440.0,25.0
969,8,6,4,4,12.0,57,1,2017,1,Australian Grand Prix,2017-03-26,Kimi,Räikkönen,RAI,Ferrari,Finished,1,22033.0,22033.0,26.0
969,830,9,5,5,10.0,57,1,2017,1,Australian Grand Prix,2017-03-26,Max,Verstappen,VER,Red Bull,Finished,1,22208.0,22208.0,25.0
969,13,3,7,6,8.0,57,1,2017,1,Australian Grand Prix,2017-03-26,Felipe,Massa,MAS,Williams,Finished,1,21568.0,21568.0,20.0
969,815,10,10,7,6.0,56,11,2017,1,Australian Grand Prix,2017-03-26,Sergio,Pérez,PER,Force India,+1 Lap,1,22045.0,22045.0,17.0
969,832,5,8,8,4.0,56,11,2017,1,Australian Grand Prix,2017-03-26,Carlos,Sainz,SAI,Toro Rosso,+1 Lap,1,21762.0,21762.0,18.0
969,826,5,9,9,2.0,56,11,2017,1,Australian Grand Prix,2017-03-26,Daniil,Kvyat,KVY,Toro Rosso,+1 Lap,2,49585.0,24792.5,34.0
969,839,10,13,10,1.0,56,11,2017,1,Australian Grand Prix,2017-03-26,Esteban,Ocon,OCO,Force India,+1 Lap,1,22154.0,22154.0,15.0
969,807,4,11,11,0.0,56,11,2017,1,Australian Grand Prix,2017-03-26,Nico,Hülkenberg,HUL,Renault,+1 Lap,2,46289.0,23144.5,16.0
969,841,15,16,12,0.0,55,12,2017,1,Australian Grand Prix,2017-03-26,Antonio,Giovinazzi,GIO,Sauber,+2 Laps,1,28591.0,28591.0,15.0
969,838,1,18,13,0.0,55,12,2017,1,Australian Grand Prix,2017-03-26,Stoffel,Vandoorne,VAN,McLaren,+2 Laps,1,39562.0,39562.0,9.0
969,4,1,12,14,0.0,50,76,2017,1,Australian Grand Prix,2017-03-26,Fernando,Alonso,ALO,McLaren,Vibrations,1,22484.0,22484.0,16.0
969,825,210,17,15,0.0,46,22,2017,1,Australian Grand Prix,2017-03-26,Kevin,Magnussen,MAG,Haas F1 Team,Suspension,2,53525.0,26762.5,1.0
969,840,3,20,16,0.0,40,23,2017,1,Australian Grand Prix,2017-03-26,Lance,Stroll,STR,Williams,Brakes,2,44673.0,22336.5,5.0
969,817,9,0,17,0.0,25,131,2017,1,Australian Grand Prix,2017-03-26,Daniel,Ricciardo,RIC,Red Bull,Power Unit,0,,,
969,828,15,14,18,0.0,21,9,2017,1,Australian Grand Prix,2017-03-26,Marcus,Ericsson,ERI,Sauber,Hydraulics,0,,,
969,835,4,19,19,0.0,15,23,2017,1,Australian Grand Prix,2017-03-26,Jolyon,Palmer,PAL,Renault,Brakes,0,,,
969,154,210,6,20,0.0,13,47,2017,1,Australian Grand Prix,2017-03-26,Romain,Grosjean,GRO,Haas F1 Team,Water leak,0,,,
970,1,131,1,1,25.0,56,1,2017,2,Chinese Grand Prix,2017-04-09,Lewis,Hamilton,HAM,Mercedes,Finished,4,81020.0,20255.0,4.0
970,20,6,2,2,18.0,56,1,2017,2,Chinese Grand Prix,2017-04-09,Sebastian,Vettel,VET,Ferrari,Finished,5,97435.0,19487.0,2.0
970,830,9,16,3,15.0,56,1,2017,2,Chinese Grand Prix,2017-04-09,Max,Verstappen,VER,Red Bull,Finished,4,80648.0,20162.0,4.0
970,817,9,5,4,12.0,56,1,2017,2,Chinese Grand Prix,2017-04-09,Daniel,Ricciardo,RIC,Red Bull,Finished,4,80938.0,20234.5,4.0
970,8,6,4,5,10.0,56,1,2017,2,Chinese Grand Prix,2017-04-09,Kimi,Räikkönen,RAI,Ferrari,Finished,4,82278.0,20569.5,4.0
970,822,131,3,6,8.0,56,1,2017,2,Chinese Grand Prix,2017-04-09,Valtteri,Bottas,BOT,Mercedes,Finished,4,91270.0,22817.5,4.0
970,832,5,11,7,6.0,56,1,2017,2,Chinese Grand Prix,2017-04-09,Carlos,Sainz,SAI,Toro Rosso,Finished,4,74891.0,18722.75,4.0
970,825,210,12,8,4.0,55,11,2017,2,Chinese Grand Prix,2017-04-09,Kevin,Magnussen,MAG,Haas F1 Team,+1 Lap,5,99165.0,19833.0,2.0
970,815,10,8,9,2.0,55,11,2017,2,Chinese Grand Prix,2017-04-09,Sergio,Pérez,PER,Force India,+1 Lap,6,123019.0,20503.166666666668,2.0
970,839,10,17,10,1.0,55,11,2017,2,Chinese Grand Prix,2017-04-09,Esteban,Ocon,OCO,Force India,+1 Lap,5,108812.0,21762.4,2.0
970,154,210,19,11,0.0,55,11,2017,2,Chinese Grand Prix,2017-04-09,Romain,Grosjean,GRO,Haas F1 Team,+1 Lap,5,112596.0,22519.2,2.0
970,807,4,7,12,0.0,55,11,2017,2,Chinese Grand Prix,2017-04-09,Nico,Hülkenberg,HUL,Renault,+1 Lap,5,115751.0,23150.2,1.0
970,835,4,20,13,0.0,55,11,2017,2,Chinese Grand Prix,2017-04-09,Jolyon,Palmer,PAL,Renault,+1 Lap,4,75876.0,18969.0,4.0
970,13,3,6,14,0.0,55,11,2017,2,Chinese Grand Prix,2017-04-09,Felipe,Massa,MAS,Williams,+1 Lap,6,121113.0,20185.5,2.0
970,828,15,14,15,0.0,55,11,2017,2,Chinese Grand Prix,2017-04-09,Marcus,Ericsson,ERI,Sauber,+1 Lap,4,79963.0,19990.75,2.0
970,4,1,13,16,0.0,33,30,2017,2,Chinese Grand Prix,2017-04-09,Fernando,Alonso,ALO,McLaren,Driveshaft,4,76158.0,19039.5,2.0
970,826,5,9,17,0.0,18,9,2017,2,Chinese Grand Prix,2017-04-09,Daniil,Kvyat,KVY,Toro Rosso,Hydraulics,4,75982.0,18995.5,2.0
970,838,1,15,18,0.0,17,32,2017,2,Chinese Grand Prix,2017-04-09,Stoffel,Vandoorne,VAN,McLaren,Fuel pressure,4,77058.0,19264.5,2.0
970,841,15,18,19,0.0,3,3,2017,2,Chinese Grand Prix,2017-04-09,Antonio,Giovinazzi,GIO,Sauber,Accident,1,29443.0,29443.0,2.0
970,840,3,10,20,0.0,0,4,2017,2,Chinese Grand Prix,2017-04-09,Lance,Stroll,STR,Williams,Collision,0,,,
971,20,6,3,1,25.0,57,1,2017,3,Bahrain Grand Prix,2017-04-16,Sebastian,Vettel,VET,Ferrari,Finished,2,49016.0,24508.0,10.0
971,1,131,2,2,18.0,57,1,2017,3,Bahrain Grand Prix,2017-04-16,Lewis,Hamilton,HAM,Mercedes,Finished,2,61369.0,30684.5,13.0
971,822,131,1,3,15.0,57,1,2017,3,Bahrain Grand Prix,2017-04-16,Valtteri,Bottas,BOT,Mercedes,Finished,2,52908.0,26454.0,13.0
971,8,6,5,4,12.0,57,1,2017,3,Bahrain Grand Prix,2017-04-16,Kimi,Räikkönen,RAI,Ferrari,Finished,2,52286.0,26143.0,12.0
971,817,9,4,5,10.0,57,1,2017,3,Bahrain Grand Prix,2017-04-16,Daniel,Ricciardo,RIC,Red Bull,Finished,2,50512.0,25256.0,13.0
971,13,3,8,6,8.0,57,1,2017,3,Bahrain Grand Prix,2017-04-16,Felipe,Massa,MAS,Williams,Finished,2,49944.0,24972.0,13.0
971,815,10,18,7,6.0,57,1,2017,3,Bahrain Grand Prix,2017-04-16,Sergio,Pérez,PER,Force India,Finished,2,48962.0,24481.0,13.0
971,154,210,9,8,4.0,57,1,2017,3,Bahrain Grand Prix,2017-04-16,Romain,Grosjean,GRO,Haas F1 Team,Finished,2,50040.0,25020.0,12.0
971,807,4,7,9,2.0,57,1,2017,3,Bahrain Grand Prix,2017-04-16,Nico,Hülkenberg,HUL,Renault,Finished,2,51769.0,25884.5,13.0
971,839,10,14,10,1.0,57,1,2017,3,Bahrain Grand Prix,2017-04-16,Esteban,Ocon,OCO,Force India,Finished,2,49169.0,24584.5,11.0
971,836,15,13,11,0.0,56,11,2017,3,Bahrain Grand Prix,2017-04-16,Pascal,Wehrlein,WEH,Sauber,+1 Lap,1,26542.0,26542.0,11.0
971,826,5,11,12,0.0,56,11,2017,3,Bahrain Grand Prix,2017-04-16,Daniil,Kvyat,KVY,Toro Rosso,+1 Lap,2,50450.0,25225.0,13.0
971,835,4,10,13,0.0,56,11,2017,3,Bahrain Grand Prix,2017-04-16,Jolyon,Palmer,PAL,Renault,+1 Lap,2,53886.0,26943.0,13.0
971,4,1,15,14,0.0,54,131,2017,3,Bahrain Grand Prix,2017-04-16,Fernando,Alonso,ALO,McLaren,Power Unit,2,49645.0,24822.5,13.0
971,828,15,19,15,0.0,50,6,2017,3,Bahrain Grand Prix,2017-04-16,Marcus,Ericsson,ERI,Sauber,Gearbox,1,25576.0,25576.0,33.0
971,832,5,16,16,0.0,12,4,2017,3,Bahrain Grand Prix,2017-04-16,Carlos,Sainz,SAI,Toro Rosso,Collision,1,25001.0,25001.0,12.0
971,840,3,12,17,0.0,12,4,2017,3,Bahrain Grand Prix,2017-04-16,Lance,Stroll,STR,Williams,Collision,1,24915.0,24915.0,8.0
971,830,9,6,18,0.0,11,23,2017,3,Bahrain Grand Prix,2017-04-16,Max,Verstappen,VER,Red Bull,Brakes,1,25174.0,25174.0,11.0
971,825,210,20,19,0.0,8,10,2017,3,Bahrain Grand Prix,2017-04-16,Kevin,Magnussen,MAG,Haas F1 Team,Electrical,0,,,
971,838,1,17,20,0.0,0,131,2017,3,Bahrain Grand Prix,2017-04-16,Stoffel,Vandoorne,VAN,McLaren,Power Unit,0,,,
972,822,131,3,1,25.0,52,1,2017,4,Russian Grand Prix,2017-04-30,Valtteri,Bottas,BOT,Mercedes,Finished,1,29356.0,29356.0,27.0
972,20,6,1,2,18.0,52,1,2017,4,Russian Grand Prix,2017-04-30,Sebastian,Vettel,VET,Ferrari,Finished,1,30097.0,30097.0,34.0
972,8,6,2,3,15.0,52,1,2017,4,Russian Grand Prix,2017-04-30,Kimi,Räikkönen,RAI,Ferrari,Finished,1,30152.0,30152.0,29.0
972,1,131,4,4,12.0,52,1,2017,4,Russian Grand Prix,2017-04-30,Lewis,Hamilton,HAM,Mercedes,Finished,1,29739.0,29739.0,30.0
972,830,9,7,5,10.0,52,1,2017,4,Russian Grand Prix,2017-04-30,Max,Verstappen,VER,Red Bull,Finished,1,29567.0,29567.0,29.0
972,815,10,9,6,8.0,52,1,2017,4,Russian Grand Prix,2017-04-30,Sergio,Pérez,PER,Force India,Finished,1,29868.0,29868.0,27.0
972,839,10,10,7,6.0,52,1,2017,4,Russian Grand Prix,2017-04-30,Esteban,Ocon,OCO,Force India,Finished,1,30253.0,30253.0,26.0
972,807,4,8,8,4.0,52,1,2017,4,Russian Grand Prix,2017-04-30,Nico,Hülkenberg,HUL,Renault,Finished,1,30280.0,30280.0,40.0
972,13,3,6,9,2.0,51,11,2017,4,Russian Grand Prix,2017-04-30,Felipe,Massa,MAS,Williams,+1 Lap,2,59843.0,29921.5,21.0
972,832,5,14,10,1.0,51,11,2017,4,Russian Grand Prix,2017-04-30,Carlos,Sainz,SAI,Toro Rosso,+1 Lap,1,29973.0,29973.0,24.0
972,840,3,11,11,0.0,51,11,2017,4,Russian Grand Prix,2017-04-30,Lance,Stroll,STR,Williams,+1 Lap,1,29791.0,29791.0,26.0
972,826,5,12,12,0.0,51,11,2017,4,Russian Grand Prix,2017-04-30,Daniil,Kvyat,KVY,Toro Rosso,+1 Lap,1,29991.0,29991.0,21.0
972,825,210,13,13,0.0,51,11,2017,4,Russian Grand Prix,2017-04-30,Kevin,Magnussen,MAG,Haas F1 Team,+1 Lap,1,36559.0,36559.0,21.0
972,838,1,20,14,0.0,51,11,2017,4,Russian Grand Prix,2017-04-30,Stoffel,Vandoorne,VAN,McLaren,+1 Lap,2,66004.0,33002.0,1.0
972,828,15,18,15,0.0,51,11,2017,4,Russian Grand Prix,2017-04-30,Marcus,Ericsson,ERI,Sauber,+1 Lap,2,62890.0,31445.0,1.0
972,836,15,17,16,0.0,50,12,2017,4,Russian Grand Prix,2017-04-30,Pascal,Wehrlein,WEH,Sauber,+2 Laps,2,62065.0,31032.5,2.0
972,817,9,5,17,0.0,5,23,2017,4,Russian Grand Prix,2017-04-30,Daniel,Ricciardo,RIC,Red Bull,Brakes,0,,,
972,835,4,16,18,0.0,0,4,2017,4,Russian Grand Prix,2017-04-30,Jolyon,Palmer,PAL,Renault,Collision,0,,,
972,154,210,19,19,0.0,0,4,2017,4,Russian Grand Prix,2017-04-30,Romain,Grosjean,GRO,Haas F1 Team,Collision,0,,,
972,4,1,15,20,0.0,0,131,2017,4,Russian Grand Prix,2017-04-30,Fernando,Alonso,ALO,McLaren,Power Unit,0,,,
973,1,131,1,1,25.0,66,1,2017,5,Spanish Grand Prix,2017-05-14,Lewis,Hamilton,HAM,Mercedes,Finished,2,43266.0,21633.0,21.0
973,20,6,2,2,18.0,66,1,2017,5,Spanish Grand Prix,2017-05-14,Sebastian,Vettel,VET,Ferrari,Finished,2,44806.0,22403.0,14.0
973,817,9,6,3,15.0,66,1,2017,5,Spanish Grand Prix,2017-05-14,Daniel,Ricciardo,RIC,Red Bull,Finished,2,43729.0,21864.5,21.0
973,815,10,8,4,12.0,65,11,2017,5,Spanish Grand Prix,2017-05-14,Sergio,Pérez,PER,Force India,+1 Lap,2,48189.0,24094.5,18.0
973,839,10,10,5,10.0,65,11,2017,5,Spanish Grand Prix,2017-05-14,Esteban,Ocon,OCO,Force India,+1 Lap,2,45259.0,22629.5,16.0
973,807,4,13,6,8.0,65,11,2017,5,Spanish Grand Prix,2017-05-14,Nico,Hülkenberg,HUL,Renault,+1 Lap,2,44852.0,22426.0,15.0
973,832,5,12,7,6.0,65,11,2017,5,Spanish Grand Prix,2017-05-14,Carlos,Sainz,SAI,Toro Rosso,+1 Lap,2,44366.0,22183.0,13.0
973,836,15,15,8,4.0,65,11,2017,5,Spanish Grand Prix,2017-05-14,Pascal,Wehrlein,WEH,Sauber,+1 Lap,1,23445.0,23445.0,33.0
973,826,5,19,9,2.0,65,11,2017,5,Spanish Grand Prix,2017-05-14,Daniil,Kvyat,KVY,Toro Rosso,+1 Lap,2,44352.0,22176.0,1.0
973,154,210,14,10,1.0,65,11,2017,5,Spanish Grand Prix,2017-05-14,Romain,Grosjean,GRO,Haas F1 Team,+1 Lap,2,45507.0,22753.5,19.0
973,828,15,16,11,0.0,64,12,2017,5,Spanish Grand Prix,2017-05-14,Marcus,Ericsson,ERI,Sauber,+2 Laps,2,45770.0,22885.0,18.0
973,4,1,7,12,0.0,64,12,2017,5,Spanish Grand Prix,2017-05-14,Fernando,Alonso,ALO,McLaren,+2 Laps,3,68967.0,22989.0,12.0
973,13,3,9,13,0.0,64,12,2017,5,Spanish Grand Prix,2017-05-14,Felipe,Massa,MAS,Williams,+2 Laps,3,85970.0,28656.666666666668,1.0
973,825,210,11,14,0.0,64,12,2017,5,Spanish Grand Prix,2017-05-14,Kevin,Magnussen,MAG,Haas F1 Team,+2 Laps,3,71569.0,23856.333333333332,13.0
973,835,4,17,15,0.0,64,12,2017,5,Spanish Grand Prix,2017-05-14,Jolyon,Palmer,PAL,Renault,+2 Laps,3,70671.0,23557.0,2.0
973,840,3,18,16,0.0,64,12,2017,5,Spanish Grand Prix,2017-05-14,Lance,Stroll,STR,Williams,+2 Laps,2,44171.0,22085.5,12.0
973,822,131,3,17,0.0,38,131,2017,5,Spanish Grand Prix,2017-05-14,Valtteri,Bottas,BOT,Mercedes,Power Unit,1,21689.0,21689.0,26.0
973,838,1,20,18,0.0,32,4,2017,5,Spanish Grand Prix,2017-05-14,Stoffel,Vandoorne,VAN,McLaren,Collision,1,22547.0,22547.0,12.0
973,830,9,5,19,0.0,1,130,2017,5,Spanish Grand Prix,2017-05-14,Max,Verstappen,VER,Red Bull,Collision damage,0,,,
973,8,6,4,20,0.0,0,130,2017,5,Spanish Grand Prix,2017-05-14,Kimi,Räikkönen,RAI,Ferrari,Collision damage,0,,,
974,20,6,2,1,25.0,78,1,2017,6,Monaco Grand Prix,2017-05-28,Sebastian,Vettel,VET,Ferrari,Finished,1,24306.0,24306.0,39.0
974,8,6,1,2,18.0,78,1,2017,6,Monaco Grand Prix,2017-05-28,Kimi,Räikkönen,RAI,Ferrari,Finished,1,24833.0,24833.0,34.0
974,817,9,5,3,15.0,78,1,2017,6,Monaco Grand Prix,2017-05-28,Daniel,Ricciardo,RIC,Red Bull,Finished,1,24183.0,24183.0,38.0
974,822,131,3,4,12.0,78,1,2017,6,Monaco Grand Prix,2017-05-28,Valtteri,Bottas,BOT,Mercedes,Finished,1,24308.0,24308.0,33.0
974,830,9,4,5,10.0,78,1,2017,6,Monaco Grand Prix,2017-05-28,Max,Verstappen,VER,Red Bull,Finished,2,51021.0,25510.5,32.0
974,832,5,6,6,8.0,78,1,2017,6,Monaco Grand Prix,2017-05-28,Carlos,Sainz,SAI,Toro Rosso,Finished,1,24427.0,24427.0,37.0
974,1,131,13,7,6.0,78,1,2017,6,Monaco Grand Prix,2017-05-28,Lewis,Hamilton,HAM,Mercedes,Finished,1,24155.0,24155.0,46.0
974,154,210,8,8,4.0,78,1,2017,6,Monaco Grand Prix,2017-05-28,Romain,Grosjean,GRO,Haas F1 Team,Finished,1,24660.0,24660.0,40.0
974,13,3,14,9,2.0,78,1,2017,6,Monaco Grand Prix,2017-05-28,Felipe,Massa,MAS,Williams,Finished,2,49476.0,24738.0,38.0
974,825,210,11,10,1.0,78,1,2017,6,Monaco Grand Prix,2017-05-28,Kevin,Magnussen,MAG,Haas F1 Team,Finished,2,51019.0,25509.5,37.0
974,835,4,16,11,0.0,78,1,2017,6,Monaco Grand Prix,2017-05-28,Jolyon,Palmer,PAL,Renault,Finished,1,25472.0,25472.0,42.0
974,839,10,15,12,0.0,78,1,2017,6,Monaco Grand Prix,2017-05-28,Esteban,Ocon,OCO,Force India,Finished,3,73437.0,24479.0,36.0
974,815,10,7,13,0.0,78,1,2017,6,Monaco Grand Prix,2017-05-28,Sergio,Pérez,PER,Force India,Finished,3,91824.0,30608.0,16.0
974,826,5,9,14,0.0,71,130,2017,6,Monaco Grand Prix,2017-05-28,Daniil,Kvyat,KVY,Toro Rosso,Collision damage,1,24406.0,24406.0,36.0
974,840,3,17,15,0.0,71,23,2017,6,Monaco Grand Prix,2017-05-28,Lance,Stroll,STR,Williams,Brakes,2,51938.0,25969.0,41.0
974,838,1,12,16,0.0,66,3,2017,6,Monaco Grand Prix,2017-05-28,Stoffel,Vandoorne,VAN,McLaren,Accident,1,24768.0,24768.0,43.0
974,828,15,19,17,0.0,63,3,2017,6,Monaco Grand Prix,2017-05-28,Marcus,Ericsson,ERI,Sauber,Accident,1,24949.0,24949.0,35.0
974,18,1,20,18,0.0,57,130,2017,6,Monaco Grand Prix,2017-05-28,Jenson,Button,BUT,McLaren,Collision damage,2,50522.0,25261.0,1.0
974,836,15,18,19,0.0,57,4,2017,6,Monaco Grand Prix,2017-05-28,Pascal,Wehrlein,WEH,Sauber,Collision,1,25813.0,25813.0,1.0
974,807,4,10,20,0.0,15,6,2017,6,Monaco Grand Prix,2017-05-28,Nico,Hülkenberg,HUL,Renault,Gearbox,0,,,
975,1,131,1,1,25.0,70,1,2017,7,Canadian Grand Prix,2017-06-11,Lewis,Hamilton,HAM,Mercedes,Finished,1,23061.0,23061.0,32.0
975,822,131,3,2,18.0,70,1,2017,7,Canadian Grand Prix,2017-06-11,Valtteri,Bottas,BOT,Mercedes,Finished,1,22946.0,22946.0,23.0
975,817,9,6,3,15.0,70,1,2017,7,Canadian Grand Prix,2017-06-11,Daniel,Ricciardo,RIC,Red Bull,Finished,1,23309.0,23309.0,18.0
975,20,6,2,4,12.0,70,1,2017,7,Canadian Grand Prix,2017-06-11,Sebastian,Vettel,VET,Ferrari,Finished,2,54941.0,27470.5,5.0
975,815,10,8,5,10.0,70,1,2017,7,Canadian Grand Prix,2017-06-11,Sergio,Pérez,PER,Force India,Finished,1,23229.0,23229.0,19.0
975,839,10,9,6,8.0,70,1,2017,7,Canadian Grand Prix,2017-06-11,Esteban,Ocon,OCO,Force India,Finished,1,23409.0,23409.0,32.0
975,8,6,4,7,6.0,70,1,2017,7,Canadian Grand Prix,2017-06-11,Kimi,Räikkönen,RAI,Ferrari,Finished,2,47260.0,23630.0,17.0
975,807,4,10,8,4.0,70,1,2017,7,Canadian Grand Prix,2017-06-11,Nico,Hülkenberg,HUL,Renault,Finished,1,26764.0,26764.0,11.0
975,840,3,17,9,2.0,69,11,2017,7,Canadian Grand Prix,2017-06-11,Lance,Stroll,STR,Williams,+1 Lap,1,22790.0,22790.0,25.0
975,154,210,14,10,1.0,69,11,2017,7,Canadian Grand Prix,2017-06-11,Romain,Grosjean,GRO,Haas F1 Team,+1 Lap,1,31256.0,31256.0,1.0
975,835,4,15,11,0.0,69,11,2017,7,Canadian Grand Prix,2017-06-11,Jolyon,Palmer,PAL,Renault,+1 Lap,1,24423.0,24423.0,11.0
975,825,210,18,12,0.0,69,11,2017,7,Canadian Grand Prix,2017-06-11,Kevin,Magnussen,MAG,Haas F1 Team,+1 Lap,1,28869.0,28869.0,46.0
975,828,15,19,13,0.0,69,11,2017,7,Canadian Grand Prix,2017-06-11,Marcus,Ericsson,ERI,Sauber,+1 Lap,1,24047.0,24047.0,11.0
975,838,1,16,14,0.0,69,11,2017,7,Canadian Grand Prix,2017-06-11,Stoffel,Vandoorne,VAN,McLaren,+1 Lap,1,23267.0,23267.0,45.0
975,836,15,20,15,0.0,68,12,2017,7,Canadian Grand Prix,2017-06-11,Pascal,Wehrlein,WEH,Sauber,+2 Laps,2,75959.0,37979.5,1.0
975,4,1,12,16,0.0,66,131,2017,7,Canadian Grand Prix,2017-06-11,Fernando,Alonso,ALO,McLaren,Power Unit,1,23526.0,23526.0,42.0
975,826,5,11,17,0.0,54,131,2017,7,Canadian Grand Prix,2017-06-11,Daniil,Kvyat,KVY,Toro Rosso,Power Unit,2,124462.0,62231.0,15.0
975,830,9,5,18,0.0,10,10,2017,7,Canadian Grand Prix,2017-06-11,Max,Verstappen,VER,Red Bull,Electrical,0,,,
975,13,3,7,19,0.0,0,4,2017,7,Canadian Grand Prix,2017-06-11,Felipe,Massa,MAS,Williams,Collision,0,,,
975,832,5,13,20,0.0,0,4,2017,7,Canadian Grand Prix,2017-06-11,Carlos,Sainz,SAI,Toro Rosso,Collision,0,,,
976,817,9,10,1,25.0,51,1,2017,8,Azerbaijan Grand Prix,2017-06-25,Daniel,Ricciardo,RIC,Red Bull,Finished,4,1372037.0,343009.25,5.0
976,822,131,2,2,18.0,51,1,2017,8,Azerbaijan Grand Prix,2017-06-25,Valtteri,Bottas,BOT,Mercedes,Finished,4,1385158.0,346289.5,1.0
976,840,3,8,3,15.0,51,1,2017,8,Azerbaijan Grand Prix,2017-06-25,Lance,Stroll,STR,Williams,Finished,3,1350680.0,450226.6666666667,13.0
976,20,6,4,4,12.0,51,1,2017,8,Azerbaijan Grand Prix,2017-06-25,Sebastian,Vettel,VET,Ferrari,Finished,4,1375358.0,343839.5,12.0
976,1,131,1,5,10.0,51,1,2017,8,Azerbaijan Grand Prix,2017-06-25,Lewis,Hamilton,HAM,Mercedes,Finished,4,1373445.0,343361.25,12.0
976,839,10,7,6,8.0,51,1,2017,8,Azerbaijan Grand Prix,2017-06-25,Esteban,Ocon,OCO,Force India,Finished,4,1381084.0,345271.0,12.0
976,825,210,12,7,6.0,51,1,2017,8,Azerbaijan Grand Prix,2017-06-25,Kevin,Magnussen,MAG,Haas F1 Team,Finished,3,1348223.0,449407.6666666667,12.0
976,832,5,15,8,4.0,51,1,2017,8,Azerbaijan Grand Prix,2017-06-25,Carlos,Sainz,SAI,Toro Rosso,Finished,3,1349699.0,449899.6666666667,12.0
976,4,1,19,9,2.0,51,1,2017,8,Azerbaijan Grand Prix,2017-06-25,Fernando,Alonso,ALO,McLaren,Finished,3,1349508.0,449836.0,12.0
976,836,15,14,10,1.0,51,1,2017,8,Azerbaijan Grand Prix,2017-06-25,Pascal,Wehrlein,WEH,Sauber,Finished,5,1426360.0,285272.0,12.0
976,828,15,17,11,0.0,51,1,2017,8,Azerbaijan Grand Prix,2017-06-25,Marcus,Ericsson,ERI,Sauber,Finished,3,1364907.0,454969.0,12.0
976,838,1,18,12,0.0,51,1,2017,8,Azerbaijan Grand Prix,2017-06-25,Stoffel,Vandoorne,VAN,McLaren,Finished,4,1371155.0,342788.75,5.0
976,154,210,16,13,0.0,50,11,2017,8,Azerbaijan Grand Prix,2017-06-25,Romain,Grosjean,GRO,Haas F1 Team,+1 Lap,5,1395069.0,279013.8,3.0
976,8,6,3,14,0.0,46,34,2017,8,Azerbaijan Grand Prix,2017-06-25,Kimi,Räikkönen,RAI,Ferrari,Water pressure,4,1637077.0,409269.25,12.0
976,815,10,6,15,0.0,39,136,2017,8,Azerbaijan Grand Prix,2017-06-25,Sergio,Pérez,PER,Force India,Seat,4,1645436.0,411359.0,12.0
976,13,3,9,16,0.0,25,22,2017,8,Azerbaijan Grand Prix,2017-06-25,Felipe,Massa,MAS,Williams,Suspension,3,1347157.0,449052.3333333333,12.0
976,807,4,13,17,0.0,24,3,2017,8,Azerbaijan Grand Prix,2017-06-25,Nico,Hülkenberg,HUL,Renault,Accident,3,1350542.0,450180.6666666667,13.0
976,830,9,5,18,0.0,12,51,2017,8,Azerbaijan Grand Prix,2017-06-25,Max,Verstappen,VER,Red Bull,Oil pressure,0,,,
976,826,5,11,19,0.0,9,84,2017,8,Azerbaijan Grand Prix,2017-06-25,Daniil,Kvyat,KVY,Toro Rosso,Battery,0,,,
976,835,4,20,20,0.0,7,131,2017,8,Azerbaijan Grand Prix,2017-06-25,Jolyon,Palmer,PAL,Renault,Power Unit,0,,,
841,24,164,0,23,0.0,0,81,2011,1,Australian Grand Prix,2011-03-27,Vitantonio,Liuzzi,LIU,HRT,Did not qualify,0,,,
841,39,164,0,24,0.0,0,81,2011,1,Australian Grand Prix,2011-03-27,Narain,Karthikeyan,KAR,HRT,Did not qualify,0,,,
846,815,15,0,24,0.0,0,82,2011,6,Monaco Grand Prix,2011-05-29,Sergio,Pérez,PER,Sauber,Injury,0,,,
977,822,131,1,1,25.0,71,1,2017,9,Austrian Grand Prix,2017-07-09,Valtteri,Bottas,BOT,Mercedes,Finished,1,22387.0,22387.0,41.0
977,20,6,2,2,18.0,71,1,2017,9,Austrian Grand Prix,2017-07-09,Sebastian,Vettel,VET,Ferrari,Finished,1,21750.0,21750.0,34.0
977,817,9,4,3,15.0,71,1,2017,9,Austrian Grand Prix,2017-07-09,Daniel,Ricciardo,RIC,Red Bull,Finished,1,21713.0,21713.0,33.0
977,1,131,8,4,12.0,71,1,2017,9,Austrian Grand Prix,2017-07-09,Lewis,Hamilton,HAM,Mercedes,Finished,1,20761.0,20761.0,31.0
977,8,6,3,5,10.0,71,1,2017,9,Austrian Grand Prix,2017-07-09,Kimi,Räikkönen,RAI,Ferrari,Finished,1,21662.0,21662.0,44.0
977,154,210,6,6,8.0,71,1,2017,9,Austrian Grand Prix,2017-07-09,Romain,Grosjean,GRO,Haas F1 Team,Finished,1,22026.0,22026.0,36.0
977,815,10,7,7,6.0,70,11,2017,9,Austrian Grand Prix,2017-07-09,Sergio,Pérez,PER,Force India,+1 Lap,1,22030.0,22030.0,35.0
977,839,10,9,8,4.0,70,11,2017,9,Austrian Grand Prix,2017-07-09,Esteban,Ocon,OCO,Force India,+1 Lap,1,22176.0,22176.0,42.0
977,13,3,17,9,2.0,70,11,2017,9,Austrian Grand Prix,2017-07-09,Felipe,Massa,MAS,Williams,+1 Lap,1,20977.0,20977.0,47.0
977,840,3,18,10,1.0,70,11,2017,9,Austrian Grand Prix,2017-07-09,Lance,Stroll,STR,Williams,+1 Lap,1,21332.0,21332.0,35.0
977,835,4,16,11,0.0,70,11,2017,9,Austrian Grand Prix,2017-07-09,Jolyon,Palmer,PAL,Renault,+1 Lap,1,22233.0,22233.0,34.0
977,838,1,13,12,0.0,70,11,2017,9,Austrian Grand Prix,2017-07-09,Stoffel,Vandoorne,VAN,McLaren,+1 Lap,2,37920.0,18960.0,31.0
977,807,4,11,13,0.0,70,11,2017,9,Austrian Grand Prix,2017-07-09,Nico,Hülkenberg,HUL,Renault,+1 Lap,1,21977.0,21977.0,14.0
977,836,15,20,14,0.0,70,11,2017,9,Austrian Grand Prix,2017-07-09,Pascal,Wehrlein,WEH,Sauber,+1 Lap,1,22414.0,22414.0,35.0
977,828,15,19,15,0.0,69,12,2017,9,Austrian Grand Prix,2017-07-09,Marcus,Ericsson,ERI,Sauber,+2 Laps,1,22339.0,22339.0,34.0
977,826,5,14,16,0.0,68,13,2017,9,Austrian Grand Prix,2017-07-09,Daniil,Kvyat,KVY,Toro Rosso,+3 Laps,3,72020.0,24006.666666666668,1.0
977,832,5,10,17,0.0,44,5,2017,9,Austrian Grand Prix,2017-07-09,Carlos,Sainz,SAI,Toro Rosso,Engine,1,21659.0,21659.0,40.0
977,825,210,15,18,0.0,29,9,2017,9,Austrian Grand Prix,2017-07-09,Kevin,Magnussen,MAG,Haas F1 Team,Hydraulics,0,,,
977,4,1,12,19,0.0,1,130,2017,9,Austrian Grand Prix,2017-07-09,Fernando,Alonso,ALO,McLaren,Collision damage,0,,,
977,830,9,5,20,0.0,0,130,2017,9,Austrian Grand Prix,2017-07-09,Max,Verstappen,VER,Red Bull,Collision damage,0,,,
978,1,131,1,1,25.0,51,1,2017,10,British Grand Prix,2017-07-16,Lewis,Hamilton,HAM,Mercedes,Finished,1,27733.0,27733.0,25.0
978,822,131,9,2,18.0,51,1,2017,10,British Grand Prix,2017-07-16,Valtteri,Bottas,BOT,Mercedes,Finished,1,27858.0,27858.0,32.0
978,8,6,2,3,15.0,51,1,2017,10,British Grand Prix,2017-07-16,Kimi,Räikkönen,RAI,Ferrari,Finished,2,57533.0,28766.5,24.0
978,830,9,4,4,12.0,51,1,2017,10,British Grand Prix,2017-07-16,Max,Verstappen,VER,Red Bull,Finished,2,57203.0,28601.5,19.0
978,817,9,19,5,10.0,51,1,2017,10,British Grand Prix,2017-07-16,Daniel,Ricciardo,RIC,Red Bull,Finished,1,27910.0,27910.0,32.0
978,807,4,5,6,8.0,51,1,2017,10,British Grand Prix,2017-07-16,Nico,Hülkenberg,HUL,Renault,Finished,1,30841.0,30841.0,24.0
978,20,6,3,7,6.0,51,1,2017,10,British Grand Prix,2017-07-16,Sebastian,Vettel,VET,Ferrari,Finished,2,63567.0,31783.5,18.0
978,839,10,7,8,4.0,50,11,2017,10,British Grand Prix,2017-07-16,Esteban,Ocon,OCO,Force India,+1 Lap,1,29194.0,29194.0,20.0
978,815,10,6,9,2.0,50,11,2017,10,British Grand Prix,2017-07-16,Sergio,Pérez,PER,Force India,+1 Lap,1,28942.0,28942.0,23.0
978,13,3,14,10,1.0,50,11,2017,10,British Grand Prix,2017-07-16,Felipe,Massa,MAS,Williams,+1 Lap,1,27583.0,27583.0,25.0
978,838,1,8,11,0.0,50,11,2017,10,British Grand Prix,2017-07-16,Stoffel,Vandoorne,VAN,McLaren,+1 Lap,1,29337.0,29337.0,26.0
978,825,210,16,12,0.0,50,11,2017,10,British Grand Prix,2017-07-16,Kevin,Magnussen,MAG,Haas F1 Team,+1 Lap,1,28099.0,28099.0,37.0
978,154,210,10,13,0.0,50,11,2017,10,British Grand Prix,2017-07-16,Romain,Grosjean,GRO,Haas F1 Team,+1 Lap,2,57359.0,28679.5,23.0
978,828,15,18,14,0.0,50,11,2017,10,British Grand Prix,2017-07-16,Marcus,Ericsson,ERI,Sauber,+1 Lap,1,28825.0,28825.0,28.0
978,826,5,12,15,0.0,50,11,2017,10,British Grand Prix,2017-07-16,Daniil,Kvyat,KVY,Toro Rosso,+1 Lap,3,97063.0,32354.333333333332,1.0
978,840,3,15,16,0.0,50,11,2017,10,British Grand Prix,2017-07-16,Lance,Stroll,STR,Williams,+1 Lap,2,58184.0,29092.0,22.0
978,836,15,17,17,0.0,50,11,2017,10,British Grand Prix,2017-07-16,Pascal,Wehrlein,WEH,Sauber,+1 Lap,3,91052.0,30350.666666666668,2.0
978,4,1,20,18,0.0,32,131,2017,10,British Grand Prix,2017-07-16,Fernando,Alonso,ALO,McLaren,Power Unit,1,28269.0,28269.0,20.0
978,832,5,13,19,0.0,0,130,2017,10,British Grand Prix,2017-07-16,Carlos,Sainz,SAI,Toro Rosso,Collision damage,0,,,
978,835,4,11,20,0.0,0,9,2017,10,British Grand Prix,2017-07-16,Jolyon,Palmer,PAL,Renault,Hydraulics,0,,,
979,20,6,1,1,25.0,70,1,2017,11,Hungarian Grand Prix,2017-07-30,Sebastian,Vettel,VET,Ferrari,Finished,1,22317.0,22317.0,32.0
979,8,6,2,2,18.0,70,1,2017,11,Hungarian Grand Prix,2017-07-30,Kimi,Räikkönen,RAI,Ferrari,Finished,1,21919.0,21919.0,33.0
979,822,131,3,3,15.0,70,1,2017,11,Hungarian Grand Prix,2017-07-30,Valtteri,Bottas,BOT,Mercedes,Finished,1,22681.0,22681.0,30.0
979,1,131,4,4,12.0,70,1,2017,11,Hungarian Grand Prix,2017-07-30,Lewis,Hamilton,HAM,Mercedes,Finished,1,21338.0,21338.0,31.0
979,830,9,5,5,10.0,70,1,2017,11,Hungarian Grand Prix,2017-07-30,Max,Verstappen,VER,Red Bull,Finished,1,33605.0,33605.0,42.0
979,4,1,7,6,8.0,70,1,2017,11,Hungarian Grand Prix,2017-07-30,Fernando,Alonso,ALO,McLaren,Finished,1,22399.0,22399.0,35.0
979,832,5,9,7,6.0,69,11,2017,11,Hungarian Grand Prix,2017-07-30,Carlos,Sainz,SAI,Toro Rosso,+1 Lap,1,22745.0,22745.0,35.0
979,815,10,13,8,4.0,69,11,2017,11,Hungarian Grand Prix,2017-07-30,Sergio,Pérez,PER,Force India,+1 Lap,1,24017.0,24017.0,34.0
979,839,10,11,9,2.0,69,11,2017,11,Hungarian Grand Prix,2017-07-30,Esteban,Ocon,OCO,Force India,+1 Lap,1,22441.0,22441.0,35.0
979,838,1,8,10,1.0,69,11,2017,11,Hungarian Grand Prix,2017-07-30,Stoffel,Vandoorne,VAN,McLaren,+1 Lap,1,28616.0,28616.0,42.0
979,826,5,16,11,0.0,69,11,2017,11,Hungarian Grand Prix,2017-07-30,Daniil,Kvyat,KVY,Toro Rosso,+1 Lap,1,22273.0,22273.0,40.0
979,835,4,10,12,0.0,69,11,2017,11,Hungarian Grand Prix,2017-07-30,Jolyon,Palmer,PAL,Renault,+1 Lap,1,22684.0,22684.0,46.0
979,825,210,15,13,0.0,69,11,2017,11,Hungarian Grand Prix,2017-07-30,Kevin,Magnussen,MAG,Haas F1 Team,+1 Lap,1,22684.0,22684.0,31.0
979,840,3,17,14,0.0,69,11,2017,11,Hungarian Grand Prix,2017-07-30,Lance,Stroll,STR,Williams,+1 Lap,1,21804.0,21804.0,29.0
979,836,15,18,15,0.0,68,12,2017,11,Hungarian Grand Prix,2017-07-30,Pascal,Wehrlein,WEH,Sauber,+2 Laps,2,47211.0,23605.5,3.0
979,828,15,20,16,0.0,68,12,2017,11,Hungarian Grand Prix,2017-07-30,Marcus,Ericsson,ERI,Sauber,+2 Laps,2,49276.0,24638.0,1.0
979,807,4,12,17,0.0,67,23,2017,11,Hungarian Grand Prix,2017-07-30,Nico,Hülkenberg,HUL,Renault,Brakes,1,31860.0,31860.0,45.0
979,814,3,19,18,0.0,60,44,2017,11,Hungarian Grand Prix,2017-07-30,Paul,di Resta,DIR,Williams,Oil leak,1,22399.0,22399.0,34.0
979,154,210,14,19,0.0,20,61,2017,11,Hungarian Grand Prix,2017-07-30,Romain,Grosjean,GRO,Haas F1 Team,Wheel nut,1,22638.0,22638.0,20.0
979,817,9,6,20,0.0,0,4,2017,11,Hungarian Grand Prix,2017-07-30,Daniel,Ricciardo,RIC,Red Bull,Collision,0,,,
980,1,131,1,1,25.0,44,1,2017,12,Belgian Grand Prix,2017-08-27,Lewis,Hamilton,HAM,Mercedes,Finished,2,44394.0,22197.0,12.0
980,20,6,2,2,18.0,44,1,2017,12,Belgian Grand Prix,2017-08-27,Sebastian,Vettel,VET,Ferrari,Finished,2,48093.0,24046.5,14.0
980,817,9,6,3,15.0,44,1,2017,12,Belgian Grand Prix,2017-08-27,Daniel,Ricciardo,RIC,Red Bull,Finished,2,46080.0,23040.0,14.0
980,8,6,4,4,12.0,44,1,2017,12,Belgian Grand Prix,2017-08-27,Kimi,Räikkönen,RAI,Ferrari,Finished,3,75869.0,25289.666666666668,15.0
980,822,131,3,5,10.0,44,1,2017,12,Belgian Grand Prix,2017-08-27,Valtteri,Bottas,BOT,Mercedes,Finished,2,45882.0,22941.0,13.0
980,807,4,7,6,8.0,44,1,2017,12,Belgian Grand Prix,2017-08-27,Nico,Hülkenberg,HUL,Renault,Finished,2,47046.0,23523.0,11.0
980,154,210,11,7,6.0,44,1,2017,12,Belgian Grand Prix,2017-08-27,Romain,Grosjean,GRO,Haas F1 Team,Finished,2,45681.0,22840.5,10.0
980,13,3,16,8,4.0,44,1,2017,12,Belgian Grand Prix,2017-08-27,Felipe,Massa,MAS,Williams,Finished,2,45759.0,22879.5,11.0
980,839,10,9,9,2.0,44,1,2017,12,Belgian Grand Prix,2017-08-27,Esteban,Ocon,OCO,Force India,Finished,3,76210.0,25403.333333333332,10.0
980,832,5,13,10,1.0,44,1,2017,12,Belgian Grand Prix,2017-08-27,Carlos,Sainz,SAI,Toro Rosso,Finished,2,48465.0,24232.5,19.0
980,840,3,15,11,0.0,44,1,2017,12,Belgian Grand Prix,2017-08-27,Lance,Stroll,STR,Williams,Finished,2,47806.0,23903.0,9.0
980,826,5,19,12,0.0,44,1,2017,12,Belgian Grand Prix,2017-08-27,Daniil,Kvyat,KVY,Toro Rosso,Finished,2,45785.0,22892.5,18.0
980,835,4,14,13,0.0,44,1,2017,12,Belgian Grand Prix,2017-08-27,Jolyon,Palmer,PAL,Renault,Finished,2,50876.0,25438.0,8.0
980,838,1,20,14,0.0,44,1,2017,12,Belgian Grand Prix,2017-08-27,Stoffel,Vandoorne,VAN,McLaren,Finished,2,53081.0,26540.5,18.0
980,825,210,12,15,0.0,44,1,2017,12,Belgian Grand Prix,2017-08-27,Kevin,Magnussen,MAG,Haas F1 Team,Finished,3,69473.0,23157.666666666668,9.0
980,828,15,17,16,0.0,44,1,2017,12,Belgian Grand Prix,2017-08-27,Marcus,Ericsson,ERI,Sauber,Finished,3,71012.0,23670.666666666668,8.0
980,815,10,8,17,0.0,42,6,2017,12,Belgian Grand Prix,2017-08-27,Sergio,Pérez,PER,Force India,Gearbox,3,78457.0,26152.333333333332,12.0
980,4,1,10,18,0.0,25,5,2017,12,Belgian Grand Prix,2017-08-27,Fernando,Alonso,ALO,McLaren,Engine,1,24158.0,24158.0,10.0
980,830,9,5,19,0.0,7,5,2017,12,Belgian Grand Prix,2017-08-27,Max,Verstappen,VER,Red Bull,Engine,0,,,
980,836,15,18,20,0.0,2,4,2017,12,Belgian Grand Prix,2017-08-27,Pascal,Wehrlein,WEH,Sauber,Collision,0,,,
981,1,131,1,1,25.0,53,1,2017,13,Italian Grand Prix,2017-09-03,Lewis,Hamilton,HAM,Mercedes,Finished,1,23725.0,23725.0,32.0
981,822,131,4,2,18.0,53,1,2017,13,Italian Grand Prix,2017-09-03,Valtteri,Bottas,BOT,Mercedes,Finished,1,23728.0,23728.0,33.0
981,20,6,6,3,15.0,53,1,2017,13,Italian Grand Prix,2017-09-03,Sebastian,Vettel,VET,Ferrari,Finished,1,24307.0,24307.0,31.0
981,817,9,16,4,12.0,53,1,2017,13,Italian Grand Prix,2017-09-03,Daniel,Ricciardo,RIC,Red Bull,Finished,1,23951.0,23951.0,37.0
981,8,6,5,5,10.0,53,1,2017,13,Italian Grand Prix,2017-09-03,Kimi,Räikkönen,RAI,Ferrari,Finished,1,25367.0,25367.0,15.0
981,839,10,3,6,8.0,53,1,2017,13,Italian Grand Prix,2017-09-03,Esteban,Ocon,OCO,Force India,Finished,1,24432.0,24432.0,16.0
981,840,3,2,7,6.0,53,1,2017,13,Italian Grand Prix,2017-09-03,Lance,Stroll,STR,Williams,Finished,1,26131.0,26131.0,17.0
981,13,3,7,8,4.0,53,1,2017,13,Italian Grand Prix,2017-09-03,Felipe,Massa,MAS,Williams,Finished,1,25078.0,25078.0,21.0
981,815,10,10,9,2.0,53,1,2017,13,Italian Grand Prix,2017-09-03,Sergio,Pérez,PER,Force India,Finished,1,25377.0,25377.0,32.0
981,830,9,13,10,1.0,52,11,2017,13,Italian Grand Prix,2017-09-03,Max,Verstappen,VER,Red Bull,+1 Lap,2,64061.0,32030.5,3.0
981,825,210,9,11,0.0,52,11,2017,13,Italian Grand Prix,2017-09-03,Kevin,Magnussen,MAG,Haas F1 Team,+1 Lap,1,24384.0,24384.0,11.0
981,826,5,8,12,0.0,52,11,2017,13,Italian Grand Prix,2017-09-03,Daniil,Kvyat,KVY,Toro Rosso,+1 Lap,1,25826.0,25826.0,19.0
981,807,4,14,13,0.0,52,11,2017,13,Italian Grand Prix,2017-09-03,Nico,Hülkenberg,HUL,Renault,+1 Lap,1,24418.0,24418.0,9.0
981,832,5,15,14,0.0,52,11,2017,13,Italian Grand Prix,2017-09-03,Carlos,Sainz,SAI,Toro Rosso,+1 Lap,1,24865.0,24865.0,13.0
981,154,210,20,15,0.0,52,11,2017,13,Italian Grand Prix,2017-09-03,Romain,Grosjean,GRO,Haas F1 Team,+1 Lap,2,57740.0,28870.0,3.0
981,836,15,12,16,0.0,51,12,2017,13,Italian Grand Prix,2017-09-03,Pascal,Wehrlein,WEH,Sauber,+2 Laps,1,25212.0,25212.0,20.0
981,4,1,19,17,0.0,50,6,2017,13,Italian Grand Prix,2017-09-03,Fernando,Alonso,ALO,McLaren,Gearbox,1,24442.0,24442.0,30.0
981,828,15,11,18,0.0,49,6,2017,13,Italian Grand Prix,2017-09-03,Marcus,Ericsson,ERI,Sauber,Gearbox,1,25310.0,25310.0,18.0
981,838,1,18,19,0.0,33,5,2017,13,Italian Grand Prix,2017-09-03,Stoffel,Vandoorne,VAN,McLaren,Engine,0,,,
981,835,4,17,20,0.0,29,5,2017,13,Italian Grand Prix,2017-09-03,Jolyon,Palmer,PAL,Renault,Engine,1,31008.0,31008.0,25.0
982,1,131,5,1,25.0,58,1,2017,14,Singapore Grand Prix,2017-09-17,Lewis,Hamilton,HAM,Mercedes,Finished,4,107613.0,26903.25,1.0
982,817,9,3,2,18.0,58,1,2017,14,Singapore Grand Prix,2017-09-17,Daniel,Ricciardo,RIC,Red Bull,Finished,5,138277.0,27655.4,1.0
982,822,131,6,3,15.0,58,1,2017,14,Singapore Grand Prix,2017-09-17,Valtteri,Bottas,BOT,Mercedes,Finished,4,110332.0,27583.0,1.0
982,832,5,10,4,12.0,58,1,2017,14,Singapore Grand Prix,2017-09-17,Carlos,Sainz,SAI,Toro Rosso,Finished,4,115590.0,28897.5,1.0
982,815,10,12,5,10.0,58,1,2017,14,Singapore Grand Prix,2017-09-17,Sergio,Pérez,PER,Force India,Finished,5,140626.0,28125.2,1.0
982,835,4,11,6,8.0,58,1,2017,14,Singapore Grand Prix,2017-09-17,Jolyon,Palmer,PAL,Renault,Finished,5,142157.0,28431.4,1.0
982,838,1,9,7,6.0,58,1,2017,14,Singapore Grand Prix,2017-09-17,Stoffel,Vandoorne,VAN,McLaren,Finished,5,149174.0,29834.8,1.0
982,840,3,18,8,4.0,58,1,2017,14,Singapore Grand Prix,2017-09-17,Lance,Stroll,STR,Williams,Finished,4,121693.0,30423.25,1.0
982,154,210,15,9,2.0,58,1,2017,14,Singapore Grand Prix,2017-09-17,Romain,Grosjean,GRO,Haas F1 Team,Finished,4,126052.0,31513.0,1.0
982,839,10,14,10,1.0,58,1,2017,14,Singapore Grand Prix,2017-09-17,Esteban,Ocon,OCO,Force India,Finished,6,172632.0,28772.0,1.0
982,13,3,17,11,0.0,58,1,2017,14,Singapore Grand Prix,2017-09-17,Felipe,Massa,MAS,Williams,Finished,6,184389.0,30731.5,1.0
982,836,15,19,12,0.0,56,12,2017,14,Singapore Grand Prix,2017-09-17,Pascal,Wehrlein,WEH,Sauber,+2 Laps,6,209772.0,34962.0,1.0
982,825,210,16,13,0.0,50,5,2017,14,Singapore Grand Prix,2017-09-17,Kevin,Magnussen,MAG,Haas F1 Team,Engine,6,175128.0,29188.0,1.0
982,807,4,7,14,0.0,48,5,2017,14,Singapore Grand Prix,2017-09-17,Nico,Hülkenberg,HUL,Renault,Engine,6,210176.0,35029.333333333336,1.0
982,828,15,20,15,0.0,35,3,2017,14,Singapore Grand Prix,2017-09-17,Marcus,Ericsson,ERI,Sauber,Accident,6,219000.0,36500.0,1.0
982,826,5,13,16,0.0,10,3,2017,14,Singapore Grand Prix,2017-09-17,Daniil,Kvyat,KVY,Toro Rosso,Accident,3,85095.0,28365.0,1.0
982,4,1,8,17,0.0,8,130,2017,14,Singapore Grand Prix,2017-09-17,Fernando,Alonso,ALO,McLaren,Collision damage,3,91832.0,30610.666666666668,1.0
982,20,6,1,18,0.0,0,3,2017,14,Singapore Grand Prix,2017-09-17,Sebastian,Vettel,VET,Ferrari,Accident,0,,,
982,830,9,2,19,0.0,0,3,2017,14,Singapore Grand Prix,2017-09-17,Max,Verstappen,VER,Red Bull,Accident,0,,,
982,8,6,4,20,0.0,0,3,2017,14,Singapore Grand Prix,2017-09-17,Kimi,Räikkönen,RAI,Ferrari,Accident,0,,,
983,830,9,3,1,25.0,56,1,2017,15,Malaysian Grand Prix,2017-10-01,Max,Verstappen,VER,Red Bull,Finished,1,23652.0,23652.0,27.0
983,1,131,1,2,18.0,56,1,2017,15,Malaysian Grand Prix,2017-10-01,Lewis,Hamilton,HAM,Mercedes,Finished,1,23489.0,23489.0,26.0
983,817,9,4,3,15.0,56,1,2017,15,Malaysian Grand Prix,2017-10-01,Daniel,Ricciardo,RIC,Red Bull,Finished,1,24199.0,24199.0,29.0
983,20,6,20,4,12.0,56,1,2017,15,Malaysian Grand Prix,2017-10-01,Sebastian,Vettel,VET,Ferrari,Finished,1,23695.0,23695.0,27.0
983,822,131,5,5,10.0,56,1,2017,15,Malaysian Grand Prix,2017-10-01,Valtteri,Bottas,BOT,Mercedes,Finished,1,23676.0,23676.0,28.0
983,815,10,9,6,8.0,56,1,2017,15,Malaysian Grand Prix,2017-10-01,Sergio,Pérez,PER,Force India,Finished,1,24314.0,24314.0,30.0
983,838,1,7,7,6.0,55,11,2017,15,Malaysian Grand Prix,2017-10-01,Stoffel,Vandoorne,VAN,McLaren,+1 Lap,1,24580.0,24580.0,13.0
983,840,3,13,8,4.0,55,11,2017,15,Malaysian Grand Prix,2017-10-01,Lance,Stroll,STR,Williams,+1 Lap,1,24109.0,24109.0,12.0
983,13,3,11,9,2.0,55,11,2017,15,Malaysian Grand Prix,2017-10-01,Felipe,Massa,MAS,Williams,+1 Lap,1,23791.0,23791.0,11.0
983,839,10,6,10,1.0,55,11,2017,15,Malaysian Grand Prix,2017-10-01,Esteban,Ocon,OCO,Force India,+1 Lap,1,24456.0,24456.0,2.0
983,4,1,10,11,0.0,55,11,2017,15,Malaysian Grand Prix,2017-10-01,Fernando,Alonso,ALO,McLaren,+1 Lap,1,25798.0,25798.0,26.0
983,825,210,17,12,0.0,55,11,2017,15,Malaysian Grand Prix,2017-10-01,Kevin,Magnussen,MAG,Haas F1 Team,+1 Lap,1,23766.0,23766.0,10.0
983,154,210,16,13,0.0,55,11,2017,15,Malaysian Grand Prix,2017-10-01,Romain,Grosjean,GRO,Haas F1 Team,+1 Lap,2,49331.0,24665.5,11.0
983,842,5,15,14,0.0,55,11,2017,15,Malaysian Grand Prix,2017-10-01,Pierre,Gasly,GAS,Toro Rosso,+1 Lap,1,25044.0,25044.0,12.0
983,835,4,12,15,0.0,55,11,2017,15,Malaysian Grand Prix,2017-10-01,Jolyon,Palmer,PAL,Renault,+1 Lap,1,25558.0,25558.0,13.0
983,807,4,8,16,0.0,55,11,2017,15,Malaysian Grand Prix,2017-10-01,Nico,Hülkenberg,HUL,Renault,+1 Lap,2,50586.0,25293.0,9.0
983,836,15,18,17,0.0,55,11,2017,15,Malaysian Grand Prix,2017-10-01,Pascal,Wehrlein,WEH,Sauber,+1 Lap,1,25060.0,25060.0,37.0
983,828,15,19,18,0.0,54,12,2017,15,Malaysian Grand Prix,2017-10-01,Marcus,Ericsson,ERI,Sauber,+2 Laps,1,24719.0,24719.0,38.0
983,832,5,14,19,0.0,29,5,2017,15,Malaysian Grand Prix,2017-10-01,Carlos,Sainz,SAI,Toro Rosso,Engine,0,,,
983,8,6,0,20,0.0,0,84,2017,15,Malaysian Grand Prix,2017-10-01,Kimi,Räikkönen,RAI,Ferrari,Battery,0,,,
984,1,131,1,1,25.0,53,1,2017,16,Japanese Grand Prix,2017-10-08,Lewis,Hamilton,HAM,Mercedes,Finished,1,22724.0,22724.0,22.0
984,830,9,4,2,18.0,53,1,2017,16,Japanese Grand Prix,2017-10-08,Max,Verstappen,VER,Red Bull,Finished,1,22620.0,22620.0,21.0
984,817,9,3,3,15.0,53,1,2017,16,Japanese Grand Prix,2017-10-08,Daniel,Ricciardo,RIC,Red Bull,Finished,1,23796.0,23796.0,25.0
984,822,131,6,4,12.0,53,1,2017,16,Japanese Grand Prix,2017-10-08,Valtteri,Bottas,BOT,Mercedes,Finished,1,22876.0,22876.0,30.0
984,8,6,10,5,10.0,53,1,2017,16,Japanese Grand Prix,2017-10-08,Kimi,Räikkönen,RAI,Ferrari,Finished,1,23699.0,23699.0,28.0
984,839,10,5,6,8.0,53,1,2017,16,Japanese Grand Prix,2017-10-08,Esteban,Ocon,OCO,Force India,Finished,1,24078.0,24078.0,20.0
984,815,10,7,7,6.0,53,1,2017,16,Japanese Grand Prix,2017-10-08,Sergio,Pérez,PER,Force India,Finished,1,23634.0,23634.0,21.0
984,825,210,12,8,4.0,53,1,2017,16,Japanese Grand Prix,2017-10-08,Kevin,Magnussen,MAG,Haas F1 Team,Finished,1,23065.0,23065.0,19.0
984,154,210,13,9,2.0,53,1,2017,16,Japanese Grand Prix,2017-10-08,Romain,Grosjean,GRO,Haas F1 Team,Finished,1,22781.0,22781.0,23.0
984,13,3,8,10,1.0,52,11,2017,16,Japanese Grand Prix,2017-10-08,Felipe,Massa,MAS,Williams,+1 Lap,1,22956.0,22956.0,17.0
984,4,1,20,11,0.0,52,11,2017,16,Japanese Grand Prix,2017-10-08,Fernando,Alonso,ALO,McLaren,+1 Lap,1,24636.0,24636.0,25.0
984,835,4,18,12,0.0,52,11,2017,16,Japanese Grand Prix,2017-10-08,Jolyon,Palmer,PAL,Renault,+1 Lap,1,25618.0,25618.0,39.0
984,842,5,14,13,0.0,52,11,2017,16,Japanese Grand Prix,2017-10-08,Pierre,Gasly,GAS,Toro Rosso,+1 Lap,2,47757.0,23878.5,22.0
984,838,1,9,14,0.0,52,11,2017,16,Japanese Grand Prix,2017-10-08,Stoffel,Vandoorne,VAN,McLaren,+1 Lap,2,46829.0,23414.5,9.0
984,836,15,17,15,0.0,51,12,2017,16,Japanese Grand Prix,2017-10-08,Pascal,Wehrlein,WEH,Sauber,+2 Laps,3,74294.0,24764.666666666668,2.0
984,840,3,15,16,0.0,45,36,2017,16,Japanese Grand Prix,2017-10-08,Lance,Stroll,STR,Williams,Wheel,2,46211.0,23105.5,4.0
984,807,4,11,17,0.0,40,33,2017,16,Japanese Grand Prix,2017-10-08,Nico,Hülkenberg,HUL,Renault,Front wing,1,23199.0,23199.0,38.0
984,828,15,16,18,0.0,7,3,2017,16,Japanese Grand Prix,2017-10-08,Marcus,Ericsson,ERI,Sauber,Accident,0,,,
984,20,6,2,19,0.0,4,105,2017,16,Japanese Grand Prix,2017-10-08,Sebastian,Vettel,VET,Ferrari,Spark plugs,0,,,
984,832,5,19,20,0.0,0,3,2017,16,Japanese Grand Prix,2017-10-08,Carlos,Sainz,SAI,Toro Rosso,Accident,0,,,
985,1,131,1,1,25.0,56,1,2017,17,United States Grand Prix,2017-10-22,Lewis,Hamilton,HAM,Mercedes,Finished,1,23402.0,23402.0,19.0
985,20,6,2,2,18.0,56,1,2017,17,United States Grand Prix,2017-10-22,Sebastian,Vettel,VET,Ferrari,Finished,2,47920.0,23960.0,16.0
985,8,6,5,3,15.0,56,1,2017,17,United States Grand Prix,2017-10-22,Kimi,Räikkönen,RAI,Ferrari,Finished,1,23575.0,23575.0,20.0
985,830,9,16,4,12.0,56,1,2017,17,United States Grand Prix,2017-10-22,Max,Verstappen,VER,Red Bull,Finished,2,47748.0,23874.0,24.0
985,822,131,3,5,10.0,56,1,2017,17,United States Grand Prix,2017-10-22,Valtteri,Bottas,BOT,Mercedes,Finished,2,46713.0,23356.5,18.0
985,839,10,6,6,8.0,56,1,2017,17,United States Grand Prix,2017-10-22,Esteban,Ocon,OCO,Force India,Finished,1,24502.0,24502.0,14.0
985,832,4,7,7,6.0,56,1,2017,17,United States Grand Prix,2017-10-22,Carlos,Sainz,SAI,Renault,Finished,1,24525.0,24525.0,19.0
985,815,10,9,8,4.0,55,11,2017,17,United States Grand Prix,2017-10-22,Sergio,Pérez,PER,Force India,+1 Lap,1,24326.0,24326.0,12.0
985,13,3,10,9,2.0,55,11,2017,17,United States Grand Prix,2017-10-22,Felipe,Massa,MAS,Williams,+1 Lap,1,23772.0,23772.0,29.0
985,826,5,11,10,1.0,55,11,2017,17,United States Grand Prix,2017-10-22,Daniil,Kvyat,KVY,Toro Rosso,+1 Lap,1,24883.0,24883.0,17.0
985,840,3,15,11,0.0,55,11,2017,17,United States Grand Prix,2017-10-22,Lance,Stroll,STR,Williams,+1 Lap,2,49446.0,24723.0,10.0
985,838,1,20,12,0.0,55,11,2017,17,United States Grand Prix,2017-10-22,Stoffel,Vandoorne,VAN,McLaren,+1 Lap,1,23578.0,23578.0,25.0
985,843,5,19,13,0.0,55,11,2017,17,United States Grand Prix,2017-10-22,Brendon,Hartley,HAR,Toro Rosso,+1 Lap,2,48629.0,24314.5,8.0
985,154,210,12,14,0.0,55,11,2017,17,United States Grand Prix,2017-10-22,Romain,Grosjean,GRO,Haas F1 Team,+1 Lap,1,24897.0,24897.0,16.0
985,828,15,13,15,0.0,55,11,2017,17,United States Grand Prix,2017-10-22,Marcus,Ericsson,ERI,Sauber,+1 Lap,1,25841.0,25841.0,21.0
985,825,210,17,16,0.0,55,11,2017,17,United States Grand Prix,2017-10-22,Kevin,Magnussen,MAG,Haas F1 Team,+1 Lap,2,50380.0,25190.0,1.0
985,4,1,8,17,0.0,24,5,2017,17,United States Grand Prix,2017-10-22,Fernando,Alonso,ALO,McLaren,Engine,1,23796.0,23796.0,14.0
985,817,9,4,18,0.0,14,5,2017,17,United States Grand Prix,2017-10-22,Daniel,Ricciardo,RIC,Red Bull,Engine,1,23604.0,23604.0,12.0
985,836,15,14,19,0.0,5,4,2017,17,United States Grand Prix,2017-10-22,Pascal,Wehrlein,WEH,Sauber,Collision,1,31334.0,31334.0,3.0
985,807,4,18,20,0.0,3,5,2017,17,United States Grand Prix,2017-10-22,Nico,Hülkenberg,HUL,Renault,Engine,0,,,
986,830,9,2,1,25.0,71,1,2017,18,Mexican Grand Prix,2017-10-29,Max,Verstappen,VER,Red Bull,Finished,1,22570.0,22570.0,32.0
986,822,131,4,2,18.0,71,1,2017,18,Mexican Grand Prix,2017-10-29,Valtteri,Bottas,BOT,Mercedes,Finished,1,21758.0,21758.0,32.0
986,8,6,5,3,15.0,71,1,2017,18,Mexican Grand Prix,2017-10-29,Kimi,Räikkönen,RAI,Ferrari,Finished,1,22540.0,22540.0,32.0
986,20,6,1,4,12.0,71,1,2017,18,Mexican Grand Prix,2017-10-29,Sebastian,Vettel,VET,Ferrari,Finished,2,54416.0,27208.0,1.0
986,839,10,6,5,10.0,70,11,2017,18,Mexican Grand Prix,2017-10-29,Esteban,Ocon,OCO,Force India,+1 Lap,1,22665.0,22665.0,20.0
986,840,3,11,6,8.0,70,11,2017,18,Mexican Grand Prix,2017-10-29,Lance,Stroll,STR,Williams,+1 Lap,1,21825.0,21825.0,32.0
986,815,10,9,7,6.0,70,11,2017,18,Mexican Grand Prix,2017-10-29,Sergio,Pérez,PER,Force India,+1 Lap,2,45431.0,22715.5,18.0
986,825,210,14,8,4.0,70,11,2017,18,Mexican Grand Prix,2017-10-29,Kevin,Magnussen,MAG,Haas F1 Team,+1 Lap,1,22507.0,22507.0,31.0
986,1,131,3,9,2.0,70,11,2017,18,Mexican Grand Prix,2017-10-29,Lewis,Hamilton,HAM,Mercedes,+1 Lap,2,52598.0,26299.0,1.0
986,4,1,18,10,1.0,70,11,2017,18,Mexican Grand Prix,2017-10-29,Fernando,Alonso,ALO,McLaren,+1 Lap,1,22655.0,22655.0,32.0
986,13,3,10,11,0.0,70,11,2017,18,Mexican Grand Prix,2017-10-29,Felipe,Massa,MAS,Williams,+1 Lap,1,22055.0,22055.0,3.0
986,838,1,19,12,0.0,70,11,2017,18,Mexican Grand Prix,2017-10-29,Stoffel,Vandoorne,VAN,McLaren,+1 Lap,1,28044.0,28044.0,31.0
986,842,5,20,13,0.0,70,11,2017,18,Mexican Grand Prix,2017-10-29,Pierre,Gasly,GAS,Toro Rosso,+1 Lap,1,22709.0,22709.0,31.0
986,836,15,13,14,0.0,69,12,2017,18,Mexican Grand Prix,2017-10-29,Pascal,Wehrlein,WEH,Sauber,+2 Laps,1,23358.0,23358.0,4.0
986,154,210,15,15,0.0,69,12,2017,18,Mexican Grand Prix,2017-10-29,Romain,Grosjean,GRO,Haas F1 Team,+2 Laps,2,51796.0,25898.0,31.0
986,832,4,8,16,0.0,59,5,2017,18,Mexican Grand Prix,2017-10-29,Carlos,Sainz,SAI,Renault,Engine,2,45887.0,22943.5,2.0
986,828,15,12,17,0.0,55,5,2017,18,Mexican Grand Prix,2017-10-29,Marcus,Ericsson,ERI,Sauber,Engine,1,22736.0,22736.0,28.0
986,843,5,17,18,0.0,30,5,2017,18,Mexican Grand Prix,2017-10-29,Brendon,Hartley,HAR,Toro Rosso,Engine,0,,,
986,807,4,7,19,0.0,24,10,2017,18,Mexican Grand Prix,2017-10-29,Nico,Hülkenberg,HUL,Renault,Electrical,1,22587.0,22587.0,19.0
986,817,9,16,20,0.0,5,5,2017,18,Mexican Grand Prix,2017-10-29,Daniel,Ricciardo,RIC,Red Bull,Engine,0,,,
987,20,6,2,1,25.0,71,1,2017,19,Brazilian Grand Prix,2017-11-12,Sebastian,Vettel,VET,Ferrari,Finished,4,77492.0,19373.0,1.0
987,822,131,1,2,18.0,71,1,2017,19,Brazilian Grand Prix,2017-11-12,Valtteri,Bottas,BOT,Mercedes,Finished,4,77392.0,19348.0,1.0
987,8,6,3,3,15.0,71,1,2017,19,Brazilian Grand Prix,2017-11-12,Kimi,Räikkönen,RAI,Ferrari,Finished,4,78920.0,19730.0,1.0
987,1,131,20,4,12.0,71,1,2017,19,Brazilian Grand Prix,2017-11-12,Lewis,Hamilton,HAM,Mercedes,Finished,4,80460.0,20115.0,1.0
987,830,9,4,5,10.0,71,1,2017,19,Brazilian Grand Prix,2017-11-12,Max,Verstappen,VER,Red Bull,Finished,5,100581.0,20116.2,1.0
987,817,9,14,6,8.0,71,1,2017,19,Brazilian Grand Prix,2017-11-12,Daniel,Ricciardo,RIC,Red Bull,Finished,4,85488.0,21372.0,1.0
987,13,3,9,7,6.0,71,1,2017,19,Brazilian Grand Prix,2017-11-12,Felipe,Massa,MAS,Williams,Finished,4,76994.0,19248.5,1.0
987,4,1,6,8,4.0,71,1,2017,19,Brazilian Grand Prix,2017-11-12,Fernando,Alonso,ALO,McLaren,Finished,4,77315.0,19328.75,1.0
987,815,10,5,9,2.0,71,1,2017,19,Brazilian Grand Prix,2017-11-12,Sergio,Pérez,PER,Force India,Finished,4,77473.0,19368.25,1.0
987,807,4,7,10,1.0,70,11,2017,19,Brazilian Grand Prix,2017-11-12,Nico,Hülkenberg,HUL,Renault,+1 Lap,4,79582.0,19895.5,1.0
987,832,4,8,11,0.0,70,11,2017,19,Brazilian Grand Prix,2017-11-12,Carlos,Sainz,SAI,Renault,+1 Lap,4,79709.0,19927.25,1.0
987,842,5,19,12,0.0,70,11,2017,19,Brazilian Grand Prix,2017-11-12,Pierre,Gasly,GAS,Toro Rosso,+1 Lap,4,80240.0,20060.0,1.0
987,828,15,17,13,0.0,70,11,2017,19,Brazilian Grand Prix,2017-11-12,Marcus,Ericsson,ERI,Sauber,+1 Lap,4,80819.0,20204.75,1.0
987,836,15,15,14,0.0,70,11,2017,19,Brazilian Grand Prix,2017-11-12,Pascal,Wehrlein,WEH,Sauber,+1 Lap,3,64363.0,21454.333333333332,1.0
987,154,210,11,15,0.0,69,12,2017,19,Brazilian Grand Prix,2017-11-12,Romain,Grosjean,GRO,Haas F1 Team,+2 Laps,4,97599.0,24399.75,1.0
987,840,3,16,16,0.0,69,12,2017,19,Brazilian Grand Prix,2017-11-12,Lance,Stroll,STR,Williams,+2 Laps,5,104583.0,20916.6,1.0
987,843,5,18,17,0.0,40,5,2017,19,Brazilian Grand Prix,2017-11-12,Brendon,Hartley,HAR,Toro Rosso,Engine,4,80943.0,20235.75,1.0
987,839,10,10,18,0.0,0,3,2017,19,Brazilian Grand Prix,2017-11-12,Esteban,Ocon,OCO,Force India,Accident,0,,,
987,838,1,12,19,0.0,0,3,2017,19,Brazilian Grand Prix,2017-11-12,Stoffel,Vandoorne,VAN,McLaren,Accident,0,,,
987,825,210,13,20,0.0,0,3,2017,19,Brazilian Grand Prix,2017-11-12,Kevin,Magnussen,MAG,Haas F1 Team,Accident,0,,,
988,822,131,1,1,25.0,55,1,2017,20,Abu Dhabi Grand Prix,2017-11-26,Valtteri,Bottas,BOT,Mercedes,Finished,1,21478.0,21478.0,21.0
988,1,131,2,2,18.0,55,1,2017,20,Abu Dhabi Grand Prix,2017-11-26,Lewis,Hamilton,HAM,Mercedes,Finished,1,21274.0,21274.0,24.0
988,20,6,3,3,15.0,55,1,2017,20,Abu Dhabi Grand Prix,2017-11-26,Sebastian,Vettel,VET,Ferrari,Finished,1,21221.0,21221.0,20.0
988,8,6,5,4,12.0,55,1,2017,20,Abu Dhabi Grand Prix,2017-11-26,Kimi,Räikkönen,RAI,Ferrari,Finished,1,21609.0,21609.0,15.0
988,830,9,6,5,10.0,55,1,2017,20,Abu Dhabi Grand Prix,2017-11-26,Max,Verstappen,VER,Red Bull,Finished,1,21269.0,21269.0,14.0
988,807,4,7,6,8.0,55,1,2017,20,Abu Dhabi Grand Prix,2017-11-26,Nico,Hülkenberg,HUL,Renault,Finished,1,29724.0,29724.0,17.0
988,815,10,8,7,6.0,55,1,2017,20,Abu Dhabi Grand Prix,2017-11-26,Sergio,Pérez,PER,Force India,Finished,1,21869.0,21869.0,16.0
988,839,10,9,8,4.0,55,1,2017,20,Abu Dhabi Grand Prix,2017-11-26,Esteban,Ocon,OCO,Force India,Finished,1,21865.0,21865.0,31.0
988,4,1,11,9,2.0,54,11,2017,20,Abu Dhabi Grand Prix,2017-11-26,Fernando,Alonso,ALO,McLaren,+1 Lap,1,22541.0,22541.0,21.0
988,13,3,10,10,1.0,54,11,2017,20,Abu Dhabi Grand Prix,2017-11-26,Felipe,Massa,MAS,Williams,+1 Lap,1,21449.0,21449.0,22.0
988,154,210,16,11,0.0,54,11,2017,20,Abu Dhabi Grand Prix,2017-11-26,Romain,Grosjean,GRO,Haas F1 Team,+1 Lap,1,21850.0,21850.0,32.0
988,838,1,13,12,0.0,54,11,2017,20,Abu Dhabi Grand Prix,2017-11-26,Stoffel,Vandoorne,VAN,McLaren,+1 Lap,1,22125.0,22125.0,12.0
988,825,210,14,13,0.0,54,11,2017,20,Abu Dhabi Grand Prix,2017-11-26,Kevin,Magnussen,MAG,Haas F1 Team,+1 Lap,1,21875.0,21875.0,22.0
988,836,15,18,14,0.0,54,11,2017,20,Abu Dhabi Grand Prix,2017-11-26,Pascal,Wehrlein,WEH,Sauber,+1 Lap,1,22959.0,22959.0,28.0
988,843,5,20,15,0.0,54,11,2017,20,Abu Dhabi Grand Prix,2017-11-26,Brendon,Hartley,HAR,Toro Rosso,+1 Lap,1,21598.0,21598.0,26.0
988,842,5,17,16,0.0,54,11,2017,20,Abu Dhabi Grand Prix,2017-11-26,Pierre,Gasly,GAS,Toro Rosso,+1 Lap,1,21519.0,21519.0,30.0
988,828,15,19,17,0.0,54,11,2017,20,Abu Dhabi Grand Prix,2017-11-26,Marcus,Ericsson,ERI,Sauber,+1 Lap,1,22176.0,22176.0,30.0
988,840,3,15,18,0.0,54,11,2017,20,Abu Dhabi Grand Prix,2017-11-26,Lance,Stroll,STR,Williams,+1 Lap,3,65064.0,21688.0,11.0
988,832,4,12,19,0.0,31,36,2017,20,Abu Dhabi Grand Prix,2017-11-26,Carlos,Sainz,SAI,Renault,Wheel,1,21956.0,21956.0,31.0
988,817,9,4,20,0.0,20,9,2017,20,Abu Dhabi Grand Prix,2017-11-26,Daniel,Ricciardo,RIC,Red Bull,Hydraulics,1,23477.0,23477.0,19.0
989,20,6,3,1,25.0,58,1,2018,1,Australian Grand Prix,2018-03-25,Sebastian,Vettel,VET,Ferrari,Finished,1,21787.0,21787.0,26.0
989,1,131,1,2,18.0,58,1,2018,1,Australian Grand Prix,2018-03-25,Lewis,Hamilton,HAM,Mercedes,Finished,1,21821.0,21821.0,19.0
989,8,6,2,3,15.0,58,1,2018,1,Australian Grand Prix,2018-03-25,Kimi,Räikkönen,RAI,Ferrari,Finished,1,21421.0,21421.0,18.0
989,817,9,8,4,12.0,58,1,2018,1,Australian Grand Prix,2018-03-25,Daniel,Ricciardo,RIC,Red Bull,Finished,1,21440.0,21440.0,26.0
989,4,1,10,5,10.0,58,1,2018,1,Australian Grand Prix,2018-03-25,Fernando,Alonso,ALO,McLaren,Finished,1,22573.0,22573.0,26.0
989,830,9,4,6,8.0,58,1,2018,1,Australian Grand Prix,2018-03-25,Max,Verstappen,VER,Red Bull,Finished,1,20953.0,20953.0,21.0
989,807,4,7,7,6.0,58,1,2018,1,Australian Grand Prix,2018-03-25,Nico,Hülkenberg,HUL,Renault,Finished,1,22628.0,22628.0,24.0
989,822,131,15,8,4.0,58,1,2018,1,Australian Grand Prix,2018-03-25,Valtteri,Bottas,BOT,Mercedes,Finished,1,21664.0,21664.0,25.0
989,838,1,11,9,2.0,58,1,2018,1,Australian Grand Prix,2018-03-25,Stoffel,Vandoorne,VAN,McLaren,Finished,1,22474.0,22474.0,25.0
989,832,4,9,10,1.0,58,1,2018,1,Australian Grand Prix,2018-03-25,Carlos,Sainz,SAI,Renault,Finished,1,23868.0,23868.0,22.0
989,815,10,12,11,0.0,58,1,2018,1,Australian Grand Prix,2018-03-25,Sergio,Pérez,PER,Force India,Finished,1,22327.0,22327.0,24.0
989,839,10,14,12,0.0,58,1,2018,1,Australian Grand Prix,2018-03-25,Esteban,Ocon,OCO,Force India,Finished,1,21854.0,21854.0,23.0
989,844,15,18,13,0.0,58,1,2018,1,Australian Grand Prix,2018-03-25,Charles,Leclerc,LEC,Sauber,Finished,2,45078.0,22539.0,20.0
989,840,3,13,14,0.0,58,1,2018,1,Australian Grand Prix,2018-03-25,Lance,Stroll,STR,Williams,Finished,2,46901.0,23450.5,25.0
989,843,5,16,15,0.0,57,11,2018,1,Australian Grand Prix,2018-03-25,Brendon,Hartley,HAR,Toro Rosso,+1 Lap,2,44509.0,22254.5,1.0
989,154,210,6,16,0.0,24,36,2018,1,Australian Grand Prix,2018-03-25,Romain,Grosjean,GRO,Haas F1 Team,Wheel,1,23054.0,23054.0,24.0
989,825,210,5,17,0.0,22,36,2018,1,Australian Grand Prix,2018-03-25,Kevin,Magnussen,MAG,Haas F1 Team,Wheel,1,21983.0,21983.0,22.0
989,842,5,20,18,0.0,13,5,2018,1,Australian Grand Prix,2018-03-25,Pierre,Gasly,GAS,Toro Rosso,Engine,0,,,
989,828,15,17,19,0.0,5,38,2018,1,Australian Grand Prix,2018-03-25,Marcus,Ericsson,ERI,Sauber,Steering,0,,,
989,845,3,19,20,0.0,4,23,2018,1,Australian Grand Prix,2018-03-25,Sergey,Sirotkin,SIR,Williams,Brakes,0,,,
990,20,6,1,1,25.0,57,1,2018,2,Bahrain Grand Prix,2018-04-08,Sebastian,Vettel,VET,Ferrari,Finished,1,24524.0,24524.0,18.0
990,822,131,3,2,18.0,57,1,2018,2,Bahrain Grand Prix,2018-04-08,Valtteri,Bottas,BOT,Mercedes,Finished,1,26105.0,26105.0,20.0
990,1,131,9,3,15.0,57,1,2018,2,Bahrain Grand Prix,2018-04-08,Lewis,Hamilton,HAM,Mercedes,Finished,1,24302.0,24302.0,26.0
990,842,5,5,4,12.0,57,1,2018,2,Bahrain Grand Prix,2018-04-08,Pierre,Gasly,GAS,Toro Rosso,Finished,2,49792.0,24896.0,15.0
990,825,210,6,5,10.0,57,1,2018,2,Bahrain Grand Prix,2018-04-08,Kevin,Magnussen,MAG,Haas F1 Team,Finished,2,49735.0,24867.5,13.0
990,807,4,7,6,8.0,57,1,2018,2,Bahrain Grand Prix,2018-04-08,Nico,Hülkenberg,HUL,Renault,Finished,2,48836.0,24418.0,15.0
990,4,1,13,7,6.0,56,11,2018,2,Bahrain Grand Prix,2018-04-08,Fernando,Alonso,ALO,McLaren,+1 Lap,2,49574.0,24787.0,14.0
990,838,1,14,8,4.0,56,11,2018,2,Bahrain Grand Prix,2018-04-08,Stoffel,Vandoorne,VAN,McLaren,+1 Lap,2,50212.0,25106.0,10.0
990,828,15,17,9,2.0,56,11,2018,2,Bahrain Grand Prix,2018-04-08,Marcus,Ericsson,ERI,Sauber,+1 Lap,1,25194.0,25194.0,23.0
990,839,10,8,10,1.0,56,11,2018,2,Bahrain Grand Prix,2018-04-08,Esteban,Ocon,OCO,Force India,+1 Lap,2,49315.0,24657.5,15.0
990,832,4,10,11,0.0,56,11,2018,2,Bahrain Grand Prix,2018-04-08,Carlos,Sainz,SAI,Renault,+1 Lap,2,51075.0,25537.5,16.0
990,844,15,19,12,0.0,56,11,2018,2,Bahrain Grand Prix,2018-04-08,Charles,Leclerc,LEC,Sauber,+1 Lap,2,50702.0,25351.0,3.0
990,154,210,16,13,0.0,56,11,2018,2,Bahrain Grand Prix,2018-04-08,Romain,Grosjean,GRO,Haas F1 Team,+1 Lap,3,76801.0,25600.333333333332,18.0
990,840,3,20,14,0.0,56,11,2018,2,Bahrain Grand Prix,2018-04-08,Lance,Stroll,STR,Williams,+1 Lap,2,58250.0,29125.0,10.0
990,845,3,18,15,0.0,56,11,2018,2,Bahrain Grand Prix,2018-04-08,Sergey,Sirotkin,SIR,Williams,+1 Lap,2,50365.0,25182.5,22.0
990,815,10,12,16,0.0,56,11,2018,2,Bahrain Grand Prix,2018-04-08,Sergio,Pérez,PER,Force India,+1 Lap,2,49669.0,24834.5,9.0
990,843,5,11,17,0.0,56,11,2018,2,Bahrain Grand Prix,2018-04-08,Brendon,Hartley,HAR,Toro Rosso,+1 Lap,2,61599.0,30799.5,20.0
990,8,6,2,18,0.0,35,36,2018,2,Bahrain Grand Prix,2018-04-08,Kimi,Räikkönen,RAI,Ferrari,Wheel,1,25018.0,25018.0,19.0
990,830,9,15,19,0.0,3,29,2018,2,Bahrain Grand Prix,2018-04-08,Max,Verstappen,VER,Red Bull,Puncture,1,30381.0,30381.0,2.0
990,817,9,4,20,0.0,1,10,2018,2,Bahrain Grand Prix,2018-04-08,Daniel,Ricciardo,RIC,Red Bull,Electrical,0,,,
991,817,9,6,1,25.0,56,1,2018,3,Chinese Grand Prix,2018-04-15,Daniel,Ricciardo,RIC,Red Bull,Finished,2,45733.0,22866.5,17.0
991,822,131,3,2,18.0,56,1,2018,3,Chinese Grand Prix,2018-04-15,Valtteri,Bottas,BOT,Mercedes,Finished,1,22097.0,22097.0,19.0
991,8,6,2,3,15.0,56,1,2018,3,Chinese Grand Prix,2018-04-15,Kimi,Räikkönen,RAI,Ferrari,Finished,1,22913.0,22913.0,27.0
991,1,131,4,4,12.0,56,1,2018,3,Chinese Grand Prix,2018-04-15,Lewis,Hamilton,HAM,Mercedes,Finished,1,22464.0,22464.0,18.0
991,830,9,5,5,10.0,56,1,2018,3,Chinese Grand Prix,2018-04-15,Max,Verstappen,VER,Red Bull,Finished,2,45311.0,22655.5,17.0
991,807,4,7,6,8.0,56,1,2018,3,Chinese Grand Prix,2018-04-15,Nico,Hülkenberg,HUL,Renault,Finished,2,46951.0,23475.5,13.0
991,4,1,13,7,6.0,56,1,2018,3,Chinese Grand Prix,2018-04-15,Fernando,Alonso,ALO,McLaren,Finished,1,24110.0,24110.0,29.0
991,20,6,1,8,4.0,56,1,2018,3,Chinese Grand Prix,2018-04-15,Sebastian,Vettel,VET,Ferrari,Finished,1,23009.0,23009.0,20.0
991,832,4,9,9,2.0,56,1,2018,3,Chinese Grand Prix,2018-04-15,Carlos,Sainz,SAI,Renault,Finished,2,47052.0,23526.0,12.0
991,825,210,11,10,1.0,56,1,2018,3,Chinese Grand Prix,2018-04-15,Kevin,Magnussen,MAG,Haas F1 Team,Finished,1,22973.0,22973.0,24.0
991,839,10,12,11,0.0,56,1,2018,3,Chinese Grand Prix,2018-04-15,Esteban,Ocon,OCO,Force India,Finished,2,45918.0,22959.0,11.0
991,815,10,8,12,0.0,56,1,2018,3,Chinese Grand Prix,2018-04-15,Sergio,Pérez,PER,Force India,Finished,2,45190.0,22595.0,12.0
991,838,1,14,13,0.0,56,1,2018,3,Chinese Grand Prix,2018-04-15,Stoffel,Vandoorne,VAN,McLaren,Finished,1,23730.0,23730.0,22.0
991,840,3,18,14,0.0,56,1,2018,3,Chinese Grand Prix,2018-04-15,Lance,Stroll,STR,Williams,Finished,1,22661.0,22661.0,23.0
991,845,3,16,15,0.0,56,1,2018,3,Chinese Grand Prix,2018-04-15,Sergey,Sirotkin,SIR,Williams,Finished,2,46439.0,23219.5,28.0
991,828,15,20,16,0.0,56,1,2018,3,Chinese Grand Prix,2018-04-15,Marcus,Ericsson,ERI,Sauber,Finished,1,22785.0,22785.0,29.0
991,154,210,10,17,0.0,56,1,2018,3,Chinese Grand Prix,2018-04-15,Romain,Grosjean,GRO,Haas F1 Team,Finished,2,46716.0,23358.0,16.0
991,842,5,17,18,0.0,56,1,2018,3,Chinese Grand Prix,2018-04-15,Pierre,Gasly,GAS,Toro Rosso,Finished,2,58600.0,29300.0,20.0
991,844,15,19,19,0.0,56,1,2018,3,Chinese Grand Prix,2018-04-15,Charles,Leclerc,LEC,Sauber,Finished,1,23392.0,23392.0,21.0
991,843,5,15,20,0.0,51,130,2018,3,Chinese Grand Prix,2018-04-15,Brendon,Hartley,HAR,Toro Rosso,Collision damage,2,47242.0,23621.0,10.0
992,1,131,2,1,25.0,51,1,2018,4,Azerbaijan Grand Prix,2018-04-29,Lewis,Hamilton,HAM,Mercedes,Finished,2,41706.0,20853.0,22.0
992,8,6,6,2,18.0,51,1,2018,4,Azerbaijan Grand Prix,2018-04-29,Kimi,Räikkönen,RAI,Ferrari,Finished,2,51161.0,25580.5,1.0
992,815,10,8,3,15.0,51,1,2018,4,Azerbaijan Grand Prix,2018-04-29,Sergio,Pérez,PER,Force India,Finished,2,54283.0,27141.5,2.0
992,20,6,1,4,12.0,51,1,2018,4,Azerbaijan Grand Prix,2018-04-29,Sebastian,Vettel,VET,Ferrari,Finished,2,40860.0,20430.0,30.0
992,832,4,9,5,10.0,51,1,2018,4,Azerbaijan Grand Prix,2018-04-29,Carlos,Sainz,SAI,Renault,Finished,2,42483.0,21241.5,15.0
992,844,15,13,6,8.0,51,1,2018,4,Azerbaijan Grand Prix,2018-04-29,Charles,Leclerc,LEC,Sauber,Finished,2,43088.0,21544.0,24.0
992,4,1,12,7,6.0,51,1,2018,4,Azerbaijan Grand Prix,2018-04-29,Fernando,Alonso,ALO,McLaren,Finished,2,78081.0,39040.5,1.0
992,840,3,10,8,4.0,51,1,2018,4,Azerbaijan Grand Prix,2018-04-29,Lance,Stroll,STR,Williams,Finished,2,40973.0,20486.5,23.0
992,838,1,16,9,2.0,51,1,2018,4,Azerbaijan Grand Prix,2018-04-29,Stoffel,Vandoorne,VAN,McLaren,Finished,4,83728.0,20932.0,17.0
992,843,5,19,10,1.0,51,1,2018,4,Azerbaijan Grand Prix,2018-04-29,Brendon,Hartley,HAR,Toro Rosso,Finished,3,63257.0,21085.666666666668,1.0
992,828,15,18,11,0.0,51,1,2018,4,Azerbaijan Grand Prix,2018-04-29,Marcus,Ericsson,ERI,Sauber,Finished,4,117112.0,29278.0,1.0
992,842,5,17,12,0.0,51,1,2018,4,Azerbaijan Grand Prix,2018-04-29,Pierre,Gasly,GAS,Toro Rosso,Finished,2,42069.0,21034.5,12.0
992,825,210,15,13,0.0,51,1,2018,4,Azerbaijan Grand Prix,2018-04-29,Kevin,Magnussen,MAG,Haas F1 Team,Finished,2,57386.0,28693.0,1.0
992,822,131,3,14,0.0,48,29,2018,4,Azerbaijan Grand Prix,2018-04-29,Valtteri,Bottas,BOT,Mercedes,Puncture,1,20192.0,20192.0,40.0
992,154,210,20,15,0.0,42,3,2018,4,Azerbaijan Grand Prix,2018-04-29,Romain,Grosjean,GRO,Haas F1 Team,Accident,2,44482.0,22241.0,2.0
992,830,9,5,16,0.0,39,4,2018,4,Azerbaijan Grand Prix,2018-04-29,Max,Verstappen,VER,Red Bull,Collision,1,19765.0,19765.0,38.0
992,817,9,4,17,0.0,39,4,2018,4,Azerbaijan Grand Prix,2018-04-29,Daniel,Ricciardo,RIC,Red Bull,Collision,1,19925.0,19925.0,37.0
992,807,4,14,18,0.0,10,3,2018,4,Azerbaijan Grand Prix,2018-04-29,Nico,Hülkenberg,HUL,Renault,Accident,0,,,
992,839,10,7,19,0.0,0,4,2018,4,Azerbaijan Grand Prix,2018-04-29,Esteban,Ocon,OCO,Force India,Collision,0,,,
992,845,3,11,20,0.0,0,4,2018,4,Azerbaijan Grand Prix,2018-04-29,Sergey,Sirotkin,SIR,Williams,Collision,0,,,
993,1,131,1,1,25.0,66,1,2018,5,Spanish Grand Prix,2018-05-13,Lewis,Hamilton,HAM,Mercedes,Finished,1,22085.0,22085.0,25.0
993,822,131,2,2,18.0,66,1,2018,5,Spanish Grand Prix,2018-05-13,Valtteri,Bottas,BOT,Mercedes,Finished,1,23213.0,23213.0,19.0
993,830,9,5,3,15.0,66,1,2018,5,Spanish Grand Prix,2018-05-13,Max,Verstappen,VER,Red Bull,Finished,1,21740.0,21740.0,34.0
993,20,6,3,4,12.0,66,1,2018,5,Spanish Grand Prix,2018-05-13,Sebastian,Vettel,VET,Ferrari,Finished,2,46327.0,23163.5,17.0
993,817,9,6,5,10.0,66,1,2018,5,Spanish Grand Prix,2018-05-13,Daniel,Ricciardo,RIC,Red Bull,Finished,1,21618.0,21618.0,33.0
993,825,210,7,6,8.0,65,11,2018,5,Spanish Grand Prix,2018-05-13,Kevin,Magnussen,MAG,Haas F1 Team,+1 Lap,1,22917.0,22917.0,32.0
993,832,4,9,7,6.0,65,11,2018,5,Spanish Grand Prix,2018-05-13,Carlos,Sainz,SAI,Renault,+1 Lap,1,22409.0,22409.0,25.0
993,4,1,8,8,4.0,65,11,2018,5,Spanish Grand Prix,2018-05-13,Fernando,Alonso,ALO,McLaren,+1 Lap,1,21721.0,21721.0,21.0
993,815,10,15,9,2.0,64,12,2018,5,Spanish Grand Prix,2018-05-13,Sergio,Pérez,PER,Force India,+2 Laps,2,44680.0,22340.0,26.0
993,844,15,14,10,1.0,64,12,2018,5,Spanish Grand Prix,2018-05-13,Charles,Leclerc,LEC,Sauber,+2 Laps,1,21995.0,21995.0,20.0
993,840,3,18,11,0.0,64,12,2018,5,Spanish Grand Prix,2018-05-13,Lance,Stroll,STR,Williams,+2 Laps,1,21351.0,21351.0,20.0
993,843,5,20,12,0.0,64,12,2018,5,Spanish Grand Prix,2018-05-13,Brendon,Hartley,HAR,Toro Rosso,+2 Laps,2,45103.0,22551.5,1.0
993,828,15,17,13,0.0,64,12,2018,5,Spanish Grand Prix,2018-05-13,Marcus,Ericsson,ERI,Sauber,+2 Laps,1,22100.0,22100.0,35.0
993,845,3,19,14,0.0,63,13,2018,5,Spanish Grand Prix,2018-05-13,Sergey,Sirotkin,SIR,Williams,+3 Laps,3,67948.0,22649.333333333332,1.0
993,838,1,11,15,0.0,45,6,2018,5,Spanish Grand Prix,2018-05-13,Stoffel,Vandoorne,VAN,McLaren,Gearbox,1,27416.0,27416.0,34.0
993,839,10,13,16,0.0,38,44,2018,5,Spanish Grand Prix,2018-05-13,Esteban,Ocon,OCO,Force India,Oil leak,1,47910.0,47910.0,29.0
993,8,6,4,17,0.0,25,101,2018,5,Spanish Grand Prix,2018-05-13,Kimi,Räikkönen,RAI,Ferrari,Turbo,0,,,
993,154,210,10,18,0.0,0,4,2018,5,Spanish Grand Prix,2018-05-13,Romain,Grosjean,GRO,Haas F1 Team,Collision,0,,,
993,842,5,12,19,0.0,0,4,2018,5,Spanish Grand Prix,2018-05-13,Pierre,Gasly,GAS,Toro Rosso,Collision,0,,,
993,807,4,16,20,0.0,0,4,2018,5,Spanish Grand Prix,2018-05-13,Nico,Hülkenberg,HUL,Renault,Collision,0,,,
994,817,9,1,1,25.0,78,1,2018,6,Monaco Grand Prix,2018-05-27,Daniel,Ricciardo,RIC,Red Bull,Finished,1,24542.0,24542.0,17.0
994,20,6,2,2,18.0,78,1,2018,6,Monaco Grand Prix,2018-05-27,Sebastian,Vettel,VET,Ferrari,Finished,1,23964.0,23964.0,16.0
994,1,131,3,3,15.0,78,1,2018,6,Monaco Grand Prix,2018-05-27,Lewis,Hamilton,HAM,Mercedes,Finished,1,23739.0,23739.0,12.0
994,8,6,4,4,12.0,78,1,2018,6,Monaco Grand Prix,2018-05-27,Kimi,Räikkönen,RAI,Ferrari,Finished,1,24263.0,24263.0,17.0
994,822,131,5,5,10.0,78,1,2018,6,Monaco Grand Prix,2018-05-27,Valtteri,Bottas,BOT,Mercedes,Finished,1,24020.0,24020.0,17.0
994,839,10,6,6,8.0,78,1,2018,6,Monaco Grand Prix,2018-05-27,Esteban,Ocon,OCO,Force India,Finished,1,24663.0,24663.0,23.0
994,842,5,10,7,6.0,78,1,2018,6,Monaco Grand Prix,2018-05-27,Pierre,Gasly,GAS,Toro Rosso,Finished,1,24296.0,24296.0,37.0
994,807,4,11,8,4.0,78,1,2018,6,Monaco Grand Prix,2018-05-27,Nico,Hülkenberg,HUL,Renault,Finished,1,25213.0,25213.0,50.0
994,830,9,20,9,2.0,78,1,2018,6,Monaco Grand Prix,2018-05-27,Max,Verstappen,VER,Red Bull,Finished,1,24111.0,24111.0,47.0
994,832,4,8,10,1.0,78,1,2018,6,Monaco Grand Prix,2018-05-27,Carlos,Sainz,SAI,Renault,Finished,1,24874.0,24874.0,16.0
994,828,15,16,11,0.0,78,1,2018,6,Monaco Grand Prix,2018-05-27,Marcus,Ericsson,ERI,Sauber,Finished,1,24291.0,24291.0,17.0
994,815,10,9,12,0.0,78,1,2018,6,Monaco Grand Prix,2018-05-27,Sergio,Pérez,PER,Force India,Finished,1,29379.0,29379.0,21.0
994,825,210,19,13,0.0,78,1,2018,6,Monaco Grand Prix,2018-05-27,Kevin,Magnussen,MAG,Haas F1 Team,Finished,1,24237.0,24237.0,17.0
994,838,1,12,14,0.0,77,11,2018,6,Monaco Grand Prix,2018-05-27,Stoffel,Vandoorne,VAN,McLaren,+1 Lap,2,52255.0,26127.5,20.0
994,154,210,18,15,0.0,77,11,2018,6,Monaco Grand Prix,2018-05-27,Romain,Grosjean,GRO,Haas F1 Team,+1 Lap,2,49309.0,24654.5,15.0
994,845,3,13,16,0.0,77,11,2018,6,Monaco Grand Prix,2018-05-27,Sergey,Sirotkin,SIR,Williams,+1 Lap,3,82543.0,27514.333333333332,7.0
994,840,3,17,17,0.0,76,12,2018,6,Monaco Grand Prix,2018-05-27,Lance,Stroll,STR,Williams,+2 Laps,3,89843.0,29947.666666666668,9.0
994,844,15,14,18,0.0,70,4,2018,6,Monaco Grand Prix,2018-05-27,Charles,Leclerc,LEC,Sauber,Collision,1,23870.0,23870.0,14.0
994,843,5,15,19,0.0,70,4,2018,6,Monaco Grand Prix,2018-05-27,Brendon,Hartley,HAR,Toro Rosso,Collision,1,24326.0,24326.0,13.0
994,4,1,7,20,0.0,52,6,2018,6,Monaco Grand Prix,2018-05-27,Fernando,Alonso,ALO,McLaren,Gearbox,1,24241.0,24241.0,19.0
995,20,6,1,1,25.0,68,1,2018,7,Canadian Grand Prix,2018-06-10,Sebastian,Vettel,VET,Ferrari,Finished,1,23529.0,23529.0,37.0
995,822,131,2,2,18.0,68,1,2018,7,Canadian Grand Prix,2018-06-10,Valtteri,Bottas,BOT,Mercedes,Finished,1,23775.0,23775.0,36.0
995,830,9,3,3,15.0,68,1,2018,7,Canadian Grand Prix,2018-06-10,Max,Verstappen,VER,Red Bull,Finished,1,23137.0,23137.0,16.0
995,817,9,6,4,12.0,68,1,2018,7,Canadian Grand Prix,2018-06-10,Daniel,Ricciardo,RIC,Red Bull,Finished,1,23279.0,23279.0,17.0
995,1,131,4,5,10.0,68,1,2018,7,Canadian Grand Prix,2018-06-10,Lewis,Hamilton,HAM,Mercedes,Finished,1,23335.0,23335.0,16.0
995,8,6,5,6,8.0,68,1,2018,7,Canadian Grand Prix,2018-06-10,Kimi,Räikkönen,RAI,Ferrari,Finished,1,23645.0,23645.0,32.0
995,807,4,7,7,6.0,67,11,2018,7,Canadian Grand Prix,2018-06-10,Nico,Hülkenberg,HUL,Renault,+1 Lap,1,24521.0,24521.0,13.0
995,832,4,9,8,4.0,67,11,2018,7,Canadian Grand Prix,2018-06-10,Carlos,Sainz,SAI,Renault,+1 Lap,1,24416.0,24416.0,14.0
995,839,10,8,9,2.0,67,11,2018,7,Canadian Grand Prix,2018-06-10,Esteban,Ocon,OCO,Force India,+1 Lap,1,25353.0,25353.0,11.0
995,844,15,13,10,1.0,67,11,2018,7,Canadian Grand Prix,2018-06-10,Charles,Leclerc,LEC,Sauber,+1 Lap,1,23666.0,23666.0,19.0
995,842,5,16,11,0.0,67,11,2018,7,Canadian Grand Prix,2018-06-10,Pierre,Gasly,GAS,Toro Rosso,+1 Lap,1,24107.0,24107.0,23.0
995,154,210,20,12,0.0,67,11,2018,7,Canadian Grand Prix,2018-06-10,Romain,Grosjean,GRO,Haas F1 Team,+1 Lap,1,24400.0,24400.0,48.0
995,825,210,11,13,0.0,67,11,2018,7,Canadian Grand Prix,2018-06-10,Kevin,Magnussen,MAG,Haas F1 Team,+1 Lap,1,24008.0,24008.0,22.0
995,815,10,10,14,0.0,67,11,2018,7,Canadian Grand Prix,2018-06-10,Sergio,Pérez,PER,Force India,+1 Lap,2,47804.0,23902.0,9.0
995,828,15,19,15,0.0,66,12,2018,7,Canadian Grand Prix,2018-06-10,Marcus,Ericsson,ERI,Sauber,+2 Laps,1,23529.0,23529.0,1.0
995,838,1,15,16,0.0,66,12,2018,7,Canadian Grand Prix,2018-06-10,Stoffel,Vandoorne,VAN,McLaren,+2 Laps,2,64545.0,32272.5,1.0
995,845,3,18,17,0.0,66,12,2018,7,Canadian Grand Prix,2018-06-10,Sergey,Sirotkin,SIR,Williams,+2 Laps,1,23531.0,23531.0,26.0
995,4,1,14,18,0.0,40,43,2018,7,Canadian Grand Prix,2018-06-10,Fernando,Alonso,ALO,McLaren,Exhaust,1,23099.0,23099.0,18.0
995,843,5,12,19,0.0,0,4,2018,7,Canadian Grand Prix,2018-06-10,Brendon,Hartley,HAR,Toro Rosso,Collision,0,,,
995,840,3,17,20,0.0,0,4,2018,7,Canadian Grand Prix,2018-06-10,Lance,Stroll,STR,Williams,Collision,0,,,
996,1,131,1,1,25.0,53,1,2018,8,French Grand Prix,2018-06-24,Lewis,Hamilton,HAM,Mercedes,Finished,1,24310.0,24310.0,33.0
996,830,9,4,2,18.0,53,1,2018,8,French Grand Prix,2018-06-24,Max,Verstappen,VER,Red Bull,Finished,1,24395.0,24395.0,25.0
996,8,6,6,3,15.0,53,1,2018,8,French Grand Prix,2018-06-24,Kimi,Räikkönen,RAI,Ferrari,Finished,1,24289.0,24289.0,34.0
996,817,9,5,4,12.0,53,1,2018,8,French Grand Prix,2018-06-24,Daniel,Ricciardo,RIC,Red Bull,Finished,1,24309.0,24309.0,28.0
996,20,6,3,5,10.0,53,1,2018,8,French Grand Prix,2018-06-24,Sebastian,Vettel,VET,Ferrari,Finished,2,63641.0,31820.5,1.0
996,825,210,9,6,8.0,53,1,2018,8,French Grand Prix,2018-06-24,Kevin,Magnussen,MAG,Haas F1 Team,Finished,1,25419.0,25419.0,28.0
996,822,131,2,7,6.0,53,1,2018,8,French Grand Prix,2018-06-24,Valtteri,Bottas,BOT,Mercedes,Finished,2,58621.0,29310.5,1.0
996,832,4,7,8,4.0,53,1,2018,8,French Grand Prix,2018-06-24,Carlos,Sainz,SAI,Renault,Finished,1,25423.0,25423.0,26.0
996,807,4,12,9,2.0,53,1,2018,8,French Grand Prix,2018-06-24,Nico,Hülkenberg,HUL,Renault,Finished,1,25016.0,25016.0,37.0
996,844,15,8,10,1.0,53,1,2018,8,French Grand Prix,2018-06-24,Charles,Leclerc,LEC,Sauber,Finished,1,25026.0,25026.0,31.0
996,154,210,10,11,0.0,52,11,2018,8,French Grand Prix,2018-06-24,Romain,Grosjean,GRO,Haas F1 Team,+1 Lap,1,29996.0,29996.0,34.0
996,838,1,17,12,0.0,52,11,2018,8,French Grand Prix,2018-06-24,Stoffel,Vandoorne,VAN,McLaren,+1 Lap,1,24399.0,24399.0,40.0
996,828,15,15,13,0.0,52,11,2018,8,French Grand Prix,2018-06-24,Marcus,Ericsson,ERI,Sauber,+1 Lap,1,24295.0,24295.0,35.0
996,843,5,20,14,0.0,52,11,2018,8,French Grand Prix,2018-06-24,Brendon,Hartley,HAR,Toro Rosso,+1 Lap,1,24297.0,24297.0,38.0
996,845,3,18,15,0.0,52,11,2018,8,French Grand Prix,2018-06-24,Sergey,Sirotkin,SIR,Williams,+1 Lap,1,26273.0,26273.0,1.0
996,4,1,16,16,0.0,50,36,2018,8,French Grand Prix,2018-06-24,Fernando,Alonso,ALO,McLaren,Wheel,2,50577.0,25288.5,1.0
996,840,3,19,17,0.0,48,29,2018,8,French Grand Prix,2018-06-24,Lance,Stroll,STR,Williams,Puncture,1,26576.0,26576.0,1.0
996,815,10,13,18,0.0,27,5,2018,8,French Grand Prix,2018-06-24,Sergio,Pérez,PER,Force India,Engine,0,,,
996,839,10,11,19,0.0,0,4,2018,8,French Grand Prix,2018-06-24,Esteban,Ocon,OCO,Force India,Collision,0,,,
996,842,5,14,20,0.0,0,4,2018,8,French Grand Prix,2018-06-24,Pierre,Gasly,GAS,Toro Rosso,Collision,0,,,
997,830,9,4,1,25.0,71,1,2018,9,Austrian Grand Prix,2018-07-01,Max,Verstappen,VER,Red Bull,Finished,1,21214.0,21214.0,15.0
997,8,6,3,2,18.0,71,1,2018,9,Austrian Grand Prix,2018-07-01,Kimi,Räikkönen,RAI,Ferrari,Finished,1,21552.0,21552.0,15.0
997,20,6,6,3,15.0,71,1,2018,9,Austrian Grand Prix,2018-07-01,Sebastian,Vettel,VET,Ferrari,Finished,1,23912.0,23912.0,15.0
997,154,210,5,4,12.0,70,11,2018,9,Austrian Grand Prix,2018-07-01,Romain,Grosjean,GRO,Haas F1 Team,+1 Lap,1,22121.0,22121.0,15.0
997,825,210,8,5,10.0,70,11,2018,9,Austrian Grand Prix,2018-07-01,Kevin,Magnussen,MAG,Haas F1 Team,+1 Lap,1,22138.0,22138.0,28.0
997,839,10,11,6,8.0,70,11,2018,9,Austrian Grand Prix,2018-07-01,Esteban,Ocon,OCO,Force India,+1 Lap,1,22527.0,22527.0,15.0
997,815,10,16,7,6.0,70,11,2018,9,Austrian Grand Prix,2018-07-01,Sergio,Pérez,PER,Force India,+1 Lap,1,22863.0,22863.0,27.0
997,4,1,13,8,4.0,70,11,2018,9,Austrian Grand Prix,2018-07-01,Fernando,Alonso,ALO,McLaren,+1 Lap,1,21588.0,21588.0,15.0
997,844,15,18,9,2.0,70,11,2018,9,Austrian Grand Prix,2018-07-01,Charles,Leclerc,LEC,Sauber,+1 Lap,1,21364.0,21364.0,15.0
997,828,15,20,10,1.0,70,11,2018,9,Austrian Grand Prix,2018-07-01,Marcus,Ericsson,ERI,Sauber,+1 Lap,1,21519.0,21519.0,45.0
997,842,5,12,11,0.0,70,11,2018,9,Austrian Grand Prix,2018-07-01,Pierre,Gasly,GAS,Toro Rosso,+1 Lap,1,22011.0,22011.0,15.0
997,832,4,9,12,0.0,70,11,2018,9,Austrian Grand Prix,2018-07-01,Carlos,Sainz,SAI,Renault,+1 Lap,2,49592.0,24796.0,15.0
997,845,3,17,13,0.0,69,12,2018,9,Austrian Grand Prix,2018-07-01,Sergey,Sirotkin,SIR,Williams,+2 Laps,2,47932.0,23966.0,24.0
997,840,3,14,14,0.0,69,12,2018,9,Austrian Grand Prix,2018-07-01,Lance,Stroll,STR,Williams,+2 Laps,2,44480.0,22240.0,15.0
997,838,1,15,15,0.0,65,130,2018,9,Austrian Grand Prix,2018-07-01,Stoffel,Vandoorne,VAN,McLaren,Collision damage,2,69083.0,34541.5,1.0
997,1,131,2,16,0.0,62,32,2018,9,Austrian Grand Prix,2018-07-01,Lewis,Hamilton,HAM,Mercedes,Fuel pressure,2,42225.0,21112.5,25.0
997,843,5,19,17,0.0,54,9,2018,9,Austrian Grand Prix,2018-07-01,Brendon,Hartley,HAR,Toro Rosso,Hydraulics,0,,,
997,817,9,7,18,0.0,53,43,2018,9,Austrian Grand Prix,2018-07-01,Daniel,Ricciardo,RIC,Red Bull,Exhaust,2,43209.0,21604.5,15.0
997,822,131,1,19,0.0,13,9,2018,9,Austrian Grand Prix,2018-07-01,Valtteri,Bottas,BOT,Mercedes,Hydraulics,0,,,
997,807,4,10,20,0.0,11,5,2018,9,Austrian Grand Prix,2018-07-01,Nico,Hülkenberg,HUL,Renault,Engine,0,,,
998,20,6,2,1,25.0,52,1,2018,10,British Grand Prix,2018-07-08,Sebastian,Vettel,VET,Ferrari,Finished,2,56851.0,28425.5,20.0
998,1,131,1,2,18.0,52,1,2018,10,British Grand Prix,2018-07-08,Lewis,Hamilton,HAM,Mercedes,Finished,1,28982.0,28982.0,25.0
998,8,6,3,3,15.0,52,1,2018,10,British Grand Prix,2018-07-08,Kimi,Räikkönen,RAI,Ferrari,Finished,2,67558.0,33779.0,13.0
998,822,131,4,4,12.0,52,1,2018,10,British Grand Prix,2018-07-08,Valtteri,Bottas,BOT,Mercedes,Finished,1,27894.0,27894.0,21.0
998,817,9,6,5,10.0,52,1,2018,10,British Grand Prix,2018-07-08,Daniel,Ricciardo,RIC,Red Bull,Finished,2,56195.0,28097.5,18.0
998,807,4,11,6,8.0,52,1,2018,10,British Grand Prix,2018-07-08,Nico,Hülkenberg,HUL,Renault,Finished,1,28719.0,28719.0,20.0
998,839,10,10,7,6.0,52,1,2018,10,British Grand Prix,2018-07-08,Esteban,Ocon,OCO,Force India,Finished,1,29410.0,29410.0,19.0
998,4,1,13,8,4.0,52,1,2018,10,British Grand Prix,2018-07-08,Fernando,Alonso,ALO,McLaren,Finished,2,56754.0,28377.0,13.0
998,825,210,7,9,2.0,52,1,2018,10,British Grand Prix,2018-07-08,Kevin,Magnussen,MAG,Haas F1 Team,Finished,1,28450.0,28450.0,25.0
998,815,10,12,10,1.0,52,1,2018,10,British Grand Prix,2018-07-08,Sergio,Pérez,PER,Force India,Finished,2,57487.0,28743.5,13.0
998,838,1,17,11,0.0,52,1,2018,10,British Grand Prix,2018-07-08,Stoffel,Vandoorne,VAN,McLaren,Finished,2,56942.0,28471.0,21.0
998,840,3,19,12,0.0,52,1,2018,10,British Grand Prix,2018-07-08,Lance,Stroll,STR,Williams,Finished,1,27774.0,27774.0,30.0
998,842,5,14,13,0.0,52,1,2018,10,British Grand Prix,2018-07-08,Pierre,Gasly,GAS,Toro Rosso,Finished,2,58442.0,29221.0,20.0
998,845,3,18,14,0.0,52,1,2018,10,British Grand Prix,2018-07-08,Sergey,Sirotkin,SIR,Williams,Finished,1,28224.0,28224.0,21.0
998,843,5,0,20,0.0,1,131,2018,10,British Grand Prix,2018-07-08,Brendon,Hartley,HAR,Toro Rosso,Power Unit,0,,,
998,830,9,5,15,0.0,46,23,2018,10,British Grand Prix,2018-07-08,Max,Verstappen,VER,Red Bull,Brakes,2,56458.0,28229.0,17.0
998,154,210,8,16,0.0,37,4,2018,10,British Grand Prix,2018-07-08,Romain,Grosjean,GRO,Haas F1 Team,Collision,1,29254.0,29254.0,26.0
998,832,4,16,17,0.0,37,4,2018,10,British Grand Prix,2018-07-08,Carlos,Sainz,SAI,Renault,Collision,2,57152.0,28576.0,17.0
998,828,15,15,18,0.0,31,3,2018,10,British Grand Prix,2018-07-08,Marcus,Ericsson,ERI,Sauber,Accident,1,28207.0,28207.0,24.0
998,844,15,9,19,0.0,18,27,2018,10,British Grand Prix,2018-07-08,Charles,Leclerc,LEC,Sauber,Tyre,1,27865.0,27865.0,18.0
999,1,131,14,1,25.0,67,1,2018,11,German Grand Prix,2018-07-22,Lewis,Hamilton,HAM,Mercedes,Finished,1,18978.0,18978.0,42.0
999,822,131,2,2,18.0,67,1,2018,11,German Grand Prix,2018-07-22,Valtteri,Bottas,BOT,Mercedes,Finished,2,52467.0,26233.5,28.0
999,8,6,3,3,15.0,67,1,2018,11,German Grand Prix,2018-07-22,Kimi,Räikkönen,RAI,Ferrari,Finished,2,39635.0,19817.5,14.0
999,830,9,4,4,12.0,67,1,2018,11,German Grand Prix,2018-07-22,Max,Verstappen,VER,Red Bull,Finished,3,58126.0,19375.333333333332,29.0
999,807,4,7,5,10.0,67,1,2018,11,German Grand Prix,2018-07-22,Nico,Hülkenberg,HUL,Renault,Finished,3,61148.0,20382.666666666668,18.0
999,154,210,6,6,8.0,67,1,2018,11,German Grand Prix,2018-07-22,Romain,Grosjean,GRO,Haas F1 Team,Finished,3,62688.0,20896.0,21.0
999,815,10,10,7,6.0,67,1,2018,11,German Grand Prix,2018-07-22,Sergio,Pérez,PER,Force India,Finished,1,25130.0,25130.0,22.0
999,839,10,15,8,4.0,67,1,2018,11,German Grand Prix,2018-07-22,Esteban,Ocon,OCO,Force India,Finished,1,19570.0,19570.0,25.0
999,828,15,13,9,2.0,67,1,2018,11,German Grand Prix,2018-07-22,Marcus,Ericsson,ERI,Sauber,Finished,1,18840.0,18840.0,38.0
999,843,5,17,10,1.0,67,1,2018,11,German Grand Prix,2018-07-22,Brendon,Hartley,HAR,Toro Rosso,Finished,2,39294.0,19647.0,28.0
999,825,210,5,11,0.0,67,1,2018,11,German Grand Prix,2018-07-22,Kevin,Magnussen,MAG,Haas F1 Team,Finished,3,82296.0,27432.0,20.0
999,832,4,8,12,0.0,67,1,2018,11,German Grand Prix,2018-07-22,Carlos,Sainz,SAI,Renault,Finished,3,60327.0,20109.0,20.0
999,838,1,19,13,0.0,67,1,2018,11,German Grand Prix,2018-07-22,Stoffel,Vandoorne,VAN,McLaren,Finished,2,39399.0,19699.5,29.0
999,842,5,16,14,0.0,66,11,2018,11,German Grand Prix,2018-07-22,Pierre,Gasly,GAS,Toro Rosso,+1 Lap,2,39318.0,19659.0,43.0
999,844,15,9,15,0.0,66,11,2018,11,German Grand Prix,2018-07-22,Charles,Leclerc,LEC,Sauber,+1 Lap,3,61120.0,20373.333333333332,20.0
999,4,1,11,16,0.0,65,31,2018,11,German Grand Prix,2018-07-22,Fernando,Alonso,ALO,McLaren,Retired,3,61002.0,20334.0,31.0
999,840,3,18,17,0.0,53,5,2018,11,German Grand Prix,2018-07-22,Lance,Stroll,STR,Williams,Engine,2,39002.0,19501.0,27.0
999,20,6,1,18,0.0,51,3,2018,11,German Grand Prix,2018-07-22,Sebastian,Vettel,VET,Ferrari,Accident,1,18657.0,18657.0,25.0
999,845,3,12,19,0.0,51,5,2018,11,German Grand Prix,2018-07-22,Sergey,Sirotkin,SIR,Williams,Engine,2,45884.0,22942.0,28.0
999,817,9,20,20,0.0,27,5,2018,11,German Grand Prix,2018-07-22,Daniel,Ricciardo,RIC,Red Bull,Engine,0,,,
1000,1,131,1,1,25.0,70,1,2018,12,Hungarian Grand Prix,2018-07-29,Lewis,Hamilton,HAM,Mercedes,Finished,1,21480.0,21480.0,25.0
1000,20,6,4,2,18.0,70,1,2018,12,Hungarian Grand Prix,2018-07-29,Sebastian,Vettel,VET,Ferrari,Finished,1,23111.0,23111.0,39.0
1000,8,6,3,3,15.0,70,1,2018,12,Hungarian Grand Prix,2018-07-29,Kimi,Räikkönen,RAI,Ferrari,Finished,2,46300.0,23150.0,14.0
1000,817,9,12,4,12.0,70,1,2018,12,Hungarian Grand Prix,2018-07-29,Daniel,Ricciardo,RIC,Red Bull,Finished,1,21364.0,21364.0,44.0
1000,822,131,2,5,10.0,70,1,2018,12,Hungarian Grand Prix,2018-07-29,Valtteri,Bottas,BOT,Mercedes,Finished,1,21337.0,21337.0,15.0
1000,842,5,6,6,8.0,70,1,2018,12,Hungarian Grand Prix,2018-07-29,Pierre,Gasly,GAS,Toro Rosso,Finished,1,21684.0,21684.0,32.0
1000,825,210,9,7,6.0,69,11,2018,12,Hungarian Grand Prix,2018-07-29,Kevin,Magnussen,MAG,Haas F1 Team,+1 Lap,1,25126.0,25126.0,31.0
1000,4,1,11,8,4.0,69,11,2018,12,Hungarian Grand Prix,2018-07-29,Fernando,Alonso,ALO,McLaren,+1 Lap,1,21795.0,21795.0,39.0
1000,832,4,5,9,2.0,69,11,2018,12,Hungarian Grand Prix,2018-07-29,Carlos,Sainz,SAI,Renault,+1 Lap,1,21914.0,21914.0,25.0
1000,154,210,10,10,1.0,69,11,2018,12,Hungarian Grand Prix,2018-07-29,Romain,Grosjean,GRO,Haas F1 Team,+1 Lap,1,21733.0,21733.0,29.0
1000,843,5,8,11,0.0,69,11,2018,12,Hungarian Grand Prix,2018-07-29,Brendon,Hartley,HAR,Toro Rosso,+1 Lap,1,21831.0,21831.0,24.0
1000,807,4,13,12,0.0,69,11,2018,12,Hungarian Grand Prix,2018-07-29,Nico,Hülkenberg,HUL,Renault,+1 Lap,2,44616.0,22308.0,23.0
1000,839,10,18,13,0.0,69,11,2018,12,Hungarian Grand Prix,2018-07-29,Esteban,Ocon,OCO,Force India,+1 Lap,1,22258.0,22258.0,39.0
1000,815,10,19,14,0.0,69,11,2018,12,Hungarian Grand Prix,2018-07-29,Sergio,Pérez,PER,Force India,+1 Lap,1,22561.0,22561.0,22.0
1000,828,15,14,15,0.0,68,12,2018,12,Hungarian Grand Prix,2018-07-29,Marcus,Ericsson,ERI,Sauber,+2 Laps,1,22640.0,22640.0,6.0
1000,845,3,20,16,0.0,68,12,2018,12,Hungarian Grand Prix,2018-07-29,Sergey,Sirotkin,SIR,Williams,+2 Laps,1,21509.0,21509.0,31.0
1000,840,3,15,17,0.0,68,12,2018,12,Hungarian Grand Prix,2018-07-29,Lance,Stroll,STR,Williams,+2 Laps,1,21291.0,21291.0,47.0
1000,838,1,16,18,0.0,49,6,2018,12,Hungarian Grand Prix,2018-07-29,Stoffel,Vandoorne,VAN,McLaren,Gearbox,1,21732.0,21732.0,40.0
1000,830,9,7,19,0.0,5,75,2018,12,Hungarian Grand Prix,2018-07-29,Max,Verstappen,VER,Red Bull,Power loss,0,,,
1000,844,15,17,20,0.0,0,22,2018,12,Hungarian Grand Prix,2018-07-29,Charles,Leclerc,LEC,Sauber,Suspension,0,,,
1001,20,6,2,1,25.0,44,1,2018,13,Belgian Grand Prix,2018-08-26,Sebastian,Vettel,VET,Ferrari,Finished,2,41835.0,20917.5,1.0
1001,1,131,1,2,18.0,44,1,2018,13,Belgian Grand Prix,2018-08-26,Lewis,Hamilton,HAM,Mercedes,Finished,2,41747.0,20873.5,1.0
1001,830,9,7,3,15.0,44,1,2018,13,Belgian Grand Prix,2018-08-26,Max,Verstappen,VER,Red Bull,Finished,2,42283.0,21141.5,1.0
1001,822,131,19,4,12.0,44,1,2018,13,Belgian Grand Prix,2018-08-26,Valtteri,Bottas,BOT,Mercedes,Finished,3,73267.0,24422.333333333332,1.0
1001,815,10,4,5,10.0,44,1,2018,13,Belgian Grand Prix,2018-08-26,Sergio,Pérez,PER,Force India,Finished,2,42824.0,21412.0,1.0
1001,839,10,3,6,8.0,44,1,2018,13,Belgian Grand Prix,2018-08-26,Esteban,Ocon,OCO,Force India,Finished,2,42807.0,21403.5,1.0
1001,154,210,5,7,6.0,44,1,2018,13,Belgian Grand Prix,2018-08-26,Romain,Grosjean,GRO,Haas F1 Team,Finished,2,43528.0,21764.0,1.0
1001,825,210,9,8,4.0,44,1,2018,13,Belgian Grand Prix,2018-08-26,Kevin,Magnussen,MAG,Haas F1 Team,Finished,2,44325.0,22162.5,1.0
1001,842,5,10,9,2.0,44,1,2018,13,Belgian Grand Prix,2018-08-26,Pierre,Gasly,GAS,Toro Rosso,Finished,2,43089.0,21544.5,1.0
1001,828,15,13,10,1.0,43,11,2018,13,Belgian Grand Prix,2018-08-26,Marcus,Ericsson,ERI,Sauber,+1 Lap,2,42269.0,21134.5,1.0
1001,832,4,14,11,0.0,43,11,2018,13,Belgian Grand Prix,2018-08-26,Carlos,Sainz,SAI,Renault,+1 Lap,2,42366.0,21183.0,1.0
1001,845,3,16,12,0.0,43,11,2018,13,Belgian Grand Prix,2018-08-26,Sergey,Sirotkin,SIR,Williams,+1 Lap,2,42130.0,21065.0,1.0
1001,840,3,17,13,0.0,43,11,2018,13,Belgian Grand Prix,2018-08-26,Lance,Stroll,STR,Williams,+1 Lap,2,42633.0,21316.5,1.0
1001,843,5,11,14,0.0,43,11,2018,13,Belgian Grand Prix,2018-08-26,Brendon,Hartley,HAR,Toro Rosso,+1 Lap,2,47400.0,23700.0,1.0
1001,838,1,18,15,0.0,43,11,2018,13,Belgian Grand Prix,2018-08-26,Stoffel,Vandoorne,VAN,McLaren,+1 Lap,3,65942.0,21980.666666666668,1.0
1001,817,9,8,16,0.0,28,31,2018,13,Belgian Grand Prix,2018-08-26,Daniel,Ricciardo,RIC,Red Bull,Retired,0,,,
1001,8,6,6,17,0.0,8,23,2018,13,Belgian Grand Prix,2018-08-26,Kimi,Räikkönen,RAI,Ferrari,Brakes,2,61818.0,30909.0,1.0
1001,844,15,12,18,0.0,0,3,2018,13,Belgian Grand Prix,2018-08-26,Charles,Leclerc,LEC,Sauber,Accident,0,,,
1001,4,1,15,19,0.0,0,3,2018,13,Belgian Grand Prix,2018-08-26,Fernando,Alonso,ALO,McLaren,Accident,0,,,
1001,807,4,20,20,0.0,0,3,2018,13,Belgian Grand Prix,2018-08-26,Nico,Hülkenberg,HUL,Renault,Accident,0,,,
1002,1,131,3,1,25.0,53,1,2018,14,Italian Grand Prix,2018-09-02,Lewis,Hamilton,HAM,Mercedes,Finished,1,23728.0,23728.0,28.0
1002,8,6,1,2,18.0,53,1,2018,14,Italian Grand Prix,2018-09-02,Kimi,Räikkönen,RAI,Ferrari,Finished,1,23862.0,23862.0,20.0
1002,822,131,4,3,15.0,53,1,2018,14,Italian Grand Prix,2018-09-02,Valtteri,Bottas,BOT,Mercedes,Finished,1,23763.0,23763.0,36.0
1002,20,6,2,4,12.0,53,1,2018,14,Italian Grand Prix,2018-09-02,Sebastian,Vettel,VET,Ferrari,Finished,2,56520.0,28260.0,1.0
1002,830,9,5,5,10.0,53,1,2018,14,Italian Grand Prix,2018-09-02,Max,Verstappen,VER,Red Bull,Finished,1,24003.0,24003.0,26.0
1002,839,10,8,6,8.0,53,1,2018,14,Italian Grand Prix,2018-09-02,Esteban,Ocon,OCO,Force India,Finished,1,24827.0,24827.0,38.0
1002,815,10,14,7,6.0,53,1,2018,14,Italian Grand Prix,2018-09-02,Sergio,Pérez,PER,Force India,Finished,1,25655.0,25655.0,39.0
1002,832,4,7,8,4.0,53,1,2018,14,Italian Grand Prix,2018-09-02,Carlos,Sainz,SAI,Renault,Finished,1,25774.0,25774.0,39.0
1002,840,3,10,9,2.0,52,11,2018,14,Italian Grand Prix,2018-09-02,Lance,Stroll,STR,Williams,+1 Lap,1,26440.0,26440.0,35.0
1002,845,3,12,10,1.0,52,11,2018,14,Italian Grand Prix,2018-09-02,Sergey,Sirotkin,SIR,Williams,+1 Lap,1,25245.0,25245.0,37.0
1002,844,15,15,11,0.0,52,11,2018,14,Italian Grand Prix,2018-09-02,Charles,Leclerc,LEC,Sauber,+1 Lap,1,24084.0,24084.0,34.0
1002,838,1,17,12,0.0,52,11,2018,14,Italian Grand Prix,2018-09-02,Stoffel,Vandoorne,VAN,McLaren,+1 Lap,1,24094.0,24094.0,24.0
1002,807,4,20,13,0.0,52,11,2018,14,Italian Grand Prix,2018-09-02,Nico,Hülkenberg,HUL,Renault,+1 Lap,2,49690.0,24845.0,1.0
1002,842,5,9,14,0.0,52,11,2018,14,Italian Grand Prix,2018-09-02,Pierre,Gasly,GAS,Toro Rosso,+1 Lap,1,27792.0,27792.0,34.0
1002,828,15,18,15,0.0,52,11,2018,14,Italian Grand Prix,2018-09-02,Marcus,Ericsson,ERI,Sauber,+1 Lap,2,55567.0,27783.5,1.0
1002,825,210,11,16,0.0,52,11,2018,14,Italian Grand Prix,2018-09-02,Kevin,Magnussen,MAG,Haas F1 Team,+1 Lap,1,38563.0,38563.0,4.0
1002,817,9,19,17,0.0,23,5,2018,14,Italian Grand Prix,2018-09-02,Daniel,Ricciardo,RIC,Red Bull,Engine,1,24805.0,24805.0,1.0
1002,4,1,13,18,0.0,9,5,2018,14,Italian Grand Prix,2018-09-02,Fernando,Alonso,ALO,McLaren,Engine,0,,,
1002,843,5,16,19,0.0,0,23,2018,14,Italian Grand Prix,2018-09-02,Brendon,Hartley,HAR,Toro Rosso,Brakes,0,,,
1002,154,210,6,20,0.0,53,2,2018,14,Italian Grand Prix,2018-09-02,Romain,Grosjean,GRO,Haas F1 Team,Disqualified,1,24779.0,24779.0,23.0
1003,1,131,1,1,25.0,61,1,2018,15,Singapore Grand Prix,2018-09-16,Lewis,Hamilton,HAM,Mercedes,Finished,1,28946.0,28946.0,15.0
1003,830,9,2,2,18.0,61,1,2018,15,Singapore Grand Prix,2018-09-16,Max,Verstappen,VER,Red Bull,Finished,1,29681.0,29681.0,17.0
1003,20,6,3,3,15.0,61,1,2018,15,Singapore Grand Prix,2018-09-16,Sebastian,Vettel,VET,Ferrari,Finished,1,28722.0,28722.0,14.0
1003,822,131,4,4,12.0,61,1,2018,15,Singapore Grand Prix,2018-09-16,Valtteri,Bottas,BOT,Mercedes,Finished,1,28542.0,28542.0,16.0
1003,8,6,5,5,10.0,61,1,2018,15,Singapore Grand Prix,2018-09-16,Kimi,Räikkönen,RAI,Ferrari,Finished,1,29513.0,29513.0,22.0
1003,817,9,6,6,8.0,61,1,2018,15,Singapore Grand Prix,2018-09-16,Daniel,Ricciardo,RIC,Red Bull,Finished,1,28779.0,28779.0,27.0
1003,4,1,11,7,6.0,61,1,2018,15,Singapore Grand Prix,2018-09-16,Fernando,Alonso,ALO,McLaren,Finished,1,29922.0,29922.0,38.0
1003,832,4,12,8,4.0,60,11,2018,15,Singapore Grand Prix,2018-09-16,Carlos,Sainz,SAI,Renault,+1 Lap,1,30242.0,30242.0,37.0
1003,844,15,13,9,2.0,60,11,2018,15,Singapore Grand Prix,2018-09-16,Charles,Leclerc,LEC,Sauber,+1 Lap,1,29310.0,29310.0,38.0
1003,807,4,10,10,1.0,60,11,2018,15,Singapore Grand Prix,2018-09-16,Nico,Hülkenberg,HUL,Renault,+1 Lap,1,31183.0,31183.0,15.0
1003,828,15,14,11,0.0,60,11,2018,15,Singapore Grand Prix,2018-09-16,Marcus,Ericsson,ERI,Sauber,+1 Lap,1,28860.0,28860.0,44.0
1003,838,1,18,12,0.0,60,11,2018,15,Singapore Grand Prix,2018-09-16,Stoffel,Vandoorne,VAN,McLaren,+1 Lap,1,30234.0,30234.0,43.0
1003,842,5,15,13,0.0,60,11,2018,15,Singapore Grand Prix,2018-09-16,Pierre,Gasly,GAS,Toro Rosso,+1 Lap,1,28931.0,28931.0,26.0
1003,840,3,20,14,0.0,60,11,2018,15,Singapore Grand Prix,2018-09-16,Lance,Stroll,STR,Williams,+1 Lap,1,28767.0,28767.0,40.0
1003,154,210,8,15,0.0,60,11,2018,15,Singapore Grand Prix,2018-09-16,Romain,Grosjean,GRO,Haas F1 Team,+1 Lap,1,29517.0,29517.0,16.0
1003,815,10,7,16,0.0,60,11,2018,15,Singapore Grand Prix,2018-09-16,Sergio,Pérez,PER,Force India,+1 Lap,3,84879.0,28293.0,17.0
1003,843,5,17,17,0.0,60,11,2018,15,Singapore Grand Prix,2018-09-16,Brendon,Hartley,HAR,Toro Rosso,+1 Lap,2,59376.0,29688.0,14.0
1003,825,210,16,18,0.0,59,12,2018,15,Singapore Grand Prix,2018-09-16,Kevin,Magnussen,MAG,Haas F1 Team,+2 Laps,3,89443.0,29814.333333333332,26.0
1003,845,3,19,19,0.0,59,12,2018,15,Singapore Grand Prix,2018-09-16,Sergey,Sirotkin,SIR,Williams,+2 Laps,2,64499.0,32249.5,3.0
1003,839,10,9,20,0.0,0,4,2018,15,Singapore Grand Prix,2018-09-16,Esteban,Ocon,OCO,Force India,Collision,0,,,
1004,1,131,2,1,25.0,53,1,2018,16,Russian Grand Prix,2018-09-30,Lewis,Hamilton,HAM,Mercedes,Finished,1,29551.0,29551.0,14.0
1004,822,131,1,2,18.0,53,1,2018,16,Russian Grand Prix,2018-09-30,Valtteri,Bottas,BOT,Mercedes,Finished,1,29794.0,29794.0,12.0
1004,20,6,3,3,15.0,53,1,2018,16,Russian Grand Prix,2018-09-30,Sebastian,Vettel,VET,Ferrari,Finished,1,29798.0,29798.0,13.0
1004,8,6,4,4,12.0,53,1,2018,16,Russian Grand Prix,2018-09-30,Kimi,Räikkönen,RAI,Ferrari,Finished,1,29531.0,29531.0,18.0
1004,830,9,19,5,10.0,53,1,2018,16,Russian Grand Prix,2018-09-30,Max,Verstappen,VER,Red Bull,Finished,1,29370.0,29370.0,43.0
1004,817,9,18,6,8.0,53,1,2018,16,Russian Grand Prix,2018-09-30,Daniel,Ricciardo,RIC,Red Bull,Finished,1,37446.0,37446.0,39.0
1004,844,15,7,7,6.0,53,1,2018,16,Russian Grand Prix,2018-09-30,Charles,Leclerc,LEC,Sauber,Finished,1,30397.0,30397.0,10.0
1004,825,210,5,8,4.0,52,11,2018,16,Russian Grand Prix,2018-09-30,Kevin,Magnussen,MAG,Haas F1 Team,+1 Lap,1,29904.0,29904.0,9.0
1004,839,10,6,9,2.0,52,11,2018,16,Russian Grand Prix,2018-09-30,Esteban,Ocon,OCO,Force India,+1 Lap,1,30642.0,30642.0,10.0
1004,815,10,8,10,1.0,52,11,2018,16,Russian Grand Prix,2018-09-30,Sergio,Pérez,PER,Force India,+1 Lap,1,29924.0,29924.0,12.0
1004,154,210,9,11,0.0,52,11,2018,16,Russian Grand Prix,2018-09-30,Romain,Grosjean,GRO,Haas F1 Team,+1 Lap,1,30469.0,30469.0,8.0
1004,807,4,12,12,0.0,52,11,2018,16,Russian Grand Prix,2018-09-30,Nico,Hülkenberg,HUL,Renault,+1 Lap,1,30625.0,30625.0,35.0
1004,828,15,10,13,0.0,52,11,2018,16,Russian Grand Prix,2018-09-30,Marcus,Ericsson,ERI,Sauber,+1 Lap,2,60197.0,30098.5,11.0
1004,4,1,16,14,0.0,52,11,2018,16,Russian Grand Prix,2018-09-30,Fernando,Alonso,ALO,McLaren,+1 Lap,1,30348.0,30348.0,5.0
1004,840,3,14,15,0.0,52,11,2018,16,Russian Grand Prix,2018-09-30,Lance,Stroll,STR,Williams,+1 Lap,1,29266.0,29266.0,7.0
1004,838,1,15,16,0.0,51,12,2018,16,Russian Grand Prix,2018-09-30,Stoffel,Vandoorne,VAN,McLaren,+2 Laps,1,29636.0,29636.0,11.0
1004,832,4,11,17,0.0,51,12,2018,16,Russian Grand Prix,2018-09-30,Carlos,Sainz,SAI,Renault,+2 Laps,1,30021.0,30021.0,32.0
1004,845,3,13,18,0.0,51,12,2018,16,Russian Grand Prix,2018-09-30,Sergey,Sirotkin,SIR,Williams,+2 Laps,1,29912.0,29912.0,10.0
1004,842,5,17,19,0.0,4,23,2018,16,Russian Grand Prix,2018-09-30,Pierre,Gasly,GAS,Toro Rosso,Brakes,0,,,
1004,843,5,20,20,0.0,4,23,2018,16,Russian Grand Prix,2018-09-30,Brendon,Hartley,HAR,Toro Rosso,Brakes,1,29418.0,29418.0,3.0
1005,1,131,1,1,25.0,53,1,2018,17,Japanese Grand Prix,2018-10-07,Lewis,Hamilton,HAM,Mercedes,Finished,1,22614.0,22614.0,24.0
1005,822,131,2,2,18.0,53,1,2018,17,Japanese Grand Prix,2018-10-07,Valtteri,Bottas,BOT,Mercedes,Finished,1,22777.0,22777.0,23.0
1005,830,9,3,3,15.0,53,1,2018,17,Japanese Grand Prix,2018-10-07,Max,Verstappen,VER,Red Bull,Finished,1,28789.0,28789.0,21.0
1005,817,9,15,4,12.0,53,1,2018,17,Japanese Grand Prix,2018-10-07,Daniel,Ricciardo,RIC,Red Bull,Finished,1,22864.0,22864.0,23.0
1005,8,6,4,5,10.0,53,1,2018,17,Japanese Grand Prix,2018-10-07,Kimi,Räikkönen,RAI,Ferrari,Finished,1,22781.0,22781.0,17.0
1005,20,6,8,6,8.0,53,1,2018,17,Japanese Grand Prix,2018-10-07,Sebastian,Vettel,VET,Ferrari,Finished,1,22748.0,22748.0,26.0
1005,815,10,9,7,6.0,53,1,2018,17,Japanese Grand Prix,2018-10-07,Sergio,Pérez,PER,Force India,Finished,1,23635.0,23635.0,24.0
1005,154,210,5,8,4.0,53,1,2018,17,Japanese Grand Prix,2018-10-07,Romain,Grosjean,GRO,Haas F1 Team,Finished,1,23692.0,23692.0,29.0
1005,839,10,11,9,2.0,53,1,2018,17,Japanese Grand Prix,2018-10-07,Esteban,Ocon,OCO,Force India,Finished,1,23316.0,23316.0,26.0
1005,832,4,13,10,1.0,52,11,2018,17,Japanese Grand Prix,2018-10-07,Carlos,Sainz,SAI,Renault,+1 Lap,1,23477.0,23477.0,32.0
1005,842,5,7,11,0.0,52,11,2018,17,Japanese Grand Prix,2018-10-07,Pierre,Gasly,GAS,Toro Rosso,+1 Lap,1,23376.0,23376.0,29.0
1005,828,15,20,12,0.0,52,11,2018,17,Japanese Grand Prix,2018-10-07,Marcus,Ericsson,ERI,Sauber,+1 Lap,1,23244.0,23244.0,5.0
1005,843,5,6,13,0.0,52,11,2018,17,Japanese Grand Prix,2018-10-07,Brendon,Hartley,HAR,Toro Rosso,+1 Lap,1,23110.0,23110.0,28.0
1005,4,1,18,14,0.0,52,11,2018,17,Japanese Grand Prix,2018-10-07,Fernando,Alonso,ALO,McLaren,+1 Lap,1,27454.0,27454.0,26.0
1005,838,1,19,15,0.0,52,11,2018,17,Japanese Grand Prix,2018-10-07,Stoffel,Vandoorne,VAN,McLaren,+1 Lap,1,23159.0,23159.0,23.0
1005,845,3,17,16,0.0,52,11,2018,17,Japanese Grand Prix,2018-10-07,Sergey,Sirotkin,SIR,Williams,+1 Lap,2,47307.0,23653.5,4.0
1005,840,3,14,17,0.0,52,11,2018,17,Japanese Grand Prix,2018-10-07,Lance,Stroll,STR,Williams,+1 Lap,2,53461.0,26730.5,14.0
1005,844,15,10,18,0.0,38,26,2018,17,Japanese Grand Prix,2018-10-07,Charles,Leclerc,LEC,Sauber,Mechanical,2,65563.0,32781.5,4.0
1005,807,4,16,19,0.0,37,5,2018,17,Japanese Grand Prix,2018-10-07,Nico,Hülkenberg,HUL,Renault,Engine,1,23555.0,23555.0,30.0
1005,825,210,12,20,0.0,8,130,2018,17,Japanese Grand Prix,2018-10-07,Kevin,Magnussen,MAG,Haas F1 Team,Collision damage,1,29007.0,29007.0,2.0
1006,8,6,2,1,25.0,56,1,2018,18,United States Grand Prix,2018-10-21,Kimi,Räikkönen,RAI,Ferrari,Finished,1,23714.0,23714.0,21.0
1006,830,9,18,2,18.0,56,1,2018,18,United States Grand Prix,2018-10-21,Max,Verstappen,VER,Red Bull,Finished,1,23446.0,23446.0,22.0
1006,1,131,1,3,15.0,56,1,2018,18,United States Grand Prix,2018-10-21,Lewis,Hamilton,HAM,Mercedes,Finished,2,47608.0,23804.0,11.0
1006,20,6,5,4,12.0,56,1,2018,18,United States Grand Prix,2018-10-21,Sebastian,Vettel,VET,Ferrari,Finished,1,24449.0,24449.0,26.0
1006,822,131,3,5,10.0,56,1,2018,18,United States Grand Prix,2018-10-21,Valtteri,Bottas,BOT,Mercedes,Finished,1,23478.0,23478.0,23.0
1006,807,4,7,6,8.0,56,1,2018,18,United States Grand Prix,2018-10-21,Nico,Hülkenberg,HUL,Renault,Finished,1,24681.0,24681.0,23.0
1006,832,4,11,7,6.0,56,1,2018,18,United States Grand Prix,2018-10-21,Carlos,Sainz,SAI,Renault,Finished,1,29319.0,29319.0,24.0
1006,815,10,10,8,4.0,56,1,2018,18,United States Grand Prix,2018-10-21,Sergio,Pérez,PER,Force India,Finished,1,25723.0,25723.0,25.0
1006,843,5,20,9,2.0,55,11,2018,18,United States Grand Prix,2018-10-21,Brendon,Hartley,HAR,Toro Rosso,+1 Lap,1,23819.0,23819.0,27.0
1006,828,15,16,10,1.0,55,11,2018,18,United States Grand Prix,2018-10-21,Marcus,Ericsson,ERI,Sauber,+1 Lap,1,23940.0,23940.0,30.0
1006,838,1,17,11,0.0,55,11,2018,18,United States Grand Prix,2018-10-21,Stoffel,Vandoorne,VAN,McLaren,+1 Lap,2,48260.0,24130.0,10.0
1006,842,5,19,12,0.0,55,11,2018,18,United States Grand Prix,2018-10-21,Pierre,Gasly,GAS,Toro Rosso,+1 Lap,2,48084.0,24042.0,10.0
1006,845,3,14,13,0.0,55,11,2018,18,United States Grand Prix,2018-10-21,Sergey,Sirotkin,SIR,Williams,+1 Lap,2,47401.0,23700.5,10.0
1006,840,3,15,14,0.0,54,12,2018,18,United States Grand Prix,2018-10-21,Lance,Stroll,STR,Williams,+2 Laps,3,83954.0,27984.666666666668,1.0
1006,844,15,9,15,0.0,31,130,2018,18,United States Grand Prix,2018-10-21,Charles,Leclerc,LEC,Sauber,Collision damage,1,34812.0,34812.0,1.0
1006,817,9,4,16,0.0,8,84,2018,18,United States Grand Prix,2018-10-21,Daniel,Ricciardo,RIC,Red Bull,Battery,0,,,
1006,154,210,8,17,0.0,2,130,2018,18,United States Grand Prix,2018-10-21,Romain,Grosjean,GRO,Haas F1 Team,Collision damage,1,35104.0,35104.0,1.0
1006,4,1,13,18,0.0,1,4,2018,18,United States Grand Prix,2018-10-21,Fernando,Alonso,ALO,McLaren,Collision,0,,,
1006,839,10,6,19,0.0,56,2,2018,18,United States Grand Prix,2018-10-21,Esteban,Ocon,OCO,Force India,Disqualified,1,24534.0,24534.0,22.0
1006,825,210,12,20,0.0,56,2,2018,18,United States Grand Prix,2018-10-21,Kevin,Magnussen,MAG,Haas F1 Team,Disqualified,1,23723.0,23723.0,30.0
1007,830,9,2,1,25.0,71,1,2018,19,Mexican Grand Prix,2018-10-28,Max,Verstappen,VER,Red Bull,Finished,2,44263.0,22131.5,13.0
1007,20,6,4,2,18.0,71,1,2018,19,Mexican Grand Prix,2018-10-28,Sebastian,Vettel,VET,Ferrari,Finished,2,44435.0,22217.5,17.0
1007,8,6,6,3,15.0,71,1,2018,19,Mexican Grand Prix,2018-10-28,Kimi,Räikkönen,RAI,Ferrari,Finished,1,22017.0,22017.0,17.0
1007,1,131,3,4,12.0,71,1,2018,19,Mexican Grand Prix,2018-10-28,Lewis,Hamilton,HAM,Mercedes,Finished,2,44668.0,22334.0,11.0
1007,822,131,5,5,10.0,70,11,2018,19,Mexican Grand Prix,2018-10-28,Valtteri,Bottas,BOT,Mercedes,+1 Lap,3,68504.0,22834.666666666668,11.0
1007,807,4,7,6,8.0,69,12,2018,19,Mexican Grand Prix,2018-10-28,Nico,Hülkenberg,HUL,Renault,+2 Laps,1,23037.0,23037.0,12.0
1007,844,15,9,7,6.0,69,12,2018,19,Mexican Grand Prix,2018-10-28,Charles,Leclerc,LEC,Sauber,+2 Laps,1,22588.0,22588.0,13.0
1007,838,1,15,8,4.0,69,12,2018,19,Mexican Grand Prix,2018-10-28,Stoffel,Vandoorne,VAN,McLaren,+2 Laps,1,22174.0,22174.0,12.0
1007,828,15,10,9,2.0,69,12,2018,19,Mexican Grand Prix,2018-10-28,Marcus,Ericsson,ERI,Sauber,+2 Laps,1,31406.0,31406.0,16.0
1007,842,5,20,10,1.0,69,12,2018,19,Mexican Grand Prix,2018-10-28,Pierre,Gasly,GAS,Toro Rosso,+2 Laps,2,45625.0,22812.5,5.0
1007,839,10,11,11,0.0,69,12,2018,19,Mexican Grand Prix,2018-10-28,Esteban,Ocon,OCO,Force India,+2 Laps,2,50562.0,25281.0,1.0
1007,840,3,17,12,0.0,69,12,2018,19,Mexican Grand Prix,2018-10-28,Lance,Stroll,STR,Williams,+2 Laps,2,47822.0,23911.0,10.0
1007,845,3,19,13,0.0,69,12,2018,19,Mexican Grand Prix,2018-10-28,Sergey,Sirotkin,SIR,Williams,+2 Laps,1,22732.0,22732.0,11.0
1007,843,5,14,14,0.0,69,12,2018,19,Mexican Grand Prix,2018-10-28,Brendon,Hartley,HAR,Toro Rosso,+2 Laps,2,45608.0,22804.0,1.0
1007,825,210,16,15,0.0,69,12,2018,19,Mexican Grand Prix,2018-10-28,Kevin,Magnussen,MAG,Haas F1 Team,+2 Laps,1,22390.0,22390.0,43.0
1007,154,210,18,16,0.0,68,13,2018,19,Mexican Grand Prix,2018-10-28,Romain,Grosjean,GRO,Haas F1 Team,+3 Laps,2,46159.0,23079.5,44.0
1007,817,9,1,17,0.0,61,5,2018,19,Mexican Grand Prix,2018-10-28,Daniel,Ricciardo,RIC,Red Bull,Engine,1,22022.0,22022.0,12.0
1007,815,10,13,18,0.0,38,23,2018,19,Mexican Grand Prix,2018-10-28,Sergio,Pérez,PER,Force India,Brakes,1,23755.0,23755.0,30.0
1007,832,4,8,19,0.0,28,22,2018,19,Mexican Grand Prix,2018-10-28,Carlos,Sainz,SAI,Renault,Suspension,1,22660.0,22660.0,11.0
1007,4,1,12,20,0.0,3,5,2018,19,Mexican Grand Prix,2018-10-28,Fernando,Alonso,ALO,McLaren,Engine,0,,,
1008,1,131,1,1,25.0,71,1,2018,20,Brazilian Grand Prix,2018-11-11,Lewis,Hamilton,HAM,Mercedes,Finished,1,22641.0,22641.0,19.0
1008,830,9,5,2,18.0,71,1,2018,20,Brazilian Grand Prix,2018-11-11,Max,Verstappen,VER,Red Bull,Finished,1,23432.0,23432.0,35.0
1008,8,6,4,3,15.0,71,1,2018,20,Brazilian Grand Prix,2018-11-11,Kimi,Räikkönen,RAI,Ferrari,Finished,1,22766.0,22766.0,31.0
1008,817,9,11,4,12.0,71,1,2018,20,Brazilian Grand Prix,2018-11-11,Daniel,Ricciardo,RIC,Red Bull,Finished,1,23300.0,23300.0,39.0
1008,822,131,3,5,10.0,71,1,2018,20,Brazilian Grand Prix,2018-11-11,Valtteri,Bottas,BOT,Mercedes,Finished,2,45682.0,22841.0,18.0
1008,20,6,2,6,8.0,71,1,2018,20,Brazilian Grand Prix,2018-11-11,Sebastian,Vettel,VET,Ferrari,Finished,2,45234.0,22617.0,27.0
1008,844,15,7,7,6.0,71,1,2018,20,Brazilian Grand Prix,2018-11-11,Charles,Leclerc,LEC,Sauber,Finished,1,23593.0,23593.0,35.0
1008,154,210,8,8,4.0,71,1,2018,20,Brazilian Grand Prix,2018-11-11,Romain,Grosjean,GRO,Haas F1 Team,Finished,1,23403.0,23403.0,32.0
1008,825,210,10,9,2.0,71,1,2018,20,Brazilian Grand Prix,2018-11-11,Kevin,Magnussen,MAG,Haas F1 Team,Finished,1,23115.0,23115.0,41.0
1008,815,10,12,10,1.0,70,11,2018,20,Brazilian Grand Prix,2018-11-11,Sergio,Pérez,PER,Force India,+1 Lap,1,23505.0,23505.0,39.0
1008,843,5,16,11,0.0,70,11,2018,20,Brazilian Grand Prix,2018-11-11,Brendon,Hartley,HAR,Toro Rosso,+1 Lap,1,23422.0,23422.0,49.0
1008,832,4,15,12,0.0,70,11,2018,20,Brazilian Grand Prix,2018-11-11,Carlos,Sainz,SAI,Renault,+1 Lap,2,47709.0,23854.5,25.0
1008,842,5,9,13,0.0,70,11,2018,20,Brazilian Grand Prix,2018-11-11,Pierre,Gasly,GAS,Toro Rosso,+1 Lap,1,23757.0,23757.0,22.0
1008,838,1,20,14,0.0,70,11,2018,20,Brazilian Grand Prix,2018-11-11,Stoffel,Vandoorne,VAN,McLaren,+1 Lap,1,22618.0,22618.0,28.0
1008,839,10,18,15,0.0,70,11,2018,20,Brazilian Grand Prix,2018-11-11,Esteban,Ocon,OCO,Force India,+1 Lap,2,58424.0,29212.0,40.0
1008,845,3,14,16,0.0,69,12,2018,20,Brazilian Grand Prix,2018-11-11,Sergey,Sirotkin,SIR,Williams,+2 Laps,1,23273.0,23273.0,16.0
1008,4,1,17,17,0.0,69,12,2018,20,Brazilian Grand Prix,2018-11-11,Fernando,Alonso,ALO,McLaren,+2 Laps,2,56799.0,28399.5,15.0
1008,840,3,19,18,0.0,69,12,2018,20,Brazilian Grand Prix,2018-11-11,Lance,Stroll,STR,Williams,+2 Laps,2,48891.0,24445.5,17.0
1008,807,4,13,19,0.0,32,25,2018,20,Brazilian Grand Prix,2018-11-11,Nico,Hülkenberg,HUL,Renault,Overheating,0,,,
1008,828,15,6,20,0.0,20,4,2018,20,Brazilian Grand Prix,2018-11-11,Marcus,Ericsson,ERI,Sauber,Collision,1,23377.0,23377.0,18.0
1009,1,131,1,1,25.0,55,1,2018,21,Abu Dhabi Grand Prix,2018-11-25,Lewis,Hamilton,HAM,Mercedes,Finished,1,21283.0,21283.0,7.0
1009,20,6,3,2,18.0,55,1,2018,21,Abu Dhabi Grand Prix,2018-11-25,Sebastian,Vettel,VET,Ferrari,Finished,1,22630.0,22630.0,15.0
1009,830,9,6,3,15.0,55,1,2018,21,Abu Dhabi Grand Prix,2018-11-25,Max,Verstappen,VER,Red Bull,Finished,1,21057.0,21057.0,17.0
1009,817,9,5,4,12.0,55,1,2018,21,Abu Dhabi Grand Prix,2018-11-25,Daniel,Ricciardo,RIC,Red Bull,Finished,1,21061.0,21061.0,33.0
1009,822,131,2,5,10.0,55,1,2018,21,Abu Dhabi Grand Prix,2018-11-25,Valtteri,Bottas,BOT,Mercedes,Finished,2,42889.0,21444.5,16.0
1009,832,4,11,6,8.0,55,1,2018,21,Abu Dhabi Grand Prix,2018-11-25,Carlos,Sainz,SAI,Renault,Finished,1,21964.0,21964.0,37.0
1009,844,15,8,7,6.0,55,1,2018,21,Abu Dhabi Grand Prix,2018-11-25,Charles,Leclerc,LEC,Sauber,Finished,1,21828.0,21828.0,7.0
1009,815,10,14,8,4.0,55,1,2018,21,Abu Dhabi Grand Prix,2018-11-25,Sergio,Pérez,PER,Force India,Finished,1,22112.0,22112.0,26.0
1009,154,210,7,9,2.0,54,11,2018,21,Abu Dhabi Grand Prix,2018-11-25,Romain,Grosjean,GRO,Haas F1 Team,+1 Lap,1,22354.0,22354.0,7.0
1009,825,210,13,10,1.0,54,11,2018,21,Abu Dhabi Grand Prix,2018-11-25,Kevin,Magnussen,MAG,Haas F1 Team,+1 Lap,1,21587.0,21587.0,41.0
1009,4,1,15,11,0.0,54,11,2018,21,Abu Dhabi Grand Prix,2018-11-25,Fernando,Alonso,ALO,McLaren,+1 Lap,1,21726.0,21726.0,27.0
1009,843,5,16,12,0.0,54,11,2018,21,Abu Dhabi Grand Prix,2018-11-25,Brendon,Hartley,HAR,Toro Rosso,+1 Lap,1,41012.0,41012.0,1.0
1009,840,3,20,13,0.0,54,11,2018,21,Abu Dhabi Grand Prix,2018-11-25,Lance,Stroll,STR,Williams,+1 Lap,1,22189.0,22189.0,40.0
1009,838,1,18,14,0.0,54,11,2018,21,Abu Dhabi Grand Prix,2018-11-25,Stoffel,Vandoorne,VAN,McLaren,+1 Lap,1,22317.0,22317.0,35.0
1009,845,3,19,15,0.0,54,11,2018,21,Abu Dhabi Grand Prix,2018-11-25,Sergey,Sirotkin,SIR,Williams,+1 Lap,1,22755.0,22755.0,35.0
1009,842,5,17,16,0.0,46,5,2018,21,Abu Dhabi Grand Prix,2018-11-25,Pierre,Gasly,GAS,Toro Rosso,Engine,1,22493.0,22493.0,29.0
1009,839,10,9,17,0.0,44,5,2018,21,Abu Dhabi Grand Prix,2018-11-25,Esteban,Ocon,OCO,Force India,Engine,1,21979.0,21979.0,18.0
1009,828,15,12,18,0.0,24,75,2018,21,Abu Dhabi Grand Prix,2018-11-25,Marcus,Ericsson,ERI,Sauber,Power loss,0,,,
1009,8,6,4,19,0.0,6,75,2018,21,Abu Dhabi Grand Prix,2018-11-25,Kimi,Räikkönen,RAI,Ferrari,Power loss,0,,,
1009,807,4,10,20,0.0,0,4,2018,21,Abu Dhabi Grand Prix,2018-11-25,Nico,Hülkenberg,HUL,Renault,Collision,0,,,
1010,822,131,2,1,26.0,58,1,2019,1,Australian Grand Prix,2019-03-17,Valtteri,Bottas,BOT,Mercedes,Finished,1,22014.0,22014.0,23.0
1010,1,131,1,2,18.0,58,1,2019,1,Australian Grand Prix,2019-03-17,Lewis,Hamilton,HAM,Mercedes,Finished,1,21515.0,21515.0,15.0
1010,830,9,4,3,15.0,58,1,2019,1,Australian Grand Prix,2019-03-17,Max,Verstappen,VER,Red Bull,Finished,1,21157.0,21157.0,25.0
1010,20,6,3,4,12.0,58,1,2019,1,Australian Grand Prix,2019-03-17,Sebastian,Vettel,VET,Ferrari,Finished,1,21995.0,21995.0,14.0
1010,844,6,5,5,10.0,58,1,2019,1,Australian Grand Prix,2019-03-17,Charles,Leclerc,LEC,Ferrari,Finished,1,22306.0,22306.0,28.0
1010,825,210,7,6,8.0,58,1,2019,1,Australian Grand Prix,2019-03-17,Kevin,Magnussen,MAG,Haas F1 Team,Finished,1,22388.0,22388.0,14.0
1010,807,4,11,7,6.0,57,11,2019,1,Australian Grand Prix,2019-03-17,Nico,Hülkenberg,HUL,Renault,+1 Lap,1,21588.0,21588.0,13.0
1010,8,51,9,8,4.0,57,11,2019,1,Australian Grand Prix,2019-03-17,Kimi,Räikkönen,RAI,Alfa Romeo,+1 Lap,1,23299.0,23299.0,12.0
1010,840,211,16,9,2.0,57,11,2019,1,Australian Grand Prix,2019-03-17,Lance,Stroll,STR,Racing Point,+1 Lap,1,22471.0,22471.0,27.0
1010,826,5,15,10,1.0,57,11,2019,1,Australian Grand Prix,2019-03-17,Daniil,Kvyat,KVY,Toro Rosso,+1 Lap,1,22086.0,22086.0,26.0
1010,842,9,17,11,0.0,57,11,2019,1,Australian Grand Prix,2019-03-17,Pierre,Gasly,GAS,Red Bull,+1 Lap,1,21269.0,21269.0,37.0
1010,846,1,8,12,0.0,57,11,2019,1,Australian Grand Prix,2019-03-17,Lando,Norris,NOR,McLaren,+1 Lap,1,21627.0,21627.0,15.0
1010,815,211,10,13,0.0,57,11,2019,1,Australian Grand Prix,2019-03-17,Sergio,Pérez,PER,Racing Point,+1 Lap,1,23234.0,23234.0,13.0
1010,848,5,13,14,0.0,57,11,2019,1,Australian Grand Prix,2019-03-17,Alexander,Albon,ALB,Toro Rosso,+1 Lap,1,21780.0,21780.0,14.0
1010,841,51,14,15,0.0,57,11,2019,1,Australian Grand Prix,2019-03-17,Antonio,Giovinazzi,GIO,Alfa Romeo,+1 Lap,1,27172.0,27172.0,27.0
1010,847,3,19,16,0.0,56,12,2019,1,Australian Grand Prix,2019-03-17,George,Russell,RUS,Williams,+2 Laps,2,43232.0,21616.0,26.0
1010,9,3,20,17,0.0,55,13,2019,1,Australian Grand Prix,2019-03-17,Robert,Kubica,KUB,Williams,+3 Laps,3,77229.0,25743.0,1.0
1010,154,210,6,18,0.0,29,36,2019,1,Australian Grand Prix,2019-03-17,Romain,Grosjean,GRO,Haas F1 Team,Wheel,1,29981.0,29981.0,15.0
1010,817,4,12,19,0.0,28,137,2019,1,Australian Grand Prix,2019-03-17,Daniel,Ricciardo,RIC,Renault,Damage,1,33027.0,33027.0,1.0
1010,832,1,18,20,0.0,9,5,2019,1,Australian Grand Prix,2019-03-17,Carlos,Sainz,SAI,McLaren,Engine,0,,,
1011,1,131,3,1,25.0,57,1,2019,2,Bahrain Grand Prix,2019-03-31,Lewis,Hamilton,HAM,Mercedes,Finished,2,48579.0,24289.5,13.0
1011,822,131,4,2,18.0,57,1,2019,2,Bahrain Grand Prix,2019-03-31,Valtteri,Bottas,BOT,Mercedes,Finished,2,49298.0,24649.0,12.0
1011,844,6,1,3,16.0,57,1,2019,2,Bahrain Grand Prix,2019-03-31,Charles,Leclerc,LEC,Ferrari,Finished,2,48876.0,24438.0,13.0
1011,830,9,5,4,12.0,57,1,2019,2,Bahrain Grand Prix,2019-03-31,Max,Verstappen,VER,Red Bull,Finished,2,50928.0,25464.0,11.0
1011,20,6,2,5,10.0,57,1,2019,2,Bahrain Grand Prix,2019-03-31,Sebastian,Vettel,VET,Ferrari,Finished,3,82633.0,27544.333333333332,14.0
1011,846,1,9,6,8.0,57,1,2019,2,Bahrain Grand Prix,2019-03-31,Lando,Norris,NOR,McLaren,Finished,2,48892.0,24446.0,10.0
1011,8,51,8,7,6.0,57,1,2019,2,Bahrain Grand Prix,2019-03-31,Kimi,Räikkönen,RAI,Alfa Romeo,Finished,2,51268.0,25634.0,9.0
1011,842,9,13,8,4.0,57,1,2019,2,Bahrain Grand Prix,2019-03-31,Pierre,Gasly,GAS,Red Bull,Finished,2,52041.0,26020.5,9.0
1011,848,5,12,9,2.0,57,1,2019,2,Bahrain Grand Prix,2019-03-31,Alexander,Albon,ALB,Toro Rosso,Finished,2,50501.0,25250.5,9.0
1011,815,211,14,10,1.0,57,1,2019,2,Bahrain Grand Prix,2019-03-31,Sergio,Pérez,PER,Racing Point,Finished,2,53934.0,26967.0,8.0
1011,841,51,16,11,0.0,57,1,2019,2,Bahrain Grand Prix,2019-03-31,Antonio,Giovinazzi,GIO,Alfa Romeo,Finished,2,52605.0,26302.5,16.0
1011,826,5,15,12,0.0,56,11,2019,2,Bahrain Grand Prix,2019-03-31,Daniil,Kvyat,KVY,Toro Rosso,+1 Lap,2,57269.0,28634.5,12.0
1011,825,210,6,13,0.0,56,11,2019,2,Bahrain Grand Prix,2019-03-31,Kevin,Magnussen,MAG,Haas F1 Team,+1 Lap,2,50930.0,25465.0,10.0
1011,840,211,18,14,0.0,56,11,2019,2,Bahrain Grand Prix,2019-03-31,Lance,Stroll,STR,Racing Point,+1 Lap,2,60938.0,30469.0,1.0
1011,847,3,19,15,0.0,56,11,2019,2,Bahrain Grand Prix,2019-03-31,George,Russell,RUS,Williams,+1 Lap,2,49545.0,24772.5,12.0
1011,9,3,20,16,0.0,55,12,2019,2,Bahrain Grand Prix,2019-03-31,Robert,Kubica,KUB,Williams,+2 Laps,2,48980.0,24490.0,11.0
1011,807,4,17,17,0.0,53,5,2019,2,Bahrain Grand Prix,2019-03-31,Nico,Hülkenberg,HUL,Renault,Engine,2,50751.0,25375.5,12.0
1011,817,4,10,18,0.0,53,60,2019,2,Bahrain Grand Prix,2019-03-31,Daniel,Ricciardo,RIC,Renault,Out of fuel,1,25676.0,25676.0,24.0
1011,832,1,7,19,0.0,53,130,2019,2,Bahrain Grand Prix,2019-03-31,Carlos,Sainz,SAI,McLaren,Collision damage,3,95562.0,31854.0,4.0
1011,154,210,11,20,0.0,16,31,2019,2,Bahrain Grand Prix,2019-03-31,Romain,Grosjean,GRO,Haas F1 Team,Retired,1,32082.0,32082.0,1.0
1012,1,131,2,1,25.0,56,1,2019,3,Chinese Grand Prix,2019-04-14,Lewis,Hamilton,HAM,Mercedes,Finished,2,46241.0,23120.5,22.0
1012,822,131,1,2,18.0,56,1,2019,3,Chinese Grand Prix,2019-04-14,Valtteri,Bottas,BOT,Mercedes,Finished,2,46279.0,23139.5,21.0
1012,20,6,3,3,15.0,56,1,2019,3,Chinese Grand Prix,2019-04-14,Sebastian,Vettel,VET,Ferrari,Finished,2,45065.0,22532.5,18.0
1012,830,9,5,4,12.0,56,1,2019,3,Chinese Grand Prix,2019-04-14,Max,Verstappen,VER,Red Bull,Finished,2,45588.0,22794.0,17.0
1012,844,6,4,5,10.0,56,1,2019,3,Chinese Grand Prix,2019-04-14,Charles,Leclerc,LEC,Ferrari,Finished,2,47148.0,23574.0,22.0
1012,842,9,6,6,9.0,56,1,2019,3,Chinese Grand Prix,2019-04-14,Pierre,Gasly,GAS,Red Bull,Finished,3,67431.0,22477.0,19.0
1012,817,4,7,7,6.0,55,11,2019,3,Chinese Grand Prix,2019-04-14,Daniel,Ricciardo,RIC,Renault,+1 Lap,1,23506.0,23506.0,18.0
1012,815,211,12,8,4.0,55,11,2019,3,Chinese Grand Prix,2019-04-14,Sergio,Pérez,PER,Racing Point,+1 Lap,1,23733.0,23733.0,20.0
1012,8,51,13,9,2.0,55,11,2019,3,Chinese Grand Prix,2019-04-14,Kimi,Räikkönen,RAI,Alfa Romeo,+1 Lap,1,23888.0,23888.0,25.0
1012,848,5,0,10,1.0,55,11,2019,3,Chinese Grand Prix,2019-04-14,Alexander,Albon,ALB,Toro Rosso,+1 Lap,1,23215.0,23215.0,19.0
1012,154,210,10,11,0.0,55,11,2019,3,Chinese Grand Prix,2019-04-14,Romain,Grosjean,GRO,Haas F1 Team,+1 Lap,2,46781.0,23390.5,8.0
1012,840,211,16,12,0.0,55,11,2019,3,Chinese Grand Prix,2019-04-14,Lance,Stroll,STR,Racing Point,+1 Lap,2,46981.0,23490.5,20.0
1012,825,210,9,13,0.0,55,11,2019,3,Chinese Grand Prix,2019-04-14,Kevin,Magnussen,MAG,Haas F1 Team,+1 Lap,2,47347.0,23673.5,9.0
1012,832,1,14,14,0.0,55,11,2019,3,Chinese Grand Prix,2019-04-14,Carlos,Sainz,SAI,McLaren,+1 Lap,2,68410.0,34205.0,1.0
1012,841,51,19,15,0.0,55,11,2019,3,Chinese Grand Prix,2019-04-14,Antonio,Giovinazzi,GIO,Alfa Romeo,+1 Lap,2,50321.0,25160.5,7.0
1012,847,3,17,16,0.0,54,12,2019,3,Chinese Grand Prix,2019-04-14,George,Russell,RUS,Williams,+2 Laps,2,48297.0,24148.5,22.0
1012,9,3,18,17,0.0,54,12,2019,3,Chinese Grand Prix,2019-04-14,Robert,Kubica,KUB,Williams,+2 Laps,1,32627.0,32627.0,26.0
1012,846,1,15,18,0.0,50,4,2019,3,Chinese Grand Prix,2019-04-14,Lando,Norris,NOR,McLaren,Collision,3,106900.0,35633.333333333336,1.0
1012,826,5,11,19,0.0,41,4,2019,3,Chinese Grand Prix,2019-04-14,Daniil,Kvyat,KVY,Toro Rosso,Collision,3,86513.0,28837.666666666668,7.0
1012,807,4,8,20,0.0,16,131,2019,3,Chinese Grand Prix,2019-04-14,Nico,Hülkenberg,HUL,Renault,Power Unit,1,24107.0,24107.0,11.0
1013,822,131,1,1,25.0,51,1,2019,4,Azerbaijan Grand Prix,2019-04-28,Valtteri,Bottas,BOT,Mercedes,Finished,1,20006.0,20006.0,12.0
1013,1,131,2,2,18.0,51,1,2019,4,Azerbaijan Grand Prix,2019-04-28,Lewis,Hamilton,HAM,Mercedes,Finished,1,19993.0,19993.0,13.0
1013,20,6,3,3,15.0,51,1,2019,4,Azerbaijan Grand Prix,2019-04-28,Sebastian,Vettel,VET,Ferrari,Finished,1,19981.0,19981.0,11.0
1013,830,9,4,4,12.0,51,1,2019,4,Azerbaijan Grand Prix,2019-04-28,Max,Verstappen,VER,Red Bull,Finished,1,20973.0,20973.0,14.0
1013,844,6,8,5,11.0,51,1,2019,4,Azerbaijan Grand Prix,2019-04-28,Charles,Leclerc,LEC,Ferrari,Finished,2,40239.0,20119.5,34.0
1013,815,211,5,6,8.0,51,1,2019,4,Azerbaijan Grand Prix,2019-04-28,Sergio,Pérez,PER,Racing Point,Finished,1,20939.0,20939.0,10.0
1013,832,1,9,7,6.0,51,1,2019,4,Azerbaijan Grand Prix,2019-04-28,Carlos,Sainz,SAI,McLaren,Finished,1,19755.0,19755.0,12.0
1013,846,1,7,8,4.0,51,1,2019,4,Azerbaijan Grand Prix,2019-04-28,Lando,Norris,NOR,McLaren,Finished,2,41899.0,20949.5,9.0
1013,840,211,13,9,2.0,51,1,2019,4,Azerbaijan Grand Prix,2019-04-28,Lance,Stroll,STR,Racing Point,Finished,1,23099.0,23099.0,10.0
1013,8,51,0,10,1.0,50,11,2019,4,Azerbaijan Grand Prix,2019-04-28,Kimi,Räikkönen,RAI,Alfa Romeo,+1 Lap,1,21401.0,21401.0,6.0
1013,848,5,11,11,0.0,50,11,2019,4,Azerbaijan Grand Prix,2019-04-28,Alexander,Albon,ALB,Toro Rosso,+1 Lap,1,20720.0,20720.0,12.0
1013,841,51,17,12,0.0,50,11,2019,4,Azerbaijan Grand Prix,2019-04-28,Antonio,Giovinazzi,GIO,Alfa Romeo,+1 Lap,1,20776.0,20776.0,7.0
1013,825,210,12,13,0.0,50,11,2019,4,Azerbaijan Grand Prix,2019-04-28,Kevin,Magnussen,MAG,Haas F1 Team,+1 Lap,2,40977.0,20488.5,7.0
1013,807,4,15,14,0.0,50,11,2019,4,Azerbaijan Grand Prix,2019-04-28,Nico,Hülkenberg,HUL,Renault,+1 Lap,2,42195.0,21097.5,8.0
1013,847,3,16,15,0.0,49,12,2019,4,Azerbaijan Grand Prix,2019-04-28,George,Russell,RUS,Williams,+2 Laps,2,41226.0,20613.0,25.0
1013,9,3,0,16,0.0,49,12,2019,4,Azerbaijan Grand Prix,2019-04-28,Robert,Kubica,KUB,Williams,+2 Laps,3,56809.0,18936.333333333332,14.0
1013,842,9,0,17,0.0,38,7,2019,4,Azerbaijan Grand Prix,2019-04-28,Pierre,Gasly,GAS,Red Bull,Transmission,0,,,
1013,154,210,14,18,0.0,38,23,2019,4,Azerbaijan Grand Prix,2019-04-28,Romain,Grosjean,GRO,Haas F1 Team,Brakes,1,20906.0,20906.0,34.0
1013,826,5,6,19,0.0,33,4,2019,4,Azerbaijan Grand Prix,2019-04-28,Daniil,Kvyat,KVY,Toro Rosso,Collision,1,21013.0,21013.0,5.0
1013,817,4,10,20,0.0,31,4,2019,4,Azerbaijan Grand Prix,2019-04-28,Daniel,Ricciardo,RIC,Renault,Collision,1,20884.0,20884.0,10.0
1014,1,131,2,1,26.0,66,1,2019,5,Spanish Grand Prix,2019-05-12,Lewis,Hamilton,HAM,Mercedes,Finished,2,44776.0,22388.0,27.0
1014,822,131,1,2,18.0,66,1,2019,5,Spanish Grand Prix,2019-05-12,Valtteri,Bottas,BOT,Mercedes,Finished,2,44052.0,22026.0,26.0
1014,830,9,4,3,15.0,66,1,2019,5,Spanish Grand Prix,2019-05-12,Max,Verstappen,VER,Red Bull,Finished,2,44957.0,22478.5,20.0
1014,20,6,3,4,12.0,66,1,2019,5,Spanish Grand Prix,2019-05-12,Sebastian,Vettel,VET,Ferrari,Finished,2,45389.0,22694.5,19.0
1014,844,6,5,5,10.0,66,1,2019,5,Spanish Grand Prix,2019-05-12,Charles,Leclerc,LEC,Ferrari,Finished,2,45284.0,22642.0,25.0
1014,842,9,6,6,8.0,66,1,2019,5,Spanish Grand Prix,2019-05-12,Pierre,Gasly,GAS,Red Bull,Finished,2,44658.0,22329.0,22.0
1014,825,210,8,7,6.0,66,1,2019,5,Spanish Grand Prix,2019-05-12,Kevin,Magnussen,MAG,Haas F1 Team,Finished,2,45017.0,22508.5,23.0
1014,832,1,12,8,4.0,66,1,2019,5,Spanish Grand Prix,2019-05-12,Carlos,Sainz,SAI,McLaren,Finished,2,43013.0,21506.5,24.0
1014,826,5,9,9,2.0,66,1,2019,5,Spanish Grand Prix,2019-05-12,Daniil,Kvyat,KVY,Toro Rosso,Finished,2,55870.0,27935.0,21.0
1014,154,210,7,10,1.0,66,1,2019,5,Spanish Grand Prix,2019-05-12,Romain,Grosjean,GRO,Haas F1 Team,Finished,2,45111.0,22555.5,26.0
1014,848,5,11,11,0.0,66,1,2019,5,Spanish Grand Prix,2019-05-12,Alexander,Albon,ALB,Toro Rosso,Finished,2,60936.0,30468.0,25.0
1014,817,4,13,12,0.0,66,1,2019,5,Spanish Grand Prix,2019-05-12,Daniel,Ricciardo,RIC,Renault,Finished,2,45081.0,22540.5,24.0
1014,807,4,0,13,0.0,66,1,2019,5,Spanish Grand Prix,2019-05-12,Nico,Hülkenberg,HUL,Renault,Finished,1,22193.0,22193.0,35.0
1014,8,51,14,14,0.0,66,1,2019,5,Spanish Grand Prix,2019-05-12,Kimi,Räikkönen,RAI,Alfa Romeo,Finished,2,44891.0,22445.5,28.0
1014,815,211,15,15,0.0,66,1,2019,5,Spanish Grand Prix,2019-05-12,Sergio,Pérez,PER,Racing Point,Finished,2,45677.0,22838.5,24.0
1014,841,51,18,16,0.0,66,1,2019,5,Spanish Grand Prix,2019-05-12,Antonio,Giovinazzi,GIO,Alfa Romeo,Finished,2,45888.0,22944.0,6.0
1014,847,3,19,17,0.0,65,11,2019,5,Spanish Grand Prix,2019-05-12,George,Russell,RUS,Williams,+1 Lap,2,44288.0,22144.0,32.0
1014,9,3,17,18,0.0,65,11,2019,5,Spanish Grand Prix,2019-05-12,Robert,Kubica,KUB,Williams,+1 Lap,2,44096.0,22048.0,31.0
1014,840,211,16,19,0.0,44,4,2019,5,Spanish Grand Prix,2019-05-12,Lance,Stroll,STR,Racing Point,Collision,1,23321.0,23321.0,22.0
1014,846,1,10,20,0.0,44,4,2019,5,Spanish Grand Prix,2019-05-12,Lando,Norris,NOR,McLaren,Collision,1,21579.0,21579.0,26.0
1015,1,131,1,1,25.0,78,1,2019,6,Monaco Grand Prix,2019-05-26,Lewis,Hamilton,HAM,Mercedes,Finished,1,24266.0,24266.0,11.0
1015,20,6,4,2,18.0,78,1,2019,6,Monaco Grand Prix,2019-05-26,Sebastian,Vettel,VET,Ferrari,Finished,1,24483.0,24483.0,11.0
1015,822,131,2,3,15.0,78,1,2019,6,Monaco Grand Prix,2019-05-26,Valtteri,Bottas,BOT,Mercedes,Finished,2,49806.0,24903.0,11.0
1015,830,9,3,4,12.0,78,1,2019,6,Monaco Grand Prix,2019-05-26,Max,Verstappen,VER,Red Bull,Finished,1,24011.0,24011.0,11.0
1015,842,9,8,5,11.0,78,1,2019,6,Monaco Grand Prix,2019-05-26,Pierre,Gasly,GAS,Red Bull,Finished,2,48019.0,24009.5,27.0
1015,832,1,9,6,8.0,78,1,2019,6,Monaco Grand Prix,2019-05-26,Carlos,Sainz,SAI,McLaren,Finished,1,23795.0,23795.0,30.0
1015,826,5,7,7,6.0,78,1,2019,6,Monaco Grand Prix,2019-05-26,Daniil,Kvyat,KVY,Toro Rosso,Finished,1,24023.0,24023.0,32.0
1015,848,5,10,8,4.0,78,1,2019,6,Monaco Grand Prix,2019-05-26,Alexander,Albon,ALB,Toro Rosso,Finished,1,25062.0,25062.0,40.0
1015,817,4,6,9,2.0,78,1,2019,6,Monaco Grand Prix,2019-05-26,Daniel,Ricciardo,RIC,Renault,Finished,1,24269.0,24269.0,11.0
1015,154,210,13,10,1.0,78,1,2019,6,Monaco Grand Prix,2019-05-26,Romain,Grosjean,GRO,Haas F1 Team,Finished,1,24219.0,24219.0,50.0
1015,846,1,12,11,0.0,78,1,2019,6,Monaco Grand Prix,2019-05-26,Lando,Norris,NOR,McLaren,Finished,1,25026.0,25026.0,47.0
1015,825,210,5,14,0.0,77,11,2019,6,Monaco Grand Prix,2019-05-26,Kevin,Magnussen,MAG,Haas F1 Team,+1 Lap,1,25419.0,25419.0,11.0
1015,815,211,16,12,0.0,77,11,2019,6,Monaco Grand Prix,2019-05-26,Sergio,Pérez,PER,Racing Point,+1 Lap,1,28463.0,28463.0,11.0
1015,807,4,11,13,0.0,77,11,2019,6,Monaco Grand Prix,2019-05-26,Nico,Hülkenberg,HUL,Renault,+1 Lap,1,25532.0,25532.0,9.0
1015,847,3,19,15,0.0,77,11,2019,6,Monaco Grand Prix,2019-05-26,George,Russell,RUS,Williams,+1 Lap,1,26165.0,26165.0,10.0
1015,840,211,17,16,0.0,77,11,2019,6,Monaco Grand Prix,2019-05-26,Lance,Stroll,STR,Racing Point,+1 Lap,1,24591.0,24591.0,39.0
1015,8,51,14,17,0.0,77,11,2019,6,Monaco Grand Prix,2019-05-26,Kimi,Räikkönen,RAI,Alfa Romeo,+1 Lap,1,26299.0,26299.0,46.0
1015,9,3,20,18,0.0,77,11,2019,6,Monaco Grand Prix,2019-05-26,Robert,Kubica,KUB,Williams,+1 Lap,1,23946.0,23946.0,21.0
1015,841,51,18,19,0.0,76,12,2019,6,Monaco Grand Prix,2019-05-26,Antonio,Giovinazzi,GIO,Alfa Romeo,+2 Laps,1,35651.0,35651.0,44.0
1015,844,6,15,20,0.0,16,4,2019,6,Monaco Grand Prix,2019-05-26,Charles,Leclerc,LEC,Ferrari,Collision,2,51669.0,25834.5,9.0
1016,1,131,2,1,25.0,70,1,2019,7,Canadian Grand Prix,2019-06-09,Lewis,Hamilton,HAM,Mercedes,Finished,1,23662.0,23662.0,28.0
1016,20,6,1,2,18.0,70,1,2019,7,Canadian Grand Prix,2019-06-09,Sebastian,Vettel,VET,Ferrari,Finished,1,23782.0,23782.0,26.0
1016,844,6,3,3,15.0,70,1,2019,7,Canadian Grand Prix,2019-06-09,Charles,Leclerc,LEC,Ferrari,Finished,1,23732.0,23732.0,33.0
1016,822,131,6,4,13.0,70,1,2019,7,Canadian Grand Prix,2019-06-09,Valtteri,Bottas,BOT,Mercedes,Finished,2,47450.0,23725.0,30.0
1016,830,9,9,5,10.0,70,1,2019,7,Canadian Grand Prix,2019-06-09,Max,Verstappen,VER,Red Bull,Finished,1,23426.0,23426.0,48.0
1016,817,4,4,6,8.0,69,11,2019,7,Canadian Grand Prix,2019-06-09,Daniel,Ricciardo,RIC,Renault,+1 Lap,1,23927.0,23927.0,8.0
1016,807,4,7,7,6.0,69,11,2019,7,Canadian Grand Prix,2019-06-09,Nico,Hülkenberg,HUL,Renault,+1 Lap,1,24030.0,24030.0,16.0
1016,842,9,5,8,4.0,69,11,2019,7,Canadian Grand Prix,2019-06-09,Pierre,Gasly,GAS,Red Bull,+1 Lap,1,23485.0,23485.0,7.0
1016,840,211,17,9,2.0,69,11,2019,7,Canadian Grand Prix,2019-06-09,Lance,Stroll,STR,Racing Point,+1 Lap,1,23727.0,23727.0,45.0
1016,826,5,10,10,1.0,69,11,2019,7,Canadian Grand Prix,2019-06-09,Daniil,Kvyat,KVY,Toro Rosso,+1 Lap,1,23825.0,23825.0,12.0
1016,832,1,11,11,0.0,69,11,2019,7,Canadian Grand Prix,2019-06-09,Carlos,Sainz,SAI,McLaren,+1 Lap,1,24727.0,24727.0,3.0
1016,815,211,15,12,0.0,69,11,2019,7,Canadian Grand Prix,2019-06-09,Sergio,Pérez,PER,Racing Point,+1 Lap,1,24076.0,24076.0,11.0
1016,841,51,12,13,0.0,69,11,2019,7,Canadian Grand Prix,2019-06-09,Antonio,Giovinazzi,GIO,Alfa Romeo,+1 Lap,1,23884.0,23884.0,33.0
1016,154,210,14,14,0.0,69,11,2019,7,Canadian Grand Prix,2019-06-09,Romain,Grosjean,GRO,Haas F1 Team,+1 Lap,1,24071.0,24071.0,34.0
1016,8,51,16,15,0.0,69,11,2019,7,Canadian Grand Prix,2019-06-09,Kimi,Räikkönen,RAI,Alfa Romeo,+1 Lap,2,50008.0,25004.0,6.0
1016,847,3,18,16,0.0,68,12,2019,7,Canadian Grand Prix,2019-06-09,George,Russell,RUS,Williams,+2 Laps,1,23686.0,23686.0,9.0
1016,825,210,0,17,0.0,68,12,2019,7,Canadian Grand Prix,2019-06-09,Kevin,Magnussen,MAG,Haas F1 Team,+2 Laps,1,24381.0,24381.0,39.0
1016,9,3,19,18,0.0,67,13,2019,7,Canadian Grand Prix,2019-06-09,Robert,Kubica,KUB,Williams,+3 Laps,2,48329.0,24164.5,8.0
1016,848,5,13,19,0.0,59,130,2019,7,Canadian Grand Prix,2019-06-09,Alexander,Albon,ALB,Toro Rosso,Collision damage,1,37950.0,37950.0,1.0
1016,846,1,8,20,0.0,8,22,2019,7,Canadian Grand Prix,2019-06-09,Lando,Norris,NOR,McLaren,Suspension,0,,,
1017,1,131,1,1,25.0,53,1,2019,8,French Grand Prix,2019-06-23,Lewis,Hamilton,HAM,Mercedes,Finished,1,30186.0,30186.0,24.0
1017,822,131,2,2,18.0,53,1,2019,8,French Grand Prix,2019-06-23,Valtteri,Bottas,BOT,Mercedes,Finished,1,30412.0,30412.0,23.0
1017,844,6,3,3,15.0,53,1,2019,8,French Grand Prix,2019-06-23,Charles,Leclerc,LEC,Ferrari,Finished,1,30203.0,30203.0,21.0
1017,830,9,4,4,12.0,53,1,2019,8,French Grand Prix,2019-06-23,Max,Verstappen,VER,Red Bull,Finished,1,30118.0,30118.0,20.0
1017,20,6,7,5,11.0,53,1,2019,8,French Grand Prix,2019-06-23,Sebastian,Vettel,VET,Ferrari,Finished,2,60512.0,30256.0,25.0
1017,832,1,6,6,8.0,53,1,2019,8,French Grand Prix,2019-06-23,Carlos,Sainz,SAI,McLaren,Finished,1,29920.0,29920.0,19.0
1017,8,51,12,7,6.0,52,11,2019,8,French Grand Prix,2019-06-23,Kimi,Räikkönen,RAI,Alfa Romeo,+1 Lap,1,29975.0,29975.0,31.0
1017,807,4,13,8,4.0,52,11,2019,8,French Grand Prix,2019-06-23,Nico,Hülkenberg,HUL,Renault,+1 Lap,1,30884.0,30884.0,34.0
1017,846,1,5,9,2.0,52,11,2019,8,French Grand Prix,2019-06-23,Lando,Norris,NOR,McLaren,+1 Lap,1,30576.0,30576.0,18.0
1017,842,9,9,10,1.0,52,11,2019,8,French Grand Prix,2019-06-23,Pierre,Gasly,GAS,Red Bull,+1 Lap,1,30228.0,30228.0,17.0
1017,817,4,8,11,0.0,52,11,2019,8,French Grand Prix,2019-06-23,Daniel,Ricciardo,RIC,Renault,+1 Lap,1,31031.0,31031.0,16.0
1017,815,211,14,12,0.0,52,11,2019,8,French Grand Prix,2019-06-23,Sergio,Pérez,PER,Racing Point,+1 Lap,1,37286.0,37286.0,18.0
1017,840,211,17,13,0.0,52,11,2019,8,French Grand Prix,2019-06-23,Lance,Stroll,STR,Racing Point,+1 Lap,1,30849.0,30849.0,39.0
1017,826,5,19,14,0.0,52,11,2019,8,French Grand Prix,2019-06-23,Daniil,Kvyat,KVY,Toro Rosso,+1 Lap,1,30233.0,30233.0,32.0
1017,848,5,11,15,0.0,52,11,2019,8,French Grand Prix,2019-06-23,Alexander,Albon,ALB,Toro Rosso,+1 Lap,1,30279.0,30279.0,25.0
1017,841,51,10,16,0.0,52,11,2019,8,French Grand Prix,2019-06-23,Antonio,Giovinazzi,GIO,Alfa Romeo,+1 Lap,2,62539.0,31269.5,7.0
1017,825,210,15,17,0.0,52,11,2019,8,French Grand Prix,2019-06-23,Kevin,Magnussen,MAG,Haas F1 Team,+1 Lap,1,30832.0,30832.0,16.0
1017,9,3,18,18,0.0,51,12,2019,8,French Grand Prix,2019-06-23,Robert,Kubica,KUB,Williams,+2 Laps,1,29792.0,29792.0,24.0
1017,847,3,20,19,0.0,51,12,2019,8,French Grand Prix,2019-06-23,George,Russell,RUS,Williams,+2 Laps,2,69444.0,34722.0,25.0
1017,154,210,16,20,0.0,44,31,2019,8,French Grand Prix,2019-06-23,Romain,Grosjean,GRO,Haas F1 Team,Retired,1,30837.0,30837.0,31.0
1018,830,9,2,1,26.0,71,1,2019,9,Austrian Grand Prix,2019-06-30,Max,Verstappen,VER,Red Bull,Finished,1,21110.0,21110.0,31.0
1018,844,6,1,2,18.0,71,1,2019,9,Austrian Grand Prix,2019-06-30,Charles,Leclerc,LEC,Ferrari,Finished,1,21878.0,21878.0,22.0
1018,822,131,3,3,15.0,71,1,2019,9,Austrian Grand Prix,2019-06-30,Valtteri,Bottas,BOT,Mercedes,Finished,1,22552.0,22552.0,21.0
1018,20,6,9,4,12.0,71,1,2019,9,Austrian Grand Prix,2019-06-30,Sebastian,Vettel,VET,Ferrari,Finished,2,47487.0,23743.5,21.0
1018,1,131,4,5,10.0,71,1,2019,9,Austrian Grand Prix,2019-06-30,Lewis,Hamilton,HAM,Mercedes,Finished,1,30067.0,30067.0,30.0
1018,846,1,5,6,8.0,70,11,2019,9,Austrian Grand Prix,2019-06-30,Lando,Norris,NOR,McLaren,+1 Lap,1,21547.0,21547.0,25.0
1018,842,9,8,7,6.0,70,11,2019,9,Austrian Grand Prix,2019-06-30,Pierre,Gasly,GAS,Red Bull,+1 Lap,1,22239.0,22239.0,25.0
1018,832,1,19,8,4.0,70,11,2019,9,Austrian Grand Prix,2019-06-30,Carlos,Sainz,SAI,McLaren,+1 Lap,1,21266.0,21266.0,41.0
1018,8,51,6,9,2.0,70,11,2019,9,Austrian Grand Prix,2019-06-30,Kimi,Räikkönen,RAI,Alfa Romeo,+1 Lap,1,21709.0,21709.0,23.0
1018,841,51,7,10,1.0,70,11,2019,9,Austrian Grand Prix,2019-06-30,Antonio,Giovinazzi,GIO,Alfa Romeo,+1 Lap,1,21672.0,21672.0,24.0
1018,815,211,13,11,0.0,70,11,2019,9,Austrian Grand Prix,2019-06-30,Sergio,Pérez,PER,Racing Point,+1 Lap,1,22330.0,22330.0,28.0
1018,817,4,12,12,0.0,70,11,2019,9,Austrian Grand Prix,2019-06-30,Daniel,Ricciardo,RIC,Renault,+1 Lap,1,22305.0,22305.0,46.0
1018,807,4,15,13,0.0,70,11,2019,9,Austrian Grand Prix,2019-06-30,Nico,Hülkenberg,HUL,Renault,+1 Lap,1,21985.0,21985.0,26.0
1018,840,211,14,14,0.0,70,11,2019,9,Austrian Grand Prix,2019-06-30,Lance,Stroll,STR,Racing Point,+1 Lap,1,21982.0,21982.0,25.0
1018,848,5,18,15,0.0,70,11,2019,9,Austrian Grand Prix,2019-06-30,Alexander,Albon,ALB,Toro Rosso,+1 Lap,1,21225.0,21225.0,35.0
1018,154,210,11,16,0.0,70,11,2019,9,Austrian Grand Prix,2019-06-30,Romain,Grosjean,GRO,Haas F1 Team,+1 Lap,1,22265.0,22265.0,34.0
1018,826,5,16,17,0.0,70,11,2019,9,Austrian Grand Prix,2019-06-30,Daniil,Kvyat,KVY,Toro Rosso,+1 Lap,1,25091.0,25091.0,32.0
1018,847,3,0,18,0.0,69,12,2019,9,Austrian Grand Prix,2019-06-30,George,Russell,RUS,Williams,+2 Laps,1,22772.0,22772.0,27.0
1018,825,210,10,19,0.0,69,12,2019,9,Austrian Grand Prix,2019-06-30,Kevin,Magnussen,MAG,Haas F1 Team,+2 Laps,3,61776.0,20592.0,11.0
1018,9,3,17,20,0.0,68,13,2019,9,Austrian Grand Prix,2019-06-30,Robert,Kubica,KUB,Williams,+3 Laps,1,21525.0,21525.0,19.0
1019,1,131,2,1,26.0,52,1,2019,10,British Grand Prix,2019-07-14,Lewis,Hamilton,HAM,Mercedes,Finished,1,28905.0,28905.0,20.0
1019,822,131,1,2,18.0,52,1,2019,10,British Grand Prix,2019-07-14,Valtteri,Bottas,BOT,Mercedes,Finished,2,56670.0,28335.0,16.0
1019,844,6,3,3,15.0,52,1,2019,10,British Grand Prix,2019-07-14,Charles,Leclerc,LEC,Ferrari,Finished,2,56906.0,28453.0,13.0
1019,842,9,5,4,12.0,52,1,2019,10,British Grand Prix,2019-07-14,Pierre,Gasly,GAS,Red Bull,Finished,1,27905.0,27905.0,12.0
1019,830,9,4,5,10.0,52,1,2019,10,British Grand Prix,2019-07-14,Max,Verstappen,VER,Red Bull,Finished,2,55777.0,27888.5,13.0
1019,832,1,13,6,8.0,52,1,2019,10,British Grand Prix,2019-07-14,Carlos,Sainz,SAI,McLaren,Finished,1,27980.0,27980.0,20.0
1019,817,4,7,7,6.0,52,1,2019,10,British Grand Prix,2019-07-14,Daniel,Ricciardo,RIC,Renault,Finished,2,56797.0,28398.5,12.0
1019,8,51,12,8,4.0,52,1,2019,10,British Grand Prix,2019-07-14,Kimi,Räikkönen,RAI,Alfa Romeo,Finished,1,28364.0,28364.0,17.0
1019,826,5,17,9,2.0,52,1,2019,10,British Grand Prix,2019-07-14,Daniil,Kvyat,KVY,Toro Rosso,Finished,2,58188.0,29094.0,12.0
1019,807,4,10,10,1.0,52,1,2019,10,British Grand Prix,2019-07-14,Nico,Hülkenberg,HUL,Renault,Finished,1,28926.0,28926.0,13.0
1019,846,1,8,11,0.0,52,1,2019,10,British Grand Prix,2019-07-14,Lando,Norris,NOR,McLaren,Finished,2,56194.0,28097.0,13.0
1019,848,5,9,12,0.0,52,1,2019,10,British Grand Prix,2019-07-14,Alexander,Albon,ALB,Toro Rosso,Finished,1,28954.0,28954.0,13.0
1019,840,211,18,13,0.0,52,1,2019,10,British Grand Prix,2019-07-14,Lance,Stroll,STR,Racing Point,Finished,2,59474.0,29737.0,13.0
1019,847,3,19,14,0.0,51,11,2019,10,British Grand Prix,2019-07-14,George,Russell,RUS,Williams,+1 Lap,1,30245.0,30245.0,21.0
1019,9,3,20,15,0.0,51,11,2019,10,British Grand Prix,2019-07-14,Robert,Kubica,KUB,Williams,+1 Lap,1,28694.0,28694.0,20.0
1019,20,6,6,16,0.0,51,11,2019,10,British Grand Prix,2019-07-14,Sebastian,Vettel,VET,Ferrari,+1 Lap,2,66489.0,33244.5,20.0
1019,815,211,15,17,0.0,51,11,2019,10,British Grand Prix,2019-07-14,Sergio,Pérez,PER,Racing Point,+1 Lap,3,97043.0,32347.666666666668,18.0
1019,841,51,11,18,0.0,18,20,2019,10,British Grand Prix,2019-07-14,Antonio,Giovinazzi,GIO,Alfa Romeo,Spun off,0,,,
1019,154,210,14,19,0.0,9,4,2019,10,British Grand Prix,2019-07-14,Romain,Grosjean,GRO,Haas F1 Team,Collision,1,33562.0,33562.0,1.0
1019,825,210,16,20,0.0,6,4,2019,10,British Grand Prix,2019-07-14,Kevin,Magnussen,MAG,Haas F1 Team,Collision,1,32767.0,32767.0,1.0
1020,830,9,2,1,26.0,64,1,2019,11,German Grand Prix,2019-07-28,Max,Verstappen,VER,Red Bull,Finished,5,101859.0,20371.8,3.0
1020,20,6,20,2,18.0,64,1,2019,11,German Grand Prix,2019-07-28,Sebastian,Vettel,VET,Ferrari,Finished,5,103762.0,20752.4,2.0
1020,826,5,14,3,15.0,64,1,2019,11,German Grand Prix,2019-07-28,Daniil,Kvyat,KVY,Toro Rosso,Finished,4,89559.0,22389.75,3.0
1020,840,211,15,4,12.0,64,1,2019,11,German Grand Prix,2019-07-28,Lance,Stroll,STR,Racing Point,Finished,5,106542.0,21308.4,7.0
1020,832,1,7,5,10.0,64,1,2019,11,German Grand Prix,2019-07-28,Carlos,Sainz,SAI,McLaren,Finished,3,64038.0,21346.0,3.0
1020,848,5,16,6,8.0,64,1,2019,11,German Grand Prix,2019-07-28,Alexander,Albon,ALB,Toro Rosso,Finished,4,83740.0,20935.0,2.0
1020,154,210,6,7,6.0,64,1,2019,11,German Grand Prix,2019-07-28,Romain,Grosjean,GRO,Haas F1 Team,Finished,5,113323.0,22664.6,3.0
1020,825,210,12,8,4.0,64,1,2019,11,German Grand Prix,2019-07-28,Kevin,Magnussen,MAG,Haas F1 Team,Finished,6,125009.0,20834.833333333332,8.0
1020,1,131,1,9,2.0,64,1,2019,11,German Grand Prix,2019-07-28,Lewis,Hamilton,HAM,Mercedes,Finished,6,178866.0,29811.0,3.0
1020,9,3,18,10,1.0,64,1,2019,11,German Grand Prix,2019-07-28,Robert,Kubica,KUB,Williams,Finished,5,104058.0,20811.6,7.0
1020,847,3,17,11,0.0,64,1,2019,11,German Grand Prix,2019-07-28,George,Russell,RUS,Williams,Finished,5,104429.0,20885.8,7.0
1020,8,51,5,12,0.0,64,1,2019,11,German Grand Prix,2019-07-28,Kimi,Räikkönen,RAI,Alfa Romeo,Finished,4,91635.0,22908.75,3.0
1020,841,51,11,13,0.0,64,1,2019,11,German Grand Prix,2019-07-28,Antonio,Giovinazzi,GIO,Alfa Romeo,Finished,4,91577.0,22894.25,3.0
1020,842,9,4,14,0.0,61,4,2019,11,German Grand Prix,2019-07-28,Pierre,Gasly,GAS,Red Bull,Collision,4,90106.0,22526.5,3.0
1020,822,131,3,15,0.0,56,3,2019,11,German Grand Prix,2019-07-28,Valtteri,Bottas,BOT,Mercedes,Accident,4,84892.0,21223.0,3.0
1020,807,4,9,16,0.0,39,3,2019,11,German Grand Prix,2019-07-28,Nico,Hülkenberg,HUL,Renault,Accident,3,62874.0,20958.0,3.0
1020,844,6,10,17,0.0,27,3,2019,11,German Grand Prix,2019-07-28,Charles,Leclerc,LEC,Ferrari,Accident,3,62780.0,20926.666666666668,3.0
1020,846,1,19,18,0.0,25,75,2019,11,German Grand Prix,2019-07-28,Lando,Norris,NOR,McLaren,Power loss,2,41644.0,20822.0,6.0
1020,817,4,13,19,0.0,13,43,2019,11,German Grand Prix,2019-07-28,Daniel,Ricciardo,RIC,Renault,Exhaust,1,21224.0,21224.0,3.0
1020,815,211,8,20,0.0,1,20,2019,11,German Grand Prix,2019-07-28,Sergio,Pérez,PER,Racing Point,Spun off,0,,,
1021,1,131,3,1,25.0,70,1,2019,12,Hungarian Grand Prix,2019-08-04,Lewis,Hamilton,HAM,Mercedes,Finished,2,44270.0,22135.0,31.0
1021,830,9,1,2,19.0,70,1,2019,12,Hungarian Grand Prix,2019-08-04,Max,Verstappen,VER,Red Bull,Finished,2,42869.0,21434.5,25.0
1021,20,6,5,3,15.0,70,1,2019,12,Hungarian Grand Prix,2019-08-04,Sebastian,Vettel,VET,Ferrari,Finished,1,24819.0,24819.0,39.0
1021,844,6,4,4,12.0,70,1,2019,12,Hungarian Grand Prix,2019-08-04,Charles,Leclerc,LEC,Ferrari,Finished,1,21575.0,21575.0,27.0
1021,832,1,8,5,10.0,69,11,2019,12,Hungarian Grand Prix,2019-08-04,Carlos,Sainz,SAI,McLaren,+1 Lap,1,21832.0,21832.0,29.0
1021,842,9,6,6,8.0,69,11,2019,12,Hungarian Grand Prix,2019-08-04,Pierre,Gasly,GAS,Red Bull,+1 Lap,1,22104.0,22104.0,28.0
1021,8,51,10,7,6.0,69,11,2019,12,Hungarian Grand Prix,2019-08-04,Kimi,Räikkönen,RAI,Alfa Romeo,+1 Lap,1,22205.0,22205.0,29.0
1021,822,131,2,8,4.0,69,11,2019,12,Hungarian Grand Prix,2019-08-04,Valtteri,Bottas,BOT,Mercedes,+1 Lap,2,55072.0,27536.0,5.0
1021,846,1,7,9,2.0,69,11,2019,12,Hungarian Grand Prix,2019-08-04,Lando,Norris,NOR,McLaren,+1 Lap,1,26066.0,26066.0,28.0
1021,848,5,12,10,1.0,69,11,2019,12,Hungarian Grand Prix,2019-08-04,Alexander,Albon,ALB,Toro Rosso,+1 Lap,1,23676.0,23676.0,28.0
1021,815,211,16,11,0.0,69,11,2019,12,Hungarian Grand Prix,2019-08-04,Sergio,Pérez,PER,Racing Point,+1 Lap,1,21901.0,21901.0,18.0
1021,807,4,11,12,0.0,69,11,2019,12,Hungarian Grand Prix,2019-08-04,Nico,Hülkenberg,HUL,Renault,+1 Lap,1,21734.0,21734.0,36.0
1021,825,210,14,13,0.0,69,11,2019,12,Hungarian Grand Prix,2019-08-04,Kevin,Magnussen,MAG,Haas F1 Team,+1 Lap,1,21618.0,21618.0,38.0
1021,817,4,20,14,0.0,69,11,2019,12,Hungarian Grand Prix,2019-08-04,Daniel,Ricciardo,RIC,Renault,+1 Lap,1,22498.0,22498.0,46.0
1021,826,5,13,15,0.0,68,12,2019,12,Hungarian Grand Prix,2019-08-04,Daniil,Kvyat,KVY,Toro Rosso,+2 Laps,1,23002.0,23002.0,21.0
1021,847,3,15,16,0.0,68,12,2019,12,Hungarian Grand Prix,2019-08-04,George,Russell,RUS,Williams,+2 Laps,1,21333.0,21333.0,16.0
1021,840,211,18,17,0.0,68,12,2019,12,Hungarian Grand Prix,2019-08-04,Lance,Stroll,STR,Racing Point,+2 Laps,2,43648.0,21824.0,16.0
1021,841,51,17,18,0.0,68,12,2019,12,Hungarian Grand Prix,2019-08-04,Antonio,Giovinazzi,GIO,Alfa Romeo,+2 Laps,1,23218.0,23218.0,15.0
1021,9,3,19,19,0.0,67,13,2019,12,Hungarian Grand Prix,2019-08-04,Robert,Kubica,KUB,Williams,+3 Laps,1,21754.0,21754.0,18.0
1021,154,210,9,20,0.0,49,34,2019,12,Hungarian Grand Prix,2019-08-04,Romain,Grosjean,GRO,Haas F1 Team,Water pressure,1,22035.0,22035.0,19.0
1022,844,6,1,1,25.0,44,1,2019,13,Belgian Grand Prix,2019-09-01,Charles,Leclerc,LEC,Ferrari,Finished,1,22449.0,22449.0,21.0
1022,1,131,3,2,18.0,44,1,2019,13,Belgian Grand Prix,2019-09-01,Lewis,Hamilton,HAM,Mercedes,Finished,1,23497.0,23497.0,22.0
1022,822,131,4,3,15.0,44,1,2019,13,Belgian Grand Prix,2019-09-01,Valtteri,Bottas,BOT,Mercedes,Finished,1,22579.0,22579.0,23.0
1022,20,6,2,4,13.0,44,1,2019,13,Belgian Grand Prix,2019-09-01,Sebastian,Vettel,VET,Ferrari,Finished,2,45649.0,22824.5,15.0
1022,848,9,17,5,10.0,44,1,2019,13,Belgian Grand Prix,2019-09-01,Alexander,Albon,ALB,Red Bull,Finished,1,22506.0,22506.0,23.0
1022,815,211,7,6,8.0,44,1,2019,13,Belgian Grand Prix,2019-09-01,Sergio,Pérez,PER,Racing Point,Finished,1,23133.0,23133.0,15.0
1022,826,5,19,7,6.0,44,1,2019,13,Belgian Grand Prix,2019-09-01,Daniil,Kvyat,KVY,Toro Rosso,Finished,1,22834.0,22834.0,24.0
1022,807,4,12,8,4.0,44,1,2019,13,Belgian Grand Prix,2019-09-01,Nico,Hülkenberg,HUL,Renault,Finished,2,46475.0,23237.5,11.0
1022,842,5,13,9,2.0,44,1,2019,13,Belgian Grand Prix,2019-09-01,Pierre,Gasly,GAS,Toro Rosso,Finished,1,22772.0,22772.0,13.0
1022,840,211,16,10,1.0,44,1,2019,13,Belgian Grand Prix,2019-09-01,Lance,Stroll,STR,Racing Point,Finished,2,48024.0,24012.0,14.0
1022,846,1,11,11,0.0,43,5,2019,13,Belgian Grand Prix,2019-09-01,Lando,Norris,NOR,McLaren,Engine,1,23182.0,23182.0,19.0
1022,825,210,8,12,0.0,43,11,2019,13,Belgian Grand Prix,2019-09-01,Kevin,Magnussen,MAG,Haas F1 Team,+1 Lap,1,22584.0,22584.0,25.0
1022,154,210,9,13,0.0,43,11,2019,13,Belgian Grand Prix,2019-09-01,Romain,Grosjean,GRO,Haas F1 Team,+1 Lap,1,22912.0,22912.0,16.0
1022,817,4,10,14,0.0,43,11,2019,13,Belgian Grand Prix,2019-09-01,Daniel,Ricciardo,RIC,Renault,+1 Lap,1,27620.0,27620.0,1.0
1022,847,3,14,15,0.0,43,11,2019,13,Belgian Grand Prix,2019-09-01,George,Russell,RUS,Williams,+1 Lap,1,22442.0,22442.0,30.0
1022,8,51,6,16,0.0,43,11,2019,13,Belgian Grand Prix,2019-09-01,Kimi,Räikkönen,RAI,Alfa Romeo,+1 Lap,3,90942.0,30314.0,1.0
1022,9,3,0,17,0.0,43,11,2019,13,Belgian Grand Prix,2019-09-01,Robert,Kubica,KUB,Williams,+1 Lap,1,24247.0,24247.0,31.0
1022,841,51,18,18,0.0,42,3,2019,13,Belgian Grand Prix,2019-09-01,Antonio,Giovinazzi,GIO,Alfa Romeo,Accident,1,23044.0,23044.0,29.0
1022,832,1,15,19,0.0,1,75,2019,13,Belgian Grand Prix,2019-09-01,Carlos,Sainz,SAI,McLaren,Power loss,1,59291.0,59291.0,1.0
1022,830,9,5,20,0.0,0,3,2019,13,Belgian Grand Prix,2019-09-01,Max,Verstappen,VER,Red Bull,Accident,0,,,
1023,844,6,1,1,25.0,53,1,2019,14,Italian Grand Prix,2019-09-08,Charles,Leclerc,LEC,Ferrari,Finished,1,23833.0,23833.0,20.0
1023,822,131,3,2,18.0,53,1,2019,14,Italian Grand Prix,2019-09-08,Valtteri,Bottas,BOT,Mercedes,Finished,1,23700.0,23700.0,27.0
1023,1,131,2,3,16.0,53,1,2019,14,Italian Grand Prix,2019-09-08,Lewis,Hamilton,HAM,Mercedes,Finished,2,47643.0,23821.5,19.0
1023,817,4,5,4,12.0,53,1,2019,14,Italian Grand Prix,2019-09-08,Daniel,Ricciardo,RIC,Renault,Finished,1,24320.0,24320.0,30.0
1023,807,4,6,5,10.0,53,1,2019,14,Italian Grand Prix,2019-09-08,Nico,Hülkenberg,HUL,Renault,Finished,1,24092.0,24092.0,29.0
1023,848,9,8,6,8.0,53,1,2019,14,Italian Grand Prix,2019-09-08,Alexander,Albon,ALB,Red Bull,Finished,1,29830.0,29830.0,26.0
1023,815,211,18,7,6.0,53,1,2019,14,Italian Grand Prix,2019-09-08,Sergio,Pérez,PER,Racing Point,Finished,1,25340.0,25340.0,28.0
1023,830,9,19,8,4.0,53,1,2019,14,Italian Grand Prix,2019-09-08,Max,Verstappen,VER,Red Bull,Finished,2,55514.0,27757.0,1.0
1023,841,51,10,9,2.0,52,11,2019,14,Italian Grand Prix,2019-09-08,Antonio,Giovinazzi,GIO,Alfa Romeo,+1 Lap,1,25698.0,25698.0,21.0
1023,846,1,16,10,1.0,52,11,2019,14,Italian Grand Prix,2019-09-08,Lando,Norris,NOR,McLaren,+1 Lap,1,24311.0,24311.0,23.0
1023,842,5,17,11,0.0,52,11,2019,14,Italian Grand Prix,2019-09-08,Pierre,Gasly,GAS,Toro Rosso,+1 Lap,1,24363.0,24363.0,28.0
1023,840,211,9,12,0.0,52,11,2019,14,Italian Grand Prix,2019-09-08,Lance,Stroll,STR,Racing Point,+1 Lap,2,43257.0,21628.5,15.0
1023,20,6,4,13,0.0,52,11,2019,14,Italian Grand Prix,2019-09-08,Sebastian,Vettel,VET,Ferrari,+1 Lap,3,88670.0,29556.666666666668,6.0
1023,847,3,14,14,0.0,52,11,2019,14,Italian Grand Prix,2019-09-08,George,Russell,RUS,Williams,+1 Lap,1,24198.0,24198.0,23.0
1023,8,51,0,15,0.0,52,11,2019,14,Italian Grand Prix,2019-09-08,Kimi,Räikkönen,RAI,Alfa Romeo,+1 Lap,2,56961.0,28480.5,19.0
1023,154,210,13,16,0.0,52,11,2019,14,Italian Grand Prix,2019-09-08,Romain,Grosjean,GRO,Haas F1 Team,+1 Lap,2,51602.0,25801.0,7.0
1023,9,3,15,17,0.0,51,12,2019,14,Italian Grand Prix,2019-09-08,Robert,Kubica,KUB,Williams,+2 Laps,2,55702.0,27851.0,29.0
1023,825,210,11,18,0.0,43,9,2019,14,Italian Grand Prix,2019-09-08,Kevin,Magnussen,MAG,Haas F1 Team,Hydraulics,2,49378.0,24689.0,20.0
1023,826,5,12,19,0.0,29,5,2019,14,Italian Grand Prix,2019-09-08,Daniil,Kvyat,KVY,Toro Rosso,Engine,1,24479.0,24479.0,28.0
1023,832,1,7,20,0.0,27,36,2019,14,Italian Grand Prix,2019-09-08,Carlos,Sainz,SAI,McLaren,Wheel,1,27010.0,27010.0,27.0
1024,20,6,3,1,25.0,61,1,2019,15,Singapore Grand Prix,2019-09-22,Sebastian,Vettel,VET,Ferrari,Finished,1,29384.0,29384.0,19.0
1024,844,6,1,2,18.0,61,1,2019,15,Singapore Grand Prix,2019-09-22,Charles,Leclerc,LEC,Ferrari,Finished,1,29168.0,29168.0,20.0
1024,830,9,4,3,15.0,61,1,2019,15,Singapore Grand Prix,2019-09-22,Max,Verstappen,VER,Red Bull,Finished,1,28846.0,28846.0,19.0
1024,1,131,2,4,12.0,61,1,2019,15,Singapore Grand Prix,2019-09-22,Lewis,Hamilton,HAM,Mercedes,Finished,1,28930.0,28930.0,26.0
1024,822,131,5,5,10.0,61,1,2019,15,Singapore Grand Prix,2019-09-22,Valtteri,Bottas,BOT,Mercedes,Finished,1,29234.0,29234.0,22.0
1024,848,9,6,6,8.0,61,1,2019,15,Singapore Grand Prix,2019-09-22,Alexander,Albon,ALB,Red Bull,Finished,1,28606.0,28606.0,20.0
1024,846,1,9,7,6.0,61,1,2019,15,Singapore Grand Prix,2019-09-22,Lando,Norris,NOR,McLaren,Finished,1,30397.0,30397.0,20.0
1024,842,5,11,8,4.0,61,1,2019,15,Singapore Grand Prix,2019-09-22,Pierre,Gasly,GAS,Toro Rosso,Finished,1,32482.0,32482.0,32.0
1024,807,4,8,9,2.0,61,1,2019,15,Singapore Grand Prix,2019-09-22,Nico,Hülkenberg,HUL,Renault,Finished,2,58715.0,29357.5,1.0
1024,841,51,10,10,1.0,61,1,2019,15,Singapore Grand Prix,2019-09-22,Antonio,Giovinazzi,GIO,Alfa Romeo,Finished,2,58030.0,29015.0,34.0
1024,154,210,17,11,0.0,61,1,2019,15,Singapore Grand Prix,2019-09-22,Romain,Grosjean,GRO,Haas F1 Team,Finished,2,73032.0,36516.0,23.0
1024,832,1,7,12,0.0,61,1,2019,15,Singapore Grand Prix,2019-09-22,Carlos,Sainz,SAI,McLaren,Finished,1,30623.0,30623.0,35.0
1024,840,211,16,13,0.0,61,1,2019,15,Singapore Grand Prix,2019-09-22,Lance,Stroll,STR,Racing Point,Finished,3,98130.0,32710.0,31.0
1024,817,4,20,14,0.0,61,1,2019,15,Singapore Grand Prix,2019-09-22,Daniel,Ricciardo,RIC,Renault,Finished,1,30756.0,30756.0,34.0
1024,826,5,14,15,0.0,61,1,2019,15,Singapore Grand Prix,2019-09-22,Daniil,Kvyat,KVY,Toro Rosso,Finished,2,63510.0,31755.0,12.0
1024,9,3,19,16,0.0,61,1,2019,15,Singapore Grand Prix,2019-09-22,Robert,Kubica,KUB,Williams,Finished,2,59354.0,29677.0,21.0
1024,825,210,13,17,0.0,61,1,2019,15,Singapore Grand Prix,2019-09-22,Kevin,Magnussen,MAG,Haas F1 Team,Finished,2,60319.0,30159.5,18.0
1024,8,51,12,18,0.0,49,4,2019,15,Singapore Grand Prix,2019-09-22,Kimi,Räikkönen,RAI,Alfa Romeo,Collision,1,29992.0,29992.0,15.0
1024,815,211,15,19,0.0,42,5,2019,15,Singapore Grand Prix,2019-09-22,Sergio,Pérez,PER,Racing Point,Engine,1,29082.0,29082.0,13.0
1024,847,3,18,20,0.0,34,4,2019,15,Singapore Grand Prix,2019-09-22,George,Russell,RUS,Williams,Collision,1,38752.0,38752.0,1.0
1025,1,131,2,1,26.0,53,1,2019,16,Russian Grand Prix,2019-09-29,Lewis,Hamilton,HAM,Mercedes,Finished,1,29751.0,29751.0,28.0
1025,822,131,4,2,18.0,53,1,2019,16,Russian Grand Prix,2019-09-29,Valtteri,Bottas,BOT,Mercedes,Finished,1,29436.0,29436.0,28.0
1025,844,6,1,3,15.0,53,1,2019,16,Russian Grand Prix,2019-09-29,Charles,Leclerc,LEC,Ferrari,Finished,2,58949.0,29474.5,22.0
1025,830,9,9,4,12.0,53,1,2019,16,Russian Grand Prix,2019-09-29,Max,Verstappen,VER,Red Bull,Finished,1,29978.0,29978.0,28.0
1025,848,9,0,5,10.0,53,1,2019,16,Russian Grand Prix,2019-09-29,Alexander,Albon,ALB,Red Bull,Finished,1,29854.0,29854.0,29.0
1025,832,1,5,6,8.0,53,1,2019,16,Russian Grand Prix,2019-09-29,Carlos,Sainz,SAI,McLaren,Finished,1,30103.0,30103.0,21.0
1025,815,211,11,7,6.0,53,1,2019,16,Russian Grand Prix,2019-09-29,Sergio,Pérez,PER,Racing Point,Finished,1,30271.0,30271.0,23.0
1025,846,1,7,8,4.0,53,1,2019,16,Russian Grand Prix,2019-09-29,Lando,Norris,NOR,McLaren,Finished,1,29290.0,29290.0,20.0
1025,825,210,13,9,2.0,53,1,2019,16,Russian Grand Prix,2019-09-29,Kevin,Magnussen,MAG,Haas F1 Team,Finished,1,30509.0,30509.0,27.0
1025,807,4,6,10,1.0,53,1,2019,16,Russian Grand Prix,2019-09-29,Nico,Hülkenberg,HUL,Renault,Finished,2,64050.0,32025.0,16.0
1025,840,211,14,11,0.0,53,1,2019,16,Russian Grand Prix,2019-09-29,Lance,Stroll,STR,Racing Point,Finished,1,30168.0,30168.0,27.0
1025,826,5,19,12,0.0,53,1,2019,16,Russian Grand Prix,2019-09-29,Daniil,Kvyat,KVY,Toro Rosso,Finished,2,60324.0,30162.0,27.0
1025,8,51,15,13,0.0,53,1,2019,16,Russian Grand Prix,2019-09-29,Kimi,Räikkönen,RAI,Alfa Romeo,Finished,2,61550.0,30775.0,9.0
1025,842,5,16,14,0.0,53,1,2019,16,Russian Grand Prix,2019-09-29,Pierre,Gasly,GAS,Toro Rosso,Finished,1,29935.0,29935.0,26.0
1025,841,51,12,15,0.0,53,1,2019,16,Russian Grand Prix,2019-09-29,Antonio,Giovinazzi,GIO,Alfa Romeo,Finished,2,68420.0,34210.0,2.0
1025,9,3,18,16,0.0,28,23,2019,16,Russian Grand Prix,2019-09-29,Robert,Kubica,KUB,Williams,Brakes,2,60764.0,30382.0,1.0
1025,847,3,17,17,0.0,27,23,2019,16,Russian Grand Prix,2019-09-29,George,Russell,RUS,Williams,Brakes,1,29857.0,29857.0,27.0
1025,20,6,3,18,0.0,26,75,2019,16,Russian Grand Prix,2019-09-29,Sebastian,Vettel,VET,Ferrari,Power loss,1,29860.0,29860.0,26.0
1025,817,4,10,19,0.0,24,4,2019,16,Russian Grand Prix,2019-09-29,Daniel,Ricciardo,RIC,Renault,Collision,1,36031.0,36031.0,1.0
1025,154,210,8,20,0.0,0,4,2019,16,Russian Grand Prix,2019-09-29,Romain,Grosjean,GRO,Haas F1 Team,Collision,0,,,
1026,822,131,3,1,25.0,52,1,2019,17,Japanese Grand Prix,2019-10-13,Valtteri,Bottas,BOT,Mercedes,Finished,2,46157.0,23078.5,17.0
1026,20,6,1,2,18.0,52,1,2019,17,Japanese Grand Prix,2019-10-13,Sebastian,Vettel,VET,Ferrari,Finished,2,47245.0,23622.5,16.0
1026,1,131,4,3,16.0,52,1,2019,17,Japanese Grand Prix,2019-10-13,Lewis,Hamilton,HAM,Mercedes,Finished,2,47173.0,23586.5,21.0
1026,848,9,6,4,12.0,52,1,2019,17,Japanese Grand Prix,2019-10-13,Alexander,Albon,ALB,Red Bull,Finished,2,46655.0,23327.5,15.0
1026,832,1,7,5,10.0,52,1,2019,17,Japanese Grand Prix,2019-10-13,Carlos,Sainz,SAI,McLaren,Finished,1,23476.0,23476.0,26.0
1026,844,6,2,6,8.0,51,11,2019,17,Japanese Grand Prix,2019-10-13,Charles,Leclerc,LEC,Ferrari,+1 Lap,3,77362.0,25787.333333333332,3.0
1026,842,5,9,7,6.0,51,11,2019,17,Japanese Grand Prix,2019-10-13,Pierre,Gasly,GAS,Toro Rosso,+1 Lap,1,23180.0,23180.0,18.0
1026,815,211,17,8,4.0,51,11,2019,17,Japanese Grand Prix,2019-10-13,Sergio,Pérez,PER,Racing Point,+1 Lap,2,46181.0,23090.5,19.0
1026,840,211,12,9,2.0,51,11,2019,17,Japanese Grand Prix,2019-10-13,Lance,Stroll,STR,Racing Point,+1 Lap,1,23292.0,23292.0,18.0
1026,826,5,14,10,1.0,51,11,2019,17,Japanese Grand Prix,2019-10-13,Daniil,Kvyat,KVY,Toro Rosso,+1 Lap,1,23293.0,23293.0,27.0
1026,846,1,8,11,0.0,51,11,2019,17,Japanese Grand Prix,2019-10-13,Lando,Norris,NOR,McLaren,+1 Lap,2,49296.0,24648.0,4.0
1026,8,51,13,12,0.0,51,11,2019,17,Japanese Grand Prix,2019-10-13,Kimi,Räikkönen,RAI,Alfa Romeo,+1 Lap,2,47632.0,23816.0,15.0
1026,154,210,10,13,0.0,51,11,2019,17,Japanese Grand Prix,2019-10-13,Romain,Grosjean,GRO,Haas F1 Team,+1 Lap,1,23478.0,23478.0,16.0
1026,841,51,11,14,0.0,51,11,2019,17,Japanese Grand Prix,2019-10-13,Antonio,Giovinazzi,GIO,Alfa Romeo,+1 Lap,2,46763.0,23381.5,18.0
1026,825,210,19,15,0.0,51,11,2019,17,Japanese Grand Prix,2019-10-13,Kevin,Magnussen,MAG,Haas F1 Team,+1 Lap,2,48129.0,24064.5,17.0
1026,847,3,18,16,0.0,50,12,2019,17,Japanese Grand Prix,2019-10-13,George,Russell,RUS,Williams,+2 Laps,1,23792.0,23792.0,25.0
1026,9,3,0,17,0.0,50,12,2019,17,Japanese Grand Prix,2019-10-13,Robert,Kubica,KUB,Williams,+2 Laps,2,49704.0,24852.0,22.0
1026,830,9,5,18,0.0,14,23,2019,17,Japanese Grand Prix,2019-10-13,Max,Verstappen,VER,Red Bull,Brakes,0,,,
1026,817,4,16,19,0.0,51,2,2019,17,Japanese Grand Prix,2019-10-13,Daniel,Ricciardo,RIC,Renault,Disqualified,1,23292.0,23292.0,29.0
1026,807,4,15,20,0.0,51,2,2019,17,Japanese Grand Prix,2019-10-13,Nico,Hülkenberg,HUL,Renault,Disqualified,1,24132.0,24132.0,19.0
1027,1,131,3,1,25.0,71,1,2019,18,Mexican Grand Prix,2019-10-27,Lewis,Hamilton,HAM,Mercedes,Finished,1,22269.0,22269.0,23.0
1027,20,6,2,2,18.0,71,1,2019,18,Mexican Grand Prix,2019-10-27,Sebastian,Vettel,VET,Ferrari,Finished,1,21862.0,21862.0,37.0
1027,822,131,6,3,15.0,71,1,2019,18,Mexican Grand Prix,2019-10-27,Valtteri,Bottas,BOT,Mercedes,Finished,1,22179.0,22179.0,36.0
1027,844,6,1,4,13.0,71,1,2019,18,Mexican Grand Prix,2019-10-27,Charles,Leclerc,LEC,Ferrari,Finished,2,47788.0,23894.0,15.0
1027,848,9,5,5,10.0,71,1,2019,18,Mexican Grand Prix,2019-10-27,Alexander,Albon,ALB,Red Bull,Finished,2,44195.0,22097.5,14.0
1027,830,9,4,6,8.0,71,1,2019,18,Mexican Grand Prix,2019-10-27,Max,Verstappen,VER,Red Bull,Finished,1,24493.0,24493.0,5.0
1027,815,211,11,7,6.0,71,1,2019,18,Mexican Grand Prix,2019-10-27,Sergio,Pérez,PER,Racing Point,Finished,1,22357.0,22357.0,20.0
1027,817,4,13,8,4.0,71,1,2019,18,Mexican Grand Prix,2019-10-27,Daniel,Ricciardo,RIC,Renault,Finished,1,22345.0,22345.0,50.0
1027,842,5,10,9,2.0,70,11,2019,18,Mexican Grand Prix,2019-10-27,Pierre,Gasly,GAS,Toro Rosso,+1 Lap,2,45307.0,22653.5,9.0
1027,807,4,12,10,1.0,70,11,2019,18,Mexican Grand Prix,2019-10-27,Nico,Hülkenberg,HUL,Renault,+1 Lap,1,22484.0,22484.0,18.0
1027,826,5,9,11,0.0,70,11,2019,18,Mexican Grand Prix,2019-10-27,Daniil,Kvyat,KVY,Toro Rosso,+1 Lap,2,44523.0,22261.5,10.0
1027,840,211,16,12,0.0,70,11,2019,18,Mexican Grand Prix,2019-10-27,Lance,Stroll,STR,Racing Point,+1 Lap,1,22745.0,22745.0,37.0
1027,832,1,7,13,0.0,70,11,2019,18,Mexican Grand Prix,2019-10-27,Carlos,Sainz,SAI,McLaren,+1 Lap,2,44420.0,22210.0,15.0
1027,841,51,15,14,0.0,70,11,2019,18,Mexican Grand Prix,2019-10-27,Antonio,Giovinazzi,GIO,Alfa Romeo,+1 Lap,1,43411.0,43411.0,21.0
1027,825,210,17,15,0.0,69,12,2019,18,Mexican Grand Prix,2019-10-27,Kevin,Magnussen,MAG,Haas F1 Team,+2 Laps,1,23084.0,23084.0,28.0
1027,847,3,19,16,0.0,69,12,2019,18,Mexican Grand Prix,2019-10-27,George,Russell,RUS,Williams,+2 Laps,1,22887.0,22887.0,22.0
1027,154,210,18,17,0.0,69,12,2019,18,Mexican Grand Prix,2019-10-27,Romain,Grosjean,GRO,Haas F1 Team,+2 Laps,1,24128.0,24128.0,37.0
1027,9,3,20,18,0.0,69,12,2019,18,Mexican Grand Prix,2019-10-27,Robert,Kubica,KUB,Williams,+2 Laps,2,47176.0,23588.0,21.0
1027,8,51,14,19,0.0,58,25,2019,18,Mexican Grand Prix,2019-10-27,Kimi,Räikkönen,RAI,Alfa Romeo,Overheating,2,45717.0,22858.5,15.0
1027,846,1,8,20,0.0,48,54,2019,18,Mexican Grand Prix,2019-10-27,Lando,Norris,NOR,McLaren,Withdrew,0,,,
1031,822,131,1,1,25.0,71,1,2020,1,Austrian Grand Prix,2020-07-05,Valtteri,Bottas,BOT,Mercedes,Finished,2,38344.0,19172.0,26.0
1028,822,131,1,1,25.0,56,1,2019,19,United States Grand Prix,2019-11-03,Valtteri,Bottas,BOT,Mercedes,Finished,2,47970.0,23985.0,14.0
1028,1,131,5,2,18.0,56,1,2019,19,United States Grand Prix,2019-11-03,Lewis,Hamilton,HAM,Mercedes,Finished,1,23943.0,23943.0,24.0
1028,830,9,3,3,15.0,56,1,2019,19,United States Grand Prix,2019-11-03,Max,Verstappen,VER,Red Bull,Finished,2,47160.0,23580.0,13.0
1028,844,6,4,4,13.0,56,1,2019,19,United States Grand Prix,2019-11-03,Charles,Leclerc,LEC,Ferrari,Finished,2,53001.0,26500.5,20.0
1028,848,9,6,5,10.0,56,1,2019,19,United States Grand Prix,2019-11-03,Alexander,Albon,ALB,Red Bull,Finished,3,81018.0,27006.0,1.0
1028,817,4,9,6,8.0,56,1,2019,19,United States Grand Prix,2019-11-03,Daniel,Ricciardo,RIC,Renault,Finished,1,23751.0,23751.0,21.0
1028,846,1,8,7,6.0,56,1,2019,19,United States Grand Prix,2019-11-03,Lando,Norris,NOR,McLaren,Finished,2,50454.0,25227.0,19.0
1028,832,1,7,8,4.0,55,11,2019,19,United States Grand Prix,2019-11-03,Carlos,Sainz,SAI,McLaren,+1 Lap,1,24784.0,24784.0,18.0
1028,807,4,11,9,2.0,55,11,2019,19,United States Grand Prix,2019-11-03,Nico,Hülkenberg,HUL,Renault,+1 Lap,2,47929.0,23964.5,27.0
1028,815,211,0,10,1.0,55,11,2019,19,United States Grand Prix,2019-11-03,Sergio,Pérez,PER,Racing Point,+1 Lap,1,24207.0,24207.0,24.0
1028,8,51,17,11,0.0,55,11,2019,19,United States Grand Prix,2019-11-03,Kimi,Räikkönen,RAI,Alfa Romeo,+1 Lap,2,49230.0,24615.0,18.0
1028,826,5,13,12,0.0,55,11,2019,19,United States Grand Prix,2019-11-03,Daniil,Kvyat,KVY,Toro Rosso,+1 Lap,2,51277.0,25638.5,21.0
1028,840,211,14,13,0.0,55,11,2019,19,United States Grand Prix,2019-11-03,Lance,Stroll,STR,Racing Point,+1 Lap,2,49762.0,24881.0,9.0
1028,841,51,16,14,0.0,55,11,2019,19,United States Grand Prix,2019-11-03,Antonio,Giovinazzi,GIO,Alfa Romeo,+1 Lap,2,49436.0,24718.0,17.0
1028,154,210,15,15,0.0,55,11,2019,19,United States Grand Prix,2019-11-03,Romain,Grosjean,GRO,Haas F1 Team,+1 Lap,1,24583.0,24583.0,24.0
1028,842,5,10,16,0.0,54,22,2019,19,United States Grand Prix,2019-11-03,Pierre,Gasly,GAS,Toro Rosso,Suspension,2,48455.0,24227.5,19.0
1028,847,3,18,17,0.0,54,12,2019,19,United States Grand Prix,2019-11-03,George,Russell,RUS,Williams,+2 Laps,2,52450.0,26225.0,23.0
1028,825,210,12,18,0.0,52,23,2019,19,United States Grand Prix,2019-11-03,Kevin,Magnussen,MAG,Haas F1 Team,Brakes,2,49660.0,24830.0,18.0
1028,9,3,19,19,0.0,31,44,2019,19,United States Grand Prix,2019-11-03,Robert,Kubica,KUB,Williams,Oil leak,1,24164.0,24164.0,11.0
1028,20,6,2,20,0.0,7,22,2019,19,United States Grand Prix,2019-11-03,Sebastian,Vettel,VET,Ferrari,Suspension,0,,,
1029,830,9,1,1,25.0,71,1,2019,20,Brazilian Grand Prix,2019-11-17,Max,Verstappen,VER,Red Bull,Finished,3,68068.0,22689.333333333332,21.0
1029,842,5,6,2,18.0,71,1,2019,20,Brazilian Grand Prix,2019-11-17,Pierre,Gasly,GAS,Toro Rosso,Finished,2,46506.0,23253.0,22.0
1029,832,1,20,3,15.0,71,1,2019,20,Brazilian Grand Prix,2019-11-17,Carlos,Sainz,SAI,McLaren,Finished,1,22770.0,22770.0,29.0
1029,8,51,8,4,12.0,71,1,2019,20,Brazilian Grand Prix,2019-11-17,Kimi,Räikkönen,RAI,Alfa Romeo,Finished,2,47304.0,23652.0,21.0
1029,841,51,12,5,10.0,71,1,2019,20,Brazilian Grand Prix,2019-11-17,Antonio,Giovinazzi,GIO,Alfa Romeo,Finished,2,46679.0,23339.5,20.0
1029,817,4,11,6,8.0,71,1,2019,20,Brazilian Grand Prix,2019-11-17,Daniel,Ricciardo,RIC,Renault,Finished,2,60251.0,30125.5,8.0
1029,1,131,3,7,6.0,71,1,2019,20,Brazilian Grand Prix,2019-11-17,Lewis,Hamilton,HAM,Mercedes,Finished,3,69030.0,23010.0,20.0
1029,846,1,10,8,4.0,71,1,2019,20,Brazilian Grand Prix,2019-11-17,Lando,Norris,NOR,McLaren,Finished,2,46736.0,23368.0,27.0
1029,815,211,15,9,2.0,71,1,2019,20,Brazilian Grand Prix,2019-11-17,Sergio,Pérez,PER,Racing Point,Finished,2,46221.0,23110.5,17.0
1029,826,5,16,10,1.0,71,1,2019,20,Brazilian Grand Prix,2019-11-17,Daniil,Kvyat,KVY,Toro Rosso,Finished,2,46137.0,23068.5,23.0
1029,825,210,9,11,0.0,71,1,2019,20,Brazilian Grand Prix,2019-11-17,Kevin,Magnussen,MAG,Haas F1 Team,Finished,2,47370.0,23685.0,27.0
1029,847,3,18,12,0.0,71,1,2019,20,Brazilian Grand Prix,2019-11-17,George,Russell,RUS,Williams,Finished,3,68140.0,22713.333333333332,23.0
1029,154,210,7,13,0.0,71,1,2019,20,Brazilian Grand Prix,2019-11-17,Romain,Grosjean,GRO,Haas F1 Team,Finished,2,47247.0,23623.5,26.0
1029,848,9,5,14,0.0,71,1,2019,20,Brazilian Grand Prix,2019-11-17,Alexander,Albon,ALB,Red Bull,Finished,2,46144.0,23072.0,24.0
1029,807,4,13,15,0.0,71,1,2019,20,Brazilian Grand Prix,2019-11-17,Nico,Hülkenberg,HUL,Renault,Finished,3,69687.0,23229.0,27.0
1029,9,3,19,16,0.0,70,11,2019,20,Brazilian Grand Prix,2019-11-17,Robert,Kubica,KUB,Williams,+1 Lap,4,101160.0,25290.0,20.0
1029,20,6,2,17,0.0,65,4,2019,20,Brazilian Grand Prix,2019-11-17,Sebastian,Vettel,VET,Ferrari,Collision,2,46177.0,23088.5,25.0
1029,844,6,14,18,0.0,65,4,2019,20,Brazilian Grand Prix,2019-11-17,Charles,Leclerc,LEC,Ferrari,Collision,2,46008.0,23004.0,29.0
1029,840,211,17,19,0.0,65,22,2019,20,Brazilian Grand Prix,2019-11-17,Lance,Stroll,STR,Racing Point,Suspension,2,48187.0,24093.5,28.0
1029,822,131,4,20,0.0,51,131,2019,20,Brazilian Grand Prix,2019-11-17,Valtteri,Bottas,BOT,Mercedes,Power Unit,2,46358.0,23179.0,26.0
1030,1,131,1,1,26.0,55,1,2019,21,Abu Dhabi Grand Prix,2019-12-01,Lewis,Hamilton,HAM,Mercedes,Finished,1,22178.0,22178.0,26.0
1030,830,9,2,2,18.0,55,1,2019,21,Abu Dhabi Grand Prix,2019-12-01,Max,Verstappen,VER,Red Bull,Finished,1,21023.0,21023.0,25.0
1030,844,6,3,3,15.0,55,1,2019,21,Abu Dhabi Grand Prix,2019-12-01,Charles,Leclerc,LEC,Ferrari,Finished,2,42971.0,21485.5,12.0
1030,822,131,20,4,12.0,55,1,2019,21,Abu Dhabi Grand Prix,2019-12-01,Valtteri,Bottas,BOT,Mercedes,Finished,1,21145.0,21145.0,29.0
1030,20,6,4,5,10.0,55,1,2019,21,Abu Dhabi Grand Prix,2019-12-01,Sebastian,Vettel,VET,Ferrari,Finished,2,47629.0,23814.5,12.0
1030,848,9,5,6,8.0,55,1,2019,21,Abu Dhabi Grand Prix,2019-12-01,Alexander,Albon,ALB,Red Bull,Finished,1,22028.0,22028.0,13.0
1030,815,211,10,7,6.0,54,11,2019,21,Abu Dhabi Grand Prix,2019-12-01,Sergio,Pérez,PER,Racing Point,+1 Lap,1,22230.0,22230.0,37.0
1030,846,1,6,8,4.0,54,11,2019,21,Abu Dhabi Grand Prix,2019-12-01,Lando,Norris,NOR,McLaren,+1 Lap,1,22974.0,22974.0,8.0
1030,826,5,13,9,2.0,54,11,2019,21,Abu Dhabi Grand Prix,2019-12-01,Daniil,Kvyat,KVY,Toro Rosso,+1 Lap,1,21496.0,21496.0,40.0
1030,832,1,8,10,1.0,54,11,2019,21,Abu Dhabi Grand Prix,2019-12-01,Carlos,Sainz,SAI,McLaren,+1 Lap,2,43394.0,21697.0,12.0
1030,817,4,7,11,0.0,54,11,2019,21,Abu Dhabi Grand Prix,2019-12-01,Daniel,Ricciardo,RIC,Renault,+1 Lap,2,43528.0,21764.0,11.0
1030,807,4,9,12,0.0,54,11,2019,21,Abu Dhabi Grand Prix,2019-12-01,Nico,Hülkenberg,HUL,Renault,+1 Lap,1,21578.0,21578.0,18.0
1030,8,51,17,13,0.0,54,11,2019,21,Abu Dhabi Grand Prix,2019-12-01,Kimi,Räikkönen,RAI,Alfa Romeo,+1 Lap,1,22410.0,22410.0,22.0
1030,825,210,14,14,0.0,54,11,2019,21,Abu Dhabi Grand Prix,2019-12-01,Kevin,Magnussen,MAG,Haas F1 Team,+1 Lap,1,21531.0,21531.0,20.0
1030,154,210,15,15,0.0,54,11,2019,21,Abu Dhabi Grand Prix,2019-12-01,Romain,Grosjean,GRO,Haas F1 Team,+1 Lap,1,21968.0,21968.0,18.0
1030,841,51,16,16,0.0,54,11,2019,21,Abu Dhabi Grand Prix,2019-12-01,Antonio,Giovinazzi,GIO,Alfa Romeo,+1 Lap,2,44165.0,22082.5,8.0
1030,847,3,18,17,0.0,54,11,2019,21,Abu Dhabi Grand Prix,2019-12-01,George,Russell,RUS,Williams,+1 Lap,1,22272.0,22272.0,32.0
1030,842,5,11,18,0.0,53,12,2019,21,Abu Dhabi Grand Prix,2019-12-01,Pierre,Gasly,GAS,Toro Rosso,+2 Laps,0,,,
1030,9,3,19,19,0.0,53,12,2019,21,Abu Dhabi Grand Prix,2019-12-01,Robert,Kubica,KUB,Williams,+2 Laps,1,21688.0,21688.0,24.0
1030,840,211,12,20,0.0,45,23,2019,21,Abu Dhabi Grand Prix,2019-12-01,Lance,Stroll,STR,Racing Point,Brakes,2,50620.0,25310.0,5.0
1031,844,6,7,2,18.0,71,1,2020,1,Austrian Grand Prix,2020-07-05,Charles,Leclerc,LEC,Ferrari,Finished,3,63476.0,21158.666666666668,26.0
1031,846,1,3,3,16.0,71,1,2020,1,Austrian Grand Prix,2020-07-05,Lando,Norris,NOR,McLaren,Finished,3,63721.0,21240.333333333332,26.0
1031,1,131,5,4,12.0,71,1,2020,1,Austrian Grand Prix,2020-07-05,Lewis,Hamilton,HAM,Mercedes,Finished,2,38215.0,19107.5,26.0
1031,832,1,8,5,10.0,71,1,2020,1,Austrian Grand Prix,2020-07-05,Carlos,Sainz,SAI,McLaren,Finished,3,65696.0,21898.666666666668,26.0
1031,815,211,6,6,8.0,71,1,2020,1,Austrian Grand Prix,2020-07-05,Sergio,Pérez,PER,Racing Point,Finished,2,38929.0,19464.5,26.0
1031,842,213,12,7,6.0,71,1,2020,1,Austrian Grand Prix,2020-07-05,Pierre,Gasly,GAS,AlphaTauri,Finished,2,42377.0,21188.5,26.0
1031,839,4,14,8,4.0,71,1,2020,1,Austrian Grand Prix,2020-07-05,Esteban,Ocon,OCO,Renault,Finished,2,41309.0,20654.5,26.0
1031,841,51,18,9,2.0,71,1,2020,1,Austrian Grand Prix,2020-07-05,Antonio,Giovinazzi,GIO,Alfa Romeo,Finished,3,66137.0,22045.666666666668,25.0
1031,20,6,11,10,1.0,71,1,2020,1,Austrian Grand Prix,2020-07-05,Sebastian,Vettel,VET,Ferrari,Finished,3,64299.0,21433.0,26.0
1031,849,3,20,11,0.0,71,1,2020,1,Austrian Grand Prix,2020-07-05,Nicholas,Latifi,LAT,Williams,Finished,3,63464.0,21154.666666666668,26.0
1031,826,213,13,12,0.0,69,22,2020,1,Austrian Grand Prix,2020-07-05,Daniil,Kvyat,KVY,AlphaTauri,Suspension,3,64047.0,21349.0,26.0
1031,848,9,4,13,0.0,67,40,2020,1,Austrian Grand Prix,2020-07-05,Alexander,Albon,ALB,Red Bull,Electronics,3,60156.0,20052.0,26.0
1031,8,51,19,14,0.0,53,36,2020,1,Austrian Grand Prix,2020-07-05,Kimi,Räikkönen,RAI,Alfa Romeo,Wheel,2,44798.0,22399.0,24.0
1031,847,3,17,15,0.0,49,32,2020,1,Austrian Grand Prix,2020-07-05,George,Russell,RUS,Williams,Fuel pressure,1,21417.0,21417.0,25.0
1031,154,210,15,16,0.0,49,23,2020,1,Austrian Grand Prix,2020-07-05,Romain,Grosjean,GRO,Haas F1 Team,Brakes,1,23280.0,23280.0,20.0
1031,825,210,16,17,0.0,24,23,2020,1,Austrian Grand Prix,2020-07-05,Kevin,Magnussen,MAG,Haas F1 Team,Brakes,0,,,
1031,840,211,9,18,0.0,20,5,2020,1,Austrian Grand Prix,2020-07-05,Lance,Stroll,STR,Racing Point,Engine,0,,,
1031,817,4,10,19,0.0,17,25,2020,1,Austrian Grand Prix,2020-07-05,Daniel,Ricciardo,RIC,Renault,Overheating,0,,,
1031,830,9,2,20,0.0,11,40,2020,1,Austrian Grand Prix,2020-07-05,Max,Verstappen,VER,Red Bull,Electronics,0,,,
1032,1,131,1,1,25.0,71,1,2020,2,Styrian Grand Prix,2020-07-12,Lewis,Hamilton,HAM,Mercedes,Finished,1,21729.0,21729.0,27.0
1032,822,131,4,2,18.0,71,1,2020,2,Styrian Grand Prix,2020-07-12,Valtteri,Bottas,BOT,Mercedes,Finished,1,21376.0,21376.0,34.0
1032,830,9,2,3,15.0,71,1,2020,2,Styrian Grand Prix,2020-07-12,Max,Verstappen,VER,Red Bull,Finished,2,42028.0,21014.0,24.0
1032,848,9,6,4,12.0,71,1,2020,2,Styrian Grand Prix,2020-07-12,Alexander,Albon,ALB,Red Bull,Finished,1,21505.0,21505.0,35.0
1032,846,1,9,5,10.0,71,1,2020,2,Styrian Grand Prix,2020-07-12,Lando,Norris,NOR,McLaren,Finished,1,22406.0,22406.0,39.0
1032,815,211,17,6,8.0,71,1,2020,2,Styrian Grand Prix,2020-07-12,Sergio,Pérez,PER,Racing Point,Finished,1,22761.0,22761.0,38.0
1032,840,211,12,7,6.0,71,1,2020,2,Styrian Grand Prix,2020-07-12,Lance,Stroll,STR,Racing Point,Finished,1,22118.0,22118.0,33.0
1032,817,4,8,8,4.0,71,1,2020,2,Styrian Grand Prix,2020-07-12,Daniel,Ricciardo,RIC,Renault,Finished,1,21603.0,21603.0,37.0
1032,832,1,3,9,3.0,70,11,2020,2,Styrian Grand Prix,2020-07-12,Carlos,Sainz,SAI,McLaren,+1 Lap,2,47856.0,23928.0,32.0
1032,826,213,13,10,1.0,70,11,2020,2,Styrian Grand Prix,2020-07-12,Daniil,Kvyat,KVY,AlphaTauri,+1 Lap,1,22197.0,22197.0,36.0
1032,8,51,16,11,0.0,70,11,2020,2,Styrian Grand Prix,2020-07-12,Kimi,Räikkönen,RAI,Alfa Romeo,+1 Lap,1,21459.0,21459.0,44.0
1032,825,210,15,12,0.0,70,11,2020,2,Styrian Grand Prix,2020-07-12,Kevin,Magnussen,MAG,Haas F1 Team,+1 Lap,1,21977.0,21977.0,31.0
1032,154,210,0,13,0.0,70,11,2020,2,Styrian Grand Prix,2020-07-12,Romain,Grosjean,GRO,Haas F1 Team,+1 Lap,1,22444.0,22444.0,37.0
1032,841,51,19,14,0.0,70,11,2020,2,Styrian Grand Prix,2020-07-12,Antonio,Giovinazzi,GIO,Alfa Romeo,+1 Lap,1,21667.0,21667.0,39.0
1032,842,213,7,15,0.0,70,11,2020,2,Styrian Grand Prix,2020-07-12,Pierre,Gasly,GAS,AlphaTauri,+1 Lap,2,44230.0,22115.0,24.0
1032,847,3,11,16,0.0,69,12,2020,2,Styrian Grand Prix,2020-07-12,George,Russell,RUS,Williams,+2 Laps,1,21697.0,21697.0,34.0
1032,849,3,18,17,0.0,69,12,2020,2,Styrian Grand Prix,2020-07-12,Nicholas,Latifi,LAT,Williams,+2 Laps,1,22745.0,22745.0,32.0
1032,839,4,5,18,0.0,25,25,2020,2,Styrian Grand Prix,2020-07-12,Esteban,Ocon,OCO,Renault,Overheating,0,,,
1032,844,6,14,19,0.0,4,130,2020,2,Styrian Grand Prix,2020-07-12,Charles,Leclerc,LEC,Ferrari,Collision damage,1,39715.0,39715.0,1.0
1032,20,6,10,20,0.0,1,130,2020,2,Styrian Grand Prix,2020-07-12,Sebastian,Vettel,VET,Ferrari,Collision damage,0,,,
1033,1,131,1,1,26.0,70,1,2020,3,Hungarian Grand Prix,2020-07-19,Lewis,Hamilton,HAM,Mercedes,Finished,3,67010.0,22336.666666666668,3.0
1033,830,9,7,2,18.0,70,1,2020,3,Hungarian Grand Prix,2020-07-19,Max,Verstappen,VER,Red Bull,Finished,2,42797.0,21398.5,4.0
1033,822,131,2,3,15.0,70,1,2020,3,Hungarian Grand Prix,2020-07-19,Valtteri,Bottas,BOT,Mercedes,Finished,3,65122.0,21707.333333333332,2.0
1033,840,211,3,4,12.0,70,1,2020,3,Hungarian Grand Prix,2020-07-19,Lance,Stroll,STR,Racing Point,Finished,3,67672.0,22557.333333333332,3.0
1033,848,9,13,5,10.0,70,1,2020,3,Hungarian Grand Prix,2020-07-19,Alexander,Albon,ALB,Red Bull,Finished,2,45220.0,22610.0,3.0
1033,20,6,5,6,8.0,69,11,2020,3,Hungarian Grand Prix,2020-07-19,Sebastian,Vettel,VET,Ferrari,+1 Lap,2,50166.0,25083.0,3.0
1033,815,211,4,7,6.0,69,11,2020,3,Hungarian Grand Prix,2020-07-19,Sergio,Pérez,PER,Racing Point,+1 Lap,2,45314.0,22657.0,3.0
1033,817,4,11,8,4.0,69,11,2020,3,Hungarian Grand Prix,2020-07-19,Daniel,Ricciardo,RIC,Renault,+1 Lap,2,43993.0,21996.5,4.0
1033,832,1,9,9,2.0,69,11,2020,3,Hungarian Grand Prix,2020-07-19,Carlos,Sainz,SAI,McLaren,+1 Lap,2,49569.0,24784.5,3.0
1033,825,210,0,10,1.0,69,11,2020,3,Hungarian Grand Prix,2020-07-19,Kevin,Magnussen,MAG,Haas F1 Team,+1 Lap,1,23621.0,23621.0,35.0
1033,844,6,6,11,0.0,69,11,2020,3,Hungarian Grand Prix,2020-07-19,Charles,Leclerc,LEC,Ferrari,+1 Lap,2,44830.0,22415.0,2.0
1033,826,213,17,12,0.0,69,11,2020,3,Hungarian Grand Prix,2020-07-19,Daniil,Kvyat,KVY,AlphaTauri,+1 Lap,2,46253.0,23126.5,1.0
1033,846,1,8,13,0.0,69,11,2020,3,Hungarian Grand Prix,2020-07-19,Lando,Norris,NOR,McLaren,+1 Lap,2,45754.0,22877.0,4.0
1033,839,4,14,14,0.0,69,11,2020,3,Hungarian Grand Prix,2020-07-19,Esteban,Ocon,OCO,Renault,+1 Lap,2,46141.0,23070.5,4.0
1033,8,51,20,15,0.0,69,11,2020,3,Hungarian Grand Prix,2020-07-19,Kimi,Räikkönen,RAI,Alfa Romeo,+1 Lap,2,49427.0,24713.5,3.0
1033,154,210,0,16,0.0,69,11,2020,3,Hungarian Grand Prix,2020-07-19,Romain,Grosjean,GRO,Haas F1 Team,+1 Lap,1,22591.0,22591.0,34.0
1033,841,51,19,17,0.0,69,11,2020,3,Hungarian Grand Prix,2020-07-19,Antonio,Giovinazzi,GIO,Alfa Romeo,+1 Lap,3,67196.0,22398.666666666668,4.0
1033,847,3,12,18,0.0,69,11,2020,3,Hungarian Grand Prix,2020-07-19,George,Russell,RUS,Williams,+1 Lap,3,64599.0,21533.0,4.0
1033,849,3,15,19,0.0,65,15,2020,3,Hungarian Grand Prix,2020-07-19,Nicholas,Latifi,LAT,Williams,+5 Laps,5,133867.0,26773.4,3.0
1033,842,213,10,20,0.0,15,5,2020,3,Hungarian Grand Prix,2020-07-19,Pierre,Gasly,GAS,AlphaTauri,Engine,1,22740.0,22740.0,3.0
1034,1,131,1,1,25.0,52,1,2020,4,British Grand Prix,2020-08-02,Lewis,Hamilton,HAM,Mercedes,Finished,1,28805.0,28805.0,13.0
1034,830,9,3,2,19.0,52,1,2020,4,British Grand Prix,2020-08-02,Max,Verstappen,VER,Red Bull,Finished,2,56481.0,28240.5,13.0
1034,844,6,4,3,15.0,52,1,2020,4,British Grand Prix,2020-08-02,Charles,Leclerc,LEC,Ferrari,Finished,1,29520.0,29520.0,13.0
1034,817,4,8,4,12.0,52,1,2020,4,British Grand Prix,2020-08-02,Daniel,Ricciardo,RIC,Renault,Finished,1,29559.0,29559.0,12.0
1034,846,1,5,5,10.0,52,1,2020,4,British Grand Prix,2020-08-02,Lando,Norris,NOR,McLaren,Finished,1,30289.0,30289.0,12.0
1034,839,4,9,6,8.0,52,1,2020,4,British Grand Prix,2020-08-02,Esteban,Ocon,OCO,Renault,Finished,1,30768.0,30768.0,12.0
1034,842,213,11,7,6.0,52,1,2020,4,British Grand Prix,2020-08-02,Pierre,Gasly,GAS,AlphaTauri,Finished,1,29414.0,29414.0,12.0
1034,848,9,12,8,4.0,52,1,2020,4,British Grand Prix,2020-08-02,Alexander,Albon,ALB,Red Bull,Finished,2,62142.0,31071.0,6.0
1034,840,211,6,9,2.0,52,1,2020,4,British Grand Prix,2020-08-02,Lance,Stroll,STR,Racing Point,Finished,1,28716.0,28716.0,13.0
1034,20,6,10,10,1.0,52,1,2020,4,British Grand Prix,2020-08-02,Sebastian,Vettel,VET,Ferrari,Finished,1,29439.0,29439.0,12.0
1034,822,131,2,11,0.0,52,1,2020,4,British Grand Prix,2020-08-02,Valtteri,Bottas,BOT,Mercedes,Finished,2,64173.0,32086.5,13.0
1034,847,3,20,12,0.0,52,1,2020,4,British Grand Prix,2020-08-02,George,Russell,RUS,Williams,Finished,1,29302.0,29302.0,12.0
1034,832,1,7,13,0.0,52,1,2020,4,British Grand Prix,2020-08-02,Carlos,Sainz,SAI,McLaren,Finished,2,64765.0,32382.5,13.0
1034,841,51,15,14,0.0,52,1,2020,4,British Grand Prix,2020-08-02,Antonio,Giovinazzi,GIO,Alfa Romeo,Finished,1,28355.0,28355.0,12.0
1034,849,3,18,15,0.0,52,1,2020,4,British Grand Prix,2020-08-02,Nicholas,Latifi,LAT,Williams,Finished,1,31371.0,31371.0,12.0
1034,154,210,17,16,0.0,52,1,2020,4,British Grand Prix,2020-08-02,Romain,Grosjean,GRO,Haas F1 Team,Finished,1,33816.0,33816.0,36.0
1034,8,51,16,17,0.0,51,11,2020,4,British Grand Prix,2020-08-02,Kimi,Räikkönen,RAI,Alfa Romeo,+1 Lap,2,80675.0,40337.5,12.0
1034,826,213,19,18,0.0,11,3,2020,4,British Grand Prix,2020-08-02,Daniil,Kvyat,KVY,AlphaTauri,Accident,0,,,
1034,825,210,14,19,0.0,1,4,2020,4,British Grand Prix,2020-08-02,Kevin,Magnussen,MAG,Haas F1 Team,Collision,0,,,
1034,807,211,13,20,0.0,0,131,2020,4,British Grand Prix,2020-08-02,Nico,Hülkenberg,HUL,Racing Point,Power Unit,0,,,
1035,830,9,4,1,25.0,52,1,2020,5,70th Anniversary Grand Prix,2020-08-09,Max,Verstappen,VER,Red Bull,Finished,2,58101.0,29050.5,26.0
1035,1,131,2,2,19.0,52,1,2020,5,70th Anniversary Grand Prix,2020-08-09,Lewis,Hamilton,HAM,Mercedes,Finished,2,57808.0,28904.0,14.0
1035,822,131,1,3,15.0,52,1,2020,5,70th Anniversary Grand Prix,2020-08-09,Valtteri,Bottas,BOT,Mercedes,Finished,2,56596.0,28298.0,13.0
1035,844,6,8,4,12.0,52,1,2020,5,70th Anniversary Grand Prix,2020-08-09,Charles,Leclerc,LEC,Ferrari,Finished,1,29419.0,29419.0,18.0
1035,848,9,9,5,10.0,52,1,2020,5,70th Anniversary Grand Prix,2020-08-09,Alexander,Albon,ALB,Red Bull,Finished,2,56275.0,28137.5,6.0
1035,840,211,6,6,8.0,52,1,2020,5,70th Anniversary Grand Prix,2020-08-09,Lance,Stroll,STR,Racing Point,Finished,2,56209.0,28104.5,18.0
1035,807,211,3,7,6.0,52,1,2020,5,70th Anniversary Grand Prix,2020-08-09,Nico,Hülkenberg,HUL,Racing Point,Finished,3,86103.0,28701.0,15.0
1035,839,4,14,8,4.0,52,1,2020,5,70th Anniversary Grand Prix,2020-08-09,Esteban,Ocon,OCO,Renault,Finished,1,28093.0,28093.0,22.0
1035,846,1,10,9,2.0,52,1,2020,5,70th Anniversary Grand Prix,2020-08-09,Lando,Norris,NOR,McLaren,Finished,2,56823.0,28411.5,12.0
1035,826,213,16,10,1.0,52,1,2020,5,70th Anniversary Grand Prix,2020-08-09,Daniil,Kvyat,KVY,AlphaTauri,Finished,2,56401.0,28200.5,19.0
1035,842,213,7,11,0.0,52,1,2020,5,70th Anniversary Grand Prix,2020-08-09,Pierre,Gasly,GAS,AlphaTauri,Finished,2,56662.0,28331.0,7.0
1035,20,6,11,12,0.0,52,1,2020,5,70th Anniversary Grand Prix,2020-08-09,Sebastian,Vettel,VET,Ferrari,Finished,2,56519.0,28259.5,22.0
1035,832,1,12,13,0.0,52,1,2020,5,70th Anniversary Grand Prix,2020-08-09,Carlos,Sainz,SAI,McLaren,Finished,2,64636.0,32318.0,22.0
1035,817,4,5,14,0.0,51,11,2020,5,70th Anniversary Grand Prix,2020-08-09,Daniel,Ricciardo,RIC,Renault,+1 Lap,3,84811.0,28270.333333333332,14.0
1035,8,51,20,15,0.0,51,11,2020,5,70th Anniversary Grand Prix,2020-08-09,Kimi,Räikkönen,RAI,Alfa Romeo,+1 Lap,1,29296.0,29296.0,26.0
1035,154,210,13,16,0.0,51,11,2020,5,70th Anniversary Grand Prix,2020-08-09,Romain,Grosjean,GRO,Haas F1 Team,+1 Lap,2,59180.0,29590.0,17.0
1035,841,51,19,17,0.0,51,11,2020,5,70th Anniversary Grand Prix,2020-08-09,Antonio,Giovinazzi,GIO,Alfa Romeo,+1 Lap,2,55585.0,27792.5,7.0
1035,847,3,15,18,0.0,51,11,2020,5,70th Anniversary Grand Prix,2020-08-09,George,Russell,RUS,Williams,+1 Lap,3,85414.0,28471.333333333332,8.0
1035,849,3,18,19,0.0,51,11,2020,5,70th Anniversary Grand Prix,2020-08-09,Nicholas,Latifi,LAT,Williams,+1 Lap,3,85831.0,28610.333333333332,9.0
1035,825,210,17,20,0.0,43,31,2020,5,70th Anniversary Grand Prix,2020-08-09,Kevin,Magnussen,MAG,Haas F1 Team,Retired,2,58323.0,29161.5,9.0
1036,1,131,1,1,25.0,66,1,2020,6,Spanish Grand Prix,2020-08-16,Lewis,Hamilton,HAM,Mercedes,Finished,2,45230.0,22615.0,23.0
1036,830,9,3,2,18.0,66,1,2020,6,Spanish Grand Prix,2020-08-16,Max,Verstappen,VER,Red Bull,Finished,2,43133.0,21566.5,21.0
1036,822,131,2,3,16.0,66,1,2020,6,Spanish Grand Prix,2020-08-16,Valtteri,Bottas,BOT,Mercedes,Finished,3,67060.0,22353.333333333332,23.0
1036,840,211,5,4,12.0,65,11,2020,6,Spanish Grand Prix,2020-08-16,Lance,Stroll,STR,Racing Point,+1 Lap,2,44739.0,22369.5,27.0
1036,815,211,4,5,10.0,65,11,2020,6,Spanish Grand Prix,2020-08-16,Sergio,Pérez,PER,Racing Point,+1 Lap,1,22641.0,22641.0,29.0
1036,832,1,7,6,8.0,65,11,2020,6,Spanish Grand Prix,2020-08-16,Carlos,Sainz,SAI,McLaren,+1 Lap,2,44244.0,22122.0,22.0
1036,20,6,11,7,6.0,65,11,2020,6,Spanish Grand Prix,2020-08-16,Sebastian,Vettel,VET,Ferrari,+1 Lap,1,21820.0,21820.0,29.0
1036,848,9,6,8,4.0,65,11,2020,6,Spanish Grand Prix,2020-08-16,Alexander,Albon,ALB,Red Bull,+1 Lap,2,43467.0,21733.5,17.0
1036,842,213,10,9,2.0,65,11,2020,6,Spanish Grand Prix,2020-08-16,Pierre,Gasly,GAS,AlphaTauri,+1 Lap,2,44635.0,22317.5,21.0
1036,846,1,8,10,1.0,65,11,2020,6,Spanish Grand Prix,2020-08-16,Lando,Norris,NOR,McLaren,+1 Lap,2,43860.0,21930.0,21.0
1036,817,4,13,11,0.0,65,11,2020,6,Spanish Grand Prix,2020-08-16,Daniel,Ricciardo,RIC,Renault,+1 Lap,1,21837.0,21837.0,35.0
1036,826,213,12,12,0.0,65,11,2020,6,Spanish Grand Prix,2020-08-16,Daniil,Kvyat,KVY,AlphaTauri,+1 Lap,2,45115.0,22557.5,21.0
1036,839,4,15,13,0.0,65,11,2020,6,Spanish Grand Prix,2020-08-16,Esteban,Ocon,OCO,Renault,+1 Lap,1,22366.0,22366.0,34.0
1036,8,51,14,14,0.0,65,11,2020,6,Spanish Grand Prix,2020-08-16,Kimi,Räikkönen,RAI,Alfa Romeo,+1 Lap,2,44511.0,22255.5,20.0
1036,825,210,16,15,0.0,65,11,2020,6,Spanish Grand Prix,2020-08-16,Kevin,Magnussen,MAG,Haas F1 Team,+1 Lap,1,24148.0,24148.0,28.0
1036,841,51,20,16,0.0,65,11,2020,6,Spanish Grand Prix,2020-08-16,Antonio,Giovinazzi,GIO,Alfa Romeo,+1 Lap,2,44037.0,22018.5,21.0
1036,847,3,18,17,0.0,65,11,2020,6,Spanish Grand Prix,2020-08-16,George,Russell,RUS,Williams,+1 Lap,2,44597.0,22298.5,19.0
1036,849,3,19,18,0.0,64,12,2020,6,Spanish Grand Prix,2020-08-16,Nicholas,Latifi,LAT,Williams,+2 Laps,2,44797.0,22398.5,28.0
1036,154,210,17,19,0.0,64,12,2020,6,Spanish Grand Prix,2020-08-16,Romain,Grosjean,GRO,Haas F1 Team,+2 Laps,2,47222.0,23611.0,32.0
1036,844,6,9,20,0.0,38,40,2020,6,Spanish Grand Prix,2020-08-16,Charles,Leclerc,LEC,Ferrari,Electronics,1,22274.0,22274.0,29.0
1037,1,131,1,1,25.0,44,1,2020,7,Belgian Grand Prix,2020-08-30,Lewis,Hamilton,HAM,Mercedes,Finished,1,23298.0,23298.0,11.0
1037,822,131,2,2,18.0,44,1,2020,7,Belgian Grand Prix,2020-08-30,Valtteri,Bottas,BOT,Mercedes,Finished,1,25548.0,25548.0,11.0
1037,830,9,3,3,15.0,44,1,2020,7,Belgian Grand Prix,2020-08-30,Max,Verstappen,VER,Red Bull,Finished,1,23314.0,23314.0,11.0
1037,817,4,4,4,13.0,44,1,2020,7,Belgian Grand Prix,2020-08-30,Daniel,Ricciardo,RIC,Renault,Finished,1,23586.0,23586.0,11.0
1037,839,4,6,5,10.0,44,1,2020,7,Belgian Grand Prix,2020-08-30,Esteban,Ocon,OCO,Renault,Finished,1,24305.0,24305.0,11.0
1037,848,9,5,6,8.0,44,1,2020,7,Belgian Grand Prix,2020-08-30,Alexander,Albon,ALB,Red Bull,Finished,1,22738.0,22738.0,11.0
1037,846,1,10,7,6.0,44,1,2020,7,Belgian Grand Prix,2020-08-30,Lando,Norris,NOR,McLaren,Finished,1,23046.0,23046.0,11.0
1037,842,213,12,8,4.0,44,1,2020,7,Belgian Grand Prix,2020-08-30,Pierre,Gasly,GAS,AlphaTauri,Finished,1,22681.0,22681.0,26.0
1037,840,211,9,9,2.0,44,1,2020,7,Belgian Grand Prix,2020-08-30,Lance,Stroll,STR,Racing Point,Finished,1,23689.0,23689.0,11.0
1037,815,211,8,10,1.0,44,1,2020,7,Belgian Grand Prix,2020-08-30,Sergio,Pérez,PER,Racing Point,Finished,1,23175.0,23175.0,18.0
1037,826,213,11,11,0.0,44,1,2020,7,Belgian Grand Prix,2020-08-30,Daniil,Kvyat,KVY,AlphaTauri,Finished,1,23769.0,23769.0,11.0
1037,8,51,16,12,0.0,44,1,2020,7,Belgian Grand Prix,2020-08-30,Kimi,Räikkönen,RAI,Alfa Romeo,Finished,1,22960.0,22960.0,10.0
1037,20,6,14,13,0.0,44,1,2020,7,Belgian Grand Prix,2020-08-30,Sebastian,Vettel,VET,Ferrari,Finished,1,22982.0,22982.0,11.0
1037,844,6,13,14,0.0,44,1,2020,7,Belgian Grand Prix,2020-08-30,Charles,Leclerc,LEC,Ferrari,Finished,2,55778.0,27889.0,10.0
1037,154,210,17,15,0.0,44,1,2020,7,Belgian Grand Prix,2020-08-30,Romain,Grosjean,GRO,Haas F1 Team,Finished,1,23636.0,23636.0,10.0
1037,849,3,19,16,0.0,44,1,2020,7,Belgian Grand Prix,2020-08-30,Nicholas,Latifi,LAT,Williams,Finished,2,47009.0,23504.5,10.0
1037,825,210,20,17,0.0,44,1,2020,7,Belgian Grand Prix,2020-08-30,Kevin,Magnussen,MAG,Haas F1 Team,Finished,2,50495.0,25247.5,10.0
1037,841,51,18,18,0.0,9,3,2020,7,Belgian Grand Prix,2020-08-30,Antonio,Giovinazzi,GIO,Alfa Romeo,Accident,0,,,
1037,847,3,15,19,0.0,9,138,2020,7,Belgian Grand Prix,2020-08-30,George,Russell,RUS,Williams,Debris,0,,,
1037,832,1,7,20,0.0,0,43,2020,7,Belgian Grand Prix,2020-08-30,Carlos,Sainz,SAI,McLaren,Exhaust,0,,,
1038,842,213,10,1,25.0,53,1,2020,8,Italian Grand Prix,2020-09-06,Pierre,Gasly,GAS,AlphaTauri,Finished,2,1543975.0,771987.5,19.0
1038,832,1,3,2,18.0,53,1,2020,8,Italian Grand Prix,2020-09-06,Carlos,Sainz,SAI,McLaren,Finished,2,1546767.0,773383.5,22.0
1038,840,211,8,3,15.0,53,1,2020,8,Italian Grand Prix,2020-09-06,Lance,Stroll,STR,Racing Point,Finished,1,1517308.0,1517308.0,26.0
1038,846,1,6,4,12.0,53,1,2020,8,Italian Grand Prix,2020-09-06,Lando,Norris,NOR,McLaren,Finished,2,1546621.0,773310.5,22.0
1038,822,131,2,5,10.0,53,1,2020,8,Italian Grand Prix,2020-09-06,Valtteri,Bottas,BOT,Mercedes,Finished,2,1546674.0,773337.0,22.0
1038,817,4,7,6,8.0,53,1,2020,8,Italian Grand Prix,2020-09-06,Daniel,Ricciardo,RIC,Renault,Finished,2,1549135.0,774567.5,22.0
1038,1,131,1,7,7.0,53,1,2020,8,Italian Grand Prix,2020-09-06,Lewis,Hamilton,HAM,Mercedes,Finished,3,1573178.0,524392.6666666666,20.0
1038,839,4,12,8,4.0,53,1,2020,8,Italian Grand Prix,2020-09-06,Esteban,Ocon,OCO,Renault,Finished,2,1548513.0,774256.5,22.0
1038,826,213,11,9,2.0,53,1,2020,8,Italian Grand Prix,2020-09-06,Daniil,Kvyat,KVY,AlphaTauri,Finished,2,1550059.0,775029.5,22.0
1038,815,211,4,10,1.0,53,1,2020,8,Italian Grand Prix,2020-09-06,Sergio,Pérez,PER,Racing Point,Finished,2,1551682.0,775841.0,22.0
1038,849,3,20,11,0.0,53,1,2020,8,Italian Grand Prix,2020-09-06,Nicholas,Latifi,LAT,Williams,Finished,2,1549465.0,774732.5,16.0
1038,154,210,16,12,0.0,53,1,2020,8,Italian Grand Prix,2020-09-06,Romain,Grosjean,GRO,Haas F1 Team,Finished,2,1556124.0,778062.0,22.0
1038,8,51,14,13,0.0,53,1,2020,8,Italian Grand Prix,2020-09-06,Kimi,Räikkönen,RAI,Alfa Romeo,Finished,2,1545439.0,772719.5,18.0
1038,847,3,19,14,0.0,53,1,2020,8,Italian Grand Prix,2020-09-06,George,Russell,RUS,Williams,Finished,2,1553187.0,776593.5,22.0
1038,848,9,9,15,0.0,53,1,2020,8,Italian Grand Prix,2020-09-06,Alexander,Albon,ALB,Red Bull,Finished,2,1557908.0,778954.0,22.0
1038,841,51,18,16,0.0,53,1,2020,8,Italian Grand Prix,2020-09-06,Antonio,Giovinazzi,GIO,Alfa Romeo,Finished,3,1577303.0,525767.6666666666,20.0
1038,830,9,5,17,0.0,30,131,2020,8,Italian Grand Prix,2020-09-06,Max,Verstappen,VER,Red Bull,Power Unit,2,1548945.0,774472.5,22.0
1038,844,6,13,18,0.0,23,3,2020,8,Italian Grand Prix,2020-09-06,Charles,Leclerc,LEC,Ferrari,Accident,1,24344.0,24344.0,17.0
1038,825,210,15,19,0.0,17,131,2020,8,Italian Grand Prix,2020-09-06,Kevin,Magnussen,MAG,Haas F1 Team,Power Unit,1,40078.0,40078.0,1.0
1038,20,6,17,20,0.0,6,23,2020,8,Italian Grand Prix,2020-09-06,Sebastian,Vettel,VET,Ferrari,Brakes,0,,,
1039,1,131,1,1,26.0,59,1,2020,9,Tuscan Grand Prix,2020-09-13,Lewis,Hamilton,HAM,Mercedes,Finished,5,2800388.0,560077.6,7.0
1039,822,131,2,2,18.0,59,1,2020,9,Tuscan Grand Prix,2020-09-13,Valtteri,Bottas,BOT,Mercedes,Finished,5,2802282.0,560456.4,7.0
1039,848,9,4,3,15.0,59,1,2020,9,Tuscan Grand Prix,2020-09-13,Alexander,Albon,ALB,Red Bull,Finished,5,2803954.0,560790.8,7.0
1039,817,4,8,4,12.0,59,1,2020,9,Tuscan Grand Prix,2020-09-13,Daniel,Ricciardo,RIC,Renault,Finished,5,2804005.0,560801.0,7.0
1039,815,211,7,5,10.0,59,1,2020,9,Tuscan Grand Prix,2020-09-13,Sergio,Pérez,PER,Racing Point,Finished,5,2804880.0,560976.0,7.0
1039,846,1,11,6,8.0,59,1,2020,9,Tuscan Grand Prix,2020-09-13,Lando,Norris,NOR,McLaren,Finished,5,2805287.0,561057.4,7.0
1039,826,213,12,7,6.0,59,1,2020,9,Tuscan Grand Prix,2020-09-13,Daniil,Kvyat,KVY,AlphaTauri,Finished,5,2799562.0,559912.4,7.0
1039,844,6,5,8,4.0,59,1,2020,9,Tuscan Grand Prix,2020-09-13,Charles,Leclerc,LEC,Ferrari,Finished,5,2786368.0,557273.6,7.0
1039,8,51,13,9,2.0,59,1,2020,9,Tuscan Grand Prix,2020-09-13,Kimi,Räikkönen,RAI,Alfa Romeo,Finished,6,2741369.0,456894.8333333333,1.0
1039,20,6,14,10,1.0,59,1,2020,9,Tuscan Grand Prix,2020-09-13,Sebastian,Vettel,VET,Ferrari,Finished,6,2812686.0,468781.0,1.0
1039,847,3,18,11,0.0,59,1,2020,9,Tuscan Grand Prix,2020-09-13,George,Russell,RUS,Williams,Finished,5,2781685.0,556337.0,7.0
1039,154,210,15,12,0.0,59,1,2020,9,Tuscan Grand Prix,2020-09-13,Romain,Grosjean,GRO,Haas F1 Team,Finished,5,2705017.0,541003.4,7.0
1039,840,211,6,13,0.0,42,29,2020,9,Tuscan Grand Prix,2020-09-13,Lance,Stroll,STR,Racing Point,Puncture,3,1480049.0,493349.6666666667,7.0
1039,839,4,10,14,0.0,7,23,2020,9,Tuscan Grand Prix,2020-09-13,Esteban,Ocon,OCO,Renault,Brakes,1,17455.0,17455.0,7.0
1039,849,3,19,15,0.0,6,4,2020,9,Tuscan Grand Prix,2020-09-13,Nicholas,Latifi,LAT,Williams,Collision,0,,,
1039,825,210,20,16,0.0,5,4,2020,9,Tuscan Grand Prix,2020-09-13,Kevin,Magnussen,MAG,Haas F1 Team,Collision,0,,,
1039,841,51,17,17,0.0,5,4,2020,9,Tuscan Grand Prix,2020-09-13,Antonio,Giovinazzi,GIO,Alfa Romeo,Collision,0,,,
1039,832,1,9,18,0.0,5,4,2020,9,Tuscan Grand Prix,2020-09-13,Carlos,Sainz,SAI,McLaren,Collision,0,,,
1039,830,9,3,19,0.0,0,4,2020,9,Tuscan Grand Prix,2020-09-13,Max,Verstappen,VER,Red Bull,Collision,0,,,
1039,842,213,16,20,0.0,0,4,2020,9,Tuscan Grand Prix,2020-09-13,Pierre,Gasly,GAS,AlphaTauri,Collision,0,,,
1040,822,131,3,1,26.0,53,1,2020,10,Russian Grand Prix,2020-09-27,Valtteri,Bottas,BOT,Mercedes,Finished,1,29750.0,29750.0,26.0
1040,830,9,2,2,18.0,53,1,2020,10,Russian Grand Prix,2020-09-27,Max,Verstappen,VER,Red Bull,Finished,1,28748.0,28748.0,25.0
1040,1,131,1,3,15.0,53,1,2020,10,Russian Grand Prix,2020-09-27,Lewis,Hamilton,HAM,Mercedes,Finished,1,41352.0,41352.0,16.0
1040,815,211,4,4,12.0,53,1,2020,10,Russian Grand Prix,2020-09-27,Sergio,Pérez,PER,Racing Point,Finished,1,29602.0,29602.0,20.0
1040,817,4,5,5,10.0,53,1,2020,10,Russian Grand Prix,2020-09-27,Daniel,Ricciardo,RIC,Renault,Finished,1,30112.0,30112.0,15.0
1040,844,6,10,6,8.0,53,1,2020,10,Russian Grand Prix,2020-09-27,Charles,Leclerc,LEC,Ferrari,Finished,1,30261.0,30261.0,28.0
1040,839,4,7,7,6.0,53,1,2020,10,Russian Grand Prix,2020-09-27,Esteban,Ocon,OCO,Renault,Finished,1,30068.0,30068.0,18.0
1040,826,213,11,8,4.0,53,1,2020,10,Russian Grand Prix,2020-09-27,Daniil,Kvyat,KVY,AlphaTauri,Finished,1,29662.0,29662.0,30.0
1040,842,213,9,9,2.0,53,1,2020,10,Russian Grand Prix,2020-09-27,Pierre,Gasly,GAS,AlphaTauri,Finished,2,59179.0,29589.5,18.0
1040,848,9,15,10,1.0,53,1,2020,10,Russian Grand Prix,2020-09-27,Alexander,Albon,ALB,Red Bull,Finished,2,60322.0,30161.0,1.0
1040,841,51,17,11,0.0,52,11,2020,10,Russian Grand Prix,2020-09-27,Antonio,Giovinazzi,GIO,Alfa Romeo,+1 Lap,1,29767.0,29767.0,16.0
1040,825,210,18,12,0.0,52,11,2020,10,Russian Grand Prix,2020-09-27,Kevin,Magnussen,MAG,Haas F1 Team,+1 Lap,1,30188.0,30188.0,19.0
1040,20,6,14,13,0.0,52,11,2020,10,Russian Grand Prix,2020-09-27,Sebastian,Vettel,VET,Ferrari,+1 Lap,1,29395.0,29395.0,30.0
1040,8,51,19,14,0.0,52,11,2020,10,Russian Grand Prix,2020-09-27,Kimi,Räikkönen,RAI,Alfa Romeo,+1 Lap,1,33317.0,33317.0,35.0
1040,846,1,8,15,0.0,52,11,2020,10,Russian Grand Prix,2020-09-27,Lando,Norris,NOR,McLaren,+1 Lap,2,68476.0,34238.0,1.0
1040,849,3,20,16,0.0,52,11,2020,10,Russian Grand Prix,2020-09-27,Nicholas,Latifi,LAT,Williams,+1 Lap,1,29862.0,29862.0,17.0
1040,154,210,16,17,0.0,52,11,2020,10,Russian Grand Prix,2020-09-27,Romain,Grosjean,GRO,Haas F1 Team,+1 Lap,2,60042.0,30021.0,17.0
1040,847,3,13,18,0.0,52,11,2020,10,Russian Grand Prix,2020-09-27,George,Russell,RUS,Williams,+1 Lap,3,89273.0,29757.666666666668,1.0
1040,832,1,6,19,0.0,0,3,2020,10,Russian Grand Prix,2020-09-27,Carlos,Sainz,SAI,McLaren,Accident,0,,,
1040,840,211,12,20,0.0,0,4,2020,10,Russian Grand Prix,2020-09-27,Lance,Stroll,STR,Racing Point,Collision,0,,,
1041,1,131,2,1,25.0,60,1,2020,11,Eifel Grand Prix,2020-10-11,Lewis,Hamilton,HAM,Mercedes,Finished,2,47163.0,23581.5,16.0
1041,830,9,3,2,19.0,60,1,2020,11,Eifel Grand Prix,2020-10-11,Max,Verstappen,VER,Red Bull,Finished,2,44674.0,22337.0,16.0
1041,817,4,6,3,15.0,60,1,2020,11,Eifel Grand Prix,2020-10-11,Daniel,Ricciardo,RIC,Renault,Finished,2,44689.0,22344.5,16.0
1041,815,211,9,4,12.0,60,1,2020,11,Eifel Grand Prix,2020-10-11,Sergio,Pérez,PER,Racing Point,Finished,2,45492.0,22746.0,28.0
1041,832,1,10,5,10.0,60,1,2020,11,Eifel Grand Prix,2020-10-11,Carlos,Sainz,SAI,McLaren,Finished,2,45144.0,22572.0,28.0
1041,842,213,12,6,8.0,60,1,2020,11,Eifel Grand Prix,2020-10-11,Pierre,Gasly,GAS,AlphaTauri,Finished,2,45542.0,22771.0,30.0
1041,844,6,4,7,6.0,60,1,2020,11,Eifel Grand Prix,2020-10-11,Charles,Leclerc,LEC,Ferrari,Finished,2,45671.0,22835.5,10.0
1041,807,211,20,8,4.0,60,1,2020,11,Eifel Grand Prix,2020-10-11,Nico,Hülkenberg,HUL,Racing Point,Finished,2,45386.0,22693.0,29.0
1041,154,210,16,9,2.0,60,1,2020,11,Eifel Grand Prix,2020-10-11,Romain,Grosjean,GRO,Haas F1 Team,Finished,1,23635.0,23635.0,28.0
1041,841,51,14,10,1.0,60,1,2020,11,Eifel Grand Prix,2020-10-11,Antonio,Giovinazzi,GIO,Alfa Romeo,Finished,2,45254.0,22627.0,15.0
1041,20,6,11,11,0.0,60,1,2020,11,Eifel Grand Prix,2020-10-11,Sebastian,Vettel,VET,Ferrari,Finished,2,46982.0,23491.0,11.0
1041,8,51,19,12,0.0,60,1,2020,11,Eifel Grand Prix,2020-10-11,Kimi,Räikkönen,RAI,Alfa Romeo,Finished,2,55881.0,27940.5,10.0
1041,825,210,15,13,0.0,60,1,2020,11,Eifel Grand Prix,2020-10-11,Kevin,Magnussen,MAG,Haas F1 Team,Finished,2,46130.0,23065.0,14.0
1041,849,3,18,14,0.0,60,1,2020,11,Eifel Grand Prix,2020-10-11,Nicholas,Latifi,LAT,Williams,Finished,2,48800.0,24400.0,14.0
1041,826,213,13,15,0.0,60,1,2020,11,Eifel Grand Prix,2020-10-11,Daniil,Kvyat,KVY,AlphaTauri,Finished,2,53353.0,26676.5,17.0
1041,846,1,8,16,0.0,42,131,2020,11,Eifel Grand Prix,2020-10-11,Lando,Norris,NOR,McLaren,Power Unit,1,21991.0,21991.0,29.0
1041,848,9,5,17,0.0,23,21,2020,11,Eifel Grand Prix,2020-10-11,Alexander,Albon,ALB,Red Bull,Radiator,1,23562.0,23562.0,7.0
1041,839,4,7,18,0.0,22,6,2020,11,Eifel Grand Prix,2020-10-11,Esteban,Ocon,OCO,Renault,Gearbox,0,,,
1041,822,131,1,19,0.0,18,131,2020,11,Eifel Grand Prix,2020-10-11,Valtteri,Bottas,BOT,Mercedes,Power Unit,1,22625.0,22625.0,13.0
1041,847,3,17,20,0.0,12,4,2020,11,Eifel Grand Prix,2020-10-11,George,Russell,RUS,Williams,Collision,1,22496.0,22496.0,11.0
1042,1,131,1,1,26.0,66,1,2020,12,Portuguese Grand Prix,2020-10-25,Lewis,Hamilton,HAM,Mercedes,Finished,1,27162.0,27162.0,40.0
1042,822,131,2,2,18.0,66,1,2020,12,Portuguese Grand Prix,2020-10-25,Valtteri,Bottas,BOT,Mercedes,Finished,1,26512.0,26512.0,41.0
1042,830,9,3,3,15.0,66,1,2020,12,Portuguese Grand Prix,2020-10-25,Max,Verstappen,VER,Red Bull,Finished,1,26394.0,26394.0,23.0
1042,844,6,4,4,12.0,66,1,2020,12,Portuguese Grand Prix,2020-10-25,Charles,Leclerc,LEC,Ferrari,Finished,1,26940.0,26940.0,34.0
1042,842,213,9,5,10.0,65,11,2020,12,Portuguese Grand Prix,2020-10-25,Pierre,Gasly,GAS,AlphaTauri,+1 Lap,1,27204.0,27204.0,28.0
1042,832,1,7,6,8.0,65,11,2020,12,Portuguese Grand Prix,2020-10-25,Carlos,Sainz,SAI,McLaren,+1 Lap,1,27299.0,27299.0,26.0
1042,815,211,5,7,6.0,65,11,2020,12,Portuguese Grand Prix,2020-10-25,Sergio,Pérez,PER,Racing Point,+1 Lap,2,52812.0,26406.0,1.0
1042,839,4,11,8,4.0,65,11,2020,12,Portuguese Grand Prix,2020-10-25,Esteban,Ocon,OCO,Renault,+1 Lap,1,28535.0,28535.0,53.0
1042,817,4,10,9,2.0,65,11,2020,12,Portuguese Grand Prix,2020-10-25,Daniel,Ricciardo,RIC,Renault,+1 Lap,1,26999.0,26999.0,14.0
1042,20,6,15,10,1.0,65,11,2020,12,Portuguese Grand Prix,2020-10-25,Sebastian,Vettel,VET,Ferrari,+1 Lap,1,26666.0,26666.0,27.0
1042,8,51,16,11,0.0,65,11,2020,12,Portuguese Grand Prix,2020-10-25,Kimi,Räikkönen,RAI,Alfa Romeo,+1 Lap,1,29061.0,29061.0,11.0
1042,848,9,6,12,0.0,65,11,2020,12,Portuguese Grand Prix,2020-10-25,Alexander,Albon,ALB,Red Bull,+1 Lap,2,52169.0,26084.5,19.0
1042,846,1,8,13,0.0,65,11,2020,12,Portuguese Grand Prix,2020-10-25,Lando,Norris,NOR,McLaren,+1 Lap,2,62557.0,31278.5,18.0
1042,847,3,14,14,0.0,65,11,2020,12,Portuguese Grand Prix,2020-10-25,George,Russell,RUS,Williams,+1 Lap,1,32991.0,32991.0,36.0
1042,841,51,17,15,0.0,65,11,2020,12,Portuguese Grand Prix,2020-10-25,Antonio,Giovinazzi,GIO,Alfa Romeo,+1 Lap,1,26473.0,26473.0,28.0
1042,825,210,19,16,0.0,65,11,2020,12,Portuguese Grand Prix,2020-10-25,Kevin,Magnussen,MAG,Haas F1 Team,+1 Lap,1,27300.0,27300.0,31.0
1042,154,210,18,17,0.0,65,11,2020,12,Portuguese Grand Prix,2020-10-25,Romain,Grosjean,GRO,Haas F1 Team,+1 Lap,1,26985.0,26985.0,26.0
1042,849,3,20,18,0.0,64,12,2020,12,Portuguese Grand Prix,2020-10-25,Nicholas,Latifi,LAT,Williams,+2 Laps,1,26739.0,26739.0,24.0
1042,826,213,13,19,0.0,64,12,2020,12,Portuguese Grand Prix,2020-10-25,Daniil,Kvyat,KVY,AlphaTauri,+2 Laps,2,60154.0,30077.0,25.0
1042,840,211,12,20,0.0,51,130,2020,12,Portuguese Grand Prix,2020-10-25,Lance,Stroll,STR,Racing Point,Collision damage,2,73797.0,36898.5,18.0
1043,1,131,2,1,26.0,63,1,2020,13,Emilia Romagna Grand Prix,2020-11-01,Lewis,Hamilton,HAM,Mercedes,Finished,2,61307.0,30653.5,30.0
1043,822,131,1,2,18.0,63,1,2020,13,Emilia Romagna Grand Prix,2020-11-01,Valtteri,Bottas,BOT,Mercedes,Finished,2,59729.0,29864.5,19.0
1043,817,4,5,3,15.0,63,1,2020,13,Emilia Romagna Grand Prix,2020-11-01,Daniel,Ricciardo,RIC,Renault,Finished,1,30204.0,30204.0,14.0
1043,826,213,8,4,12.0,63,1,2020,13,Emilia Romagna Grand Prix,2020-11-01,Daniil,Kvyat,KVY,AlphaTauri,Finished,2,60086.0,30043.0,14.0
1043,844,6,7,5,10.0,63,1,2020,13,Emilia Romagna Grand Prix,2020-11-01,Charles,Leclerc,LEC,Ferrari,Finished,1,30243.0,30243.0,13.0
1043,815,211,11,6,8.0,63,1,2020,13,Emilia Romagna Grand Prix,2020-11-01,Sergio,Pérez,PER,Racing Point,Finished,2,60540.0,30270.0,27.0
1043,832,1,10,7,6.0,63,1,2020,13,Emilia Romagna Grand Prix,2020-11-01,Carlos,Sainz,SAI,McLaren,Finished,2,60564.0,30282.0,17.0
1043,846,1,9,8,4.0,63,1,2020,13,Emilia Romagna Grand Prix,2020-11-01,Lando,Norris,NOR,McLaren,Finished,2,59886.0,29943.0,13.0
1043,8,51,18,9,2.0,63,1,2020,13,Emilia Romagna Grand Prix,2020-11-01,Kimi,Räikkönen,RAI,Alfa Romeo,Finished,1,29863.0,29863.0,48.0
1043,841,51,20,10,1.0,63,1,2020,13,Emilia Romagna Grand Prix,2020-11-01,Antonio,Giovinazzi,GIO,Alfa Romeo,Finished,1,29745.0,29745.0,10.0
1043,849,3,19,11,0.0,63,1,2020,13,Emilia Romagna Grand Prix,2020-11-01,Nicholas,Latifi,LAT,Williams,Finished,1,29892.0,29892.0,34.0
1043,20,6,14,12,0.0,63,1,2020,13,Emilia Romagna Grand Prix,2020-11-01,Sebastian,Vettel,VET,Ferrari,Finished,2,70431.0,35215.5,39.0
1043,840,211,15,13,0.0,63,1,2020,13,Emilia Romagna Grand Prix,2020-11-01,Lance,Stroll,STR,Racing Point,Finished,3,103385.0,34461.666666666664,1.0
1043,154,210,16,14,0.0,63,1,2020,13,Emilia Romagna Grand Prix,2020-11-01,Romain,Grosjean,GRO,Haas F1 Team,Finished,2,61621.0,30810.5,9.0
1043,848,9,6,15,0.0,63,1,2020,13,Emilia Romagna Grand Prix,2020-11-01,Alexander,Albon,ALB,Red Bull,Finished,2,59322.0,29661.0,14.0
1043,847,3,13,16,0.0,51,3,2020,13,Emilia Romagna Grand Prix,2020-11-01,George,Russell,RUS,Williams,Accident,1,29707.0,29707.0,11.0
1043,830,9,3,17,0.0,50,29,2020,13,Emilia Romagna Grand Prix,2020-11-01,Max,Verstappen,VER,Red Bull,Puncture,1,29427.0,29427.0,18.0
1043,825,210,17,18,0.0,47,139,2020,13,Emilia Romagna Grand Prix,2020-11-01,Kevin,Magnussen,MAG,Haas F1 Team,Illness,1,30708.0,30708.0,27.0
1043,839,4,12,19,0.0,27,6,2020,13,Emilia Romagna Grand Prix,2020-11-01,Esteban,Ocon,OCO,Renault,Gearbox,1,30559.0,30559.0,13.0
1043,842,213,4,20,0.0,8,34,2020,13,Emilia Romagna Grand Prix,2020-11-01,Pierre,Gasly,GAS,AlphaTauri,Water pressure,0,,,
1044,1,131,6,1,25.0,58,1,2020,14,Turkish Grand Prix,2020-11-15,Lewis,Hamilton,HAM,Mercedes,Finished,1,23860.0,23860.0,8.0
1044,815,211,3,2,18.0,58,1,2020,14,Turkish Grand Prix,2020-11-15,Sergio,Pérez,PER,Racing Point,Finished,1,25163.0,25163.0,10.0
1044,20,6,11,3,15.0,58,1,2020,14,Turkish Grand Prix,2020-11-15,Sebastian,Vettel,VET,Ferrari,Finished,2,49423.0,24711.5,8.0
1044,844,6,12,4,12.0,58,1,2020,14,Turkish Grand Prix,2020-11-15,Charles,Leclerc,LEC,Ferrari,Finished,2,47962.0,23981.0,6.0
1044,832,1,15,5,10.0,58,1,2020,14,Turkish Grand Prix,2020-11-15,Carlos,Sainz,SAI,McLaren,Finished,2,47447.0,23723.5,10.0
1044,830,9,2,6,8.0,58,1,2020,14,Turkish Grand Prix,2020-11-15,Max,Verstappen,VER,Red Bull,Finished,3,69561.0,23187.0,11.0
1044,848,9,4,7,6.0,58,1,2020,14,Turkish Grand Prix,2020-11-15,Alexander,Albon,ALB,Red Bull,Finished,2,45092.0,22546.0,12.0
1044,846,1,14,8,5.0,58,1,2020,14,Turkish Grand Prix,2020-11-15,Lando,Norris,NOR,McLaren,Finished,2,46370.0,23185.0,9.0
1044,840,211,1,9,2.0,58,1,2020,14,Turkish Grand Prix,2020-11-15,Lance,Stroll,STR,Racing Point,Finished,2,47380.0,23690.0,9.0
1044,817,4,5,10,1.0,58,1,2020,14,Turkish Grand Prix,2020-11-15,Daniel,Ricciardo,RIC,Renault,Finished,2,46678.0,23339.0,10.0
1044,839,4,7,11,0.0,57,11,2020,14,Turkish Grand Prix,2020-11-15,Esteban,Ocon,OCO,Renault,+1 Lap,2,49194.0,24597.0,1.0
1044,826,213,16,12,0.0,57,11,2020,14,Turkish Grand Prix,2020-11-15,Daniil,Kvyat,KVY,AlphaTauri,+1 Lap,1,23417.0,23417.0,8.0
1044,842,213,19,13,0.0,57,11,2020,14,Turkish Grand Prix,2020-11-15,Pierre,Gasly,GAS,AlphaTauri,+1 Lap,2,46957.0,23478.5,10.0
1044,822,131,9,14,0.0,57,11,2020,14,Turkish Grand Prix,2020-11-15,Valtteri,Bottas,BOT,Mercedes,+1 Lap,2,46251.0,23125.5,7.0
1044,8,51,8,15,0.0,57,11,2020,14,Turkish Grand Prix,2020-11-15,Kimi,Räikkönen,RAI,Alfa Romeo,+1 Lap,3,85301.0,28433.666666666668,8.0
1044,847,3,0,16,0.0,57,11,2020,14,Turkish Grand Prix,2020-11-15,George,Russell,RUS,Williams,+1 Lap,2,45580.0,22790.0,32.0
1044,825,210,13,17,0.0,55,54,2020,14,Turkish Grand Prix,2020-11-15,Kevin,Magnussen,MAG,Haas F1 Team,Withdrew,2,178516.0,89258.0,8.0
1044,154,210,17,18,0.0,49,130,2020,14,Turkish Grand Prix,2020-11-15,Romain,Grosjean,GRO,Haas F1 Team,Collision damage,2,58108.0,29054.0,8.0
1044,849,3,0,19,0.0,39,130,2020,14,Turkish Grand Prix,2020-11-15,Nicholas,Latifi,LAT,Williams,Collision damage,2,61337.0,30668.5,8.0
1044,841,51,10,20,0.0,11,6,2020,14,Turkish Grand Prix,2020-11-15,Antonio,Giovinazzi,GIO,Alfa Romeo,Gearbox,1,25432.0,25432.0,8.0
1045,1,131,1,1,25.0,57,1,2020,15,Bahrain Grand Prix,2020-11-29,Lewis,Hamilton,HAM,Mercedes,Finished,3,1212385.0,404128.3333333333,1.0
1045,830,9,3,2,19.0,57,1,2020,15,Bahrain Grand Prix,2020-11-29,Max,Verstappen,VER,Red Bull,Finished,4,1240007.0,310001.75,1.0
1045,848,9,4,3,15.0,57,1,2020,15,Bahrain Grand Prix,2020-11-29,Alexander,Albon,ALB,Red Bull,Finished,3,1209627.0,403209.0,1.0
1045,846,1,9,4,12.0,57,1,2020,15,Bahrain Grand Prix,2020-11-29,Lando,Norris,NOR,McLaren,Finished,3,1203243.0,401081.0,1.0
1045,832,1,15,5,10.0,57,1,2020,15,Bahrain Grand Prix,2020-11-29,Carlos,Sainz,SAI,McLaren,Finished,3,1207304.0,402434.6666666667,1.0
1045,842,213,8,6,8.0,57,1,2020,15,Bahrain Grand Prix,2020-11-29,Pierre,Gasly,GAS,AlphaTauri,Finished,2,1184867.0,592433.5,1.0
1045,817,4,6,7,6.0,57,1,2020,15,Bahrain Grand Prix,2020-11-29,Daniel,Ricciardo,RIC,Renault,Finished,3,1209156.0,403052.0,1.0
1045,822,131,2,8,4.0,57,1,2020,15,Bahrain Grand Prix,2020-11-29,Valtteri,Bottas,BOT,Mercedes,Finished,4,1233550.0,308387.5,1.0
1045,839,4,7,9,2.0,57,1,2020,15,Bahrain Grand Prix,2020-11-29,Esteban,Ocon,OCO,Renault,Finished,3,1210276.0,403425.3333333333,1.0
1045,844,6,12,10,1.0,56,11,2020,15,Bahrain Grand Prix,2020-11-29,Charles,Leclerc,LEC,Ferrari,+1 Lap,3,1204309.0,401436.3333333333,1.0
1045,826,213,10,11,0.0,56,11,2020,15,Bahrain Grand Prix,2020-11-29,Daniil,Kvyat,KVY,AlphaTauri,+1 Lap,3,1224466.0,408155.3333333333,1.0
1045,847,3,14,12,0.0,56,11,2020,15,Bahrain Grand Prix,2020-11-29,George,Russell,RUS,Williams,+1 Lap,3,1214472.0,404824.0,1.0
1045,20,6,11,13,0.0,56,11,2020,15,Bahrain Grand Prix,2020-11-29,Sebastian,Vettel,VET,Ferrari,+1 Lap,3,1207260.0,402420.0,1.0
1045,849,3,20,14,0.0,56,11,2020,15,Bahrain Grand Prix,2020-11-29,Nicholas,Latifi,LAT,Williams,+1 Lap,3,1206267.0,402089.0,1.0
1045,8,51,17,15,0.0,56,11,2020,15,Bahrain Grand Prix,2020-11-29,Kimi,Räikkönen,RAI,Alfa Romeo,+1 Lap,3,1219087.0,406362.3333333333,1.0
1045,841,51,16,16,0.0,56,11,2020,15,Bahrain Grand Prix,2020-11-29,Antonio,Giovinazzi,GIO,Alfa Romeo,+1 Lap,3,1203887.0,401295.6666666667,1.0
1045,825,210,18,17,0.0,56,11,2020,15,Bahrain Grand Prix,2020-11-29,Kevin,Magnussen,MAG,Haas F1 Team,+1 Lap,4,1247004.0,311751.0,1.0
1045,815,211,5,18,0.0,53,5,2020,15,Bahrain Grand Prix,2020-11-29,Sergio,Pérez,PER,Racing Point,Engine,3,1212348.0,404116.0,1.0
1045,840,211,13,19,0.0,2,4,2020,15,Bahrain Grand Prix,2020-11-29,Lance,Stroll,STR,Racing Point,Collision,1,1154123.0,1154123.0,1.0
1045,154,210,19,20,0.0,0,4,2020,15,Bahrain Grand Prix,2020-11-29,Romain,Grosjean,GRO,Haas F1 Team,Collision,0,,,
1046,815,211,5,1,25.0,87,1,2020,16,Sakhir Grand Prix,2020-12-06,Sergio,Pérez,PER,Racing Point,Finished,2,48721.0,24360.5,1.0
1046,839,4,11,2,18.0,87,1,2020,16,Sakhir Grand Prix,2020-12-06,Esteban,Ocon,OCO,Renault,Finished,1,24414.0,24414.0,41.0
1046,840,211,10,3,15.0,87,1,2020,16,Sakhir Grand Prix,2020-12-06,Lance,Stroll,STR,Racing Point,Finished,1,24684.0,24684.0,42.0
1046,832,1,8,4,12.0,87,1,2020,16,Sakhir Grand Prix,2020-12-06,Carlos,Sainz,SAI,McLaren,Finished,2,49015.0,24507.5,28.0
1046,817,4,7,5,10.0,87,1,2020,16,Sakhir Grand Prix,2020-12-06,Daniel,Ricciardo,RIC,Renault,Finished,2,49169.0,24584.5,29.0
1046,848,9,12,6,8.0,87,1,2020,16,Sakhir Grand Prix,2020-12-06,Alexander,Albon,ALB,Red Bull,Finished,2,47519.0,23759.5,47.0
1046,826,213,6,7,6.0,87,1,2020,16,Sakhir Grand Prix,2020-12-06,Daniil,Kvyat,KVY,AlphaTauri,Finished,2,48333.0,24166.5,27.0
1046,822,131,1,8,4.0,87,1,2020,16,Sakhir Grand Prix,2020-12-06,Valtteri,Bottas,BOT,Mercedes,Finished,2,77426.0,38713.0,49.0
1046,847,131,2,9,3.0,87,1,2020,16,Sakhir Grand Prix,2020-12-06,George,Russell,RUS,Mercedes,Finished,4,102432.0,25608.0,45.0
1046,846,1,19,10,1.0,87,1,2020,16,Sakhir Grand Prix,2020-12-06,Lando,Norris,NOR,McLaren,Finished,2,49130.0,24565.0,20.0
1046,842,213,9,11,0.0,87,1,2020,16,Sakhir Grand Prix,2020-12-06,Pierre,Gasly,GAS,AlphaTauri,Finished,2,49654.0,24827.0,28.0
1046,20,6,13,12,0.0,87,1,2020,16,Sakhir Grand Prix,2020-12-06,Sebastian,Vettel,VET,Ferrari,Finished,3,79105.0,26368.333333333332,31.0
1046,841,51,14,13,0.0,87,1,2020,16,Sakhir Grand Prix,2020-12-06,Antonio,Giovinazzi,GIO,Alfa Romeo,Finished,2,49361.0,24680.5,26.0
1046,8,51,18,14,0.0,87,1,2020,16,Sakhir Grand Prix,2020-12-06,Kimi,Räikkönen,RAI,Alfa Romeo,Finished,3,77605.0,25868.333333333332,23.0
1046,825,210,15,15,0.0,87,1,2020,16,Sakhir Grand Prix,2020-12-06,Kevin,Magnussen,MAG,Haas F1 Team,Finished,2,50940.0,25470.0,26.0
1046,851,3,17,16,0.0,87,1,2020,16,Sakhir Grand Prix,2020-12-06,Jack,Aitken,AIT,Williams,Finished,3,90579.0,30193.0,31.0
1046,850,210,20,17,0.0,87,1,2020,16,Sakhir Grand Prix,2020-12-06,Pietro,Fittipaldi,FIT,Haas F1 Team,Finished,3,79854.0,26618.0,31.0
1046,849,3,16,18,0.0,52,5,2020,16,Sakhir Grand Prix,2020-12-06,Nicholas,Latifi,LAT,Williams,Engine,1,24297.0,24297.0,27.0
1046,830,9,3,19,0.0,0,3,2020,16,Sakhir Grand Prix,2020-12-06,Max,Verstappen,VER,Red Bull,Accident,0,,,
1046,844,6,4,20,0.0,0,4,2020,16,Sakhir Grand Prix,2020-12-06,Charles,Leclerc,LEC,Ferrari,Collision,0,,,
1047,830,9,1,1,25.0,55,1,2020,17,Abu Dhabi Grand Prix,2020-12-13,Max,Verstappen,VER,Red Bull,Finished,1,21289.0,21289.0,10.0
1047,822,131,2,2,18.0,55,1,2020,17,Abu Dhabi Grand Prix,2020-12-13,Valtteri,Bottas,BOT,Mercedes,Finished,1,21587.0,21587.0,10.0
1047,1,131,3,3,15.0,55,1,2020,17,Abu Dhabi Grand Prix,2020-12-13,Lewis,Hamilton,HAM,Mercedes,Finished,1,22406.0,22406.0,10.0
1047,848,9,5,4,12.0,55,1,2020,17,Abu Dhabi Grand Prix,2020-12-13,Alexander,Albon,ALB,Red Bull,Finished,1,21508.0,21508.0,10.0
1047,846,1,4,5,10.0,55,1,2020,17,Abu Dhabi Grand Prix,2020-12-13,Lando,Norris,NOR,McLaren,Finished,1,21840.0,21840.0,10.0
1047,832,1,6,6,8.0,55,1,2020,17,Abu Dhabi Grand Prix,2020-12-13,Carlos,Sainz,SAI,McLaren,Finished,1,22140.0,22140.0,10.0
1047,817,4,11,7,7.0,55,1,2020,17,Abu Dhabi Grand Prix,2020-12-13,Daniel,Ricciardo,RIC,Renault,Finished,1,22123.0,22123.0,39.0
1047,842,213,9,8,4.0,55,1,2020,17,Abu Dhabi Grand Prix,2020-12-13,Pierre,Gasly,GAS,AlphaTauri,Finished,1,22000.0,22000.0,10.0
1047,839,4,10,9,2.0,55,1,2020,17,Abu Dhabi Grand Prix,2020-12-13,Esteban,Ocon,OCO,Renault,Finished,1,21615.0,21615.0,10.0
1047,840,211,8,10,1.0,55,1,2020,17,Abu Dhabi Grand Prix,2020-12-13,Lance,Stroll,STR,Racing Point,Finished,1,22036.0,22036.0,10.0
1047,826,213,7,11,0.0,54,11,2020,17,Abu Dhabi Grand Prix,2020-12-13,Daniil,Kvyat,KVY,AlphaTauri,+1 Lap,1,25724.0,25724.0,10.0
1047,8,51,15,12,0.0,54,11,2020,17,Abu Dhabi Grand Prix,2020-12-13,Kimi,Räikkönen,RAI,Alfa Romeo,+1 Lap,1,22012.0,22012.0,10.0
1047,844,6,12,13,0.0,54,11,2020,17,Abu Dhabi Grand Prix,2020-12-13,Charles,Leclerc,LEC,Ferrari,+1 Lap,1,22178.0,22178.0,22.0
1047,20,6,13,14,0.0,54,11,2020,17,Abu Dhabi Grand Prix,2020-12-13,Sebastian,Vettel,VET,Ferrari,+1 Lap,1,22040.0,22040.0,35.0
1047,847,3,16,15,0.0,54,11,2020,17,Abu Dhabi Grand Prix,2020-12-13,George,Russell,RUS,Williams,+1 Lap,1,22085.0,22085.0,10.0
1047,841,51,14,16,0.0,54,11,2020,17,Abu Dhabi Grand Prix,2020-12-13,Antonio,Giovinazzi,GIO,Alfa Romeo,+1 Lap,1,21480.0,21480.0,27.0
1047,849,3,18,17,0.0,54,11,2020,17,Abu Dhabi Grand Prix,2020-12-13,Nicholas,Latifi,LAT,Williams,+1 Lap,2,43741.0,21870.5,11.0
1047,825,210,20,18,0.0,54,11,2020,17,Abu Dhabi Grand Prix,2020-12-13,Kevin,Magnussen,MAG,Haas F1 Team,+1 Lap,2,45812.0,22906.0,31.0
1047,850,210,17,19,0.0,53,12,2020,17,Abu Dhabi Grand Prix,2020-12-13,Pietro,Fittipaldi,FIT,Haas F1 Team,+2 Laps,3,78047.0,26015.666666666668,10.0
1047,815,211,19,20,0.0,8,7,2020,17,Abu Dhabi Grand Prix,2020-12-13,Sergio,Pérez,PER,Racing Point,Transmission,0,,,
1052,1,131,2,1,25.0,56,1,2021,1,Bahrain Grand Prix,2021-03-28,Lewis,Hamilton,HAM,Mercedes,Finished,2,48915.0,24457.5,13.0
1052,830,9,1,2,18.0,56,1,2021,1,Bahrain Grand Prix,2021-03-28,Max,Verstappen,VER,Red Bull,Finished,2,48615.0,24307.5,17.0
1052,822,131,3,3,16.0,56,1,2021,1,Bahrain Grand Prix,2021-03-28,Valtteri,Bottas,BOT,Mercedes,Finished,3,81725.0,27241.666666666668,16.0
1052,846,1,7,4,12.0,56,1,2021,1,Bahrain Grand Prix,2021-03-28,Lando,Norris,NOR,McLaren,Finished,2,50539.0,25269.5,12.0
1052,815,9,0,5,10.0,56,1,2021,1,Bahrain Grand Prix,2021-03-28,Sergio,Pérez,PER,Red Bull,Finished,3,72289.0,24096.333333333332,2.0
1052,844,6,4,6,8.0,56,1,2021,1,Bahrain Grand Prix,2021-03-28,Charles,Leclerc,LEC,Ferrari,Finished,2,49101.0,24550.5,12.0
1052,817,1,6,7,6.0,56,1,2021,1,Bahrain Grand Prix,2021-03-28,Daniel,Ricciardo,RIC,McLaren,Finished,2,49343.0,24671.5,13.0
1052,832,6,8,8,4.0,56,1,2021,1,Bahrain Grand Prix,2021-03-28,Carlos,Sainz,SAI,Ferrari,Finished,2,48694.0,24347.0,15.0
1052,852,213,13,9,2.0,56,1,2021,1,Bahrain Grand Prix,2021-03-28,Yuki,Tsunoda,TSU,AlphaTauri,Finished,2,49374.0,24687.0,15.0
1052,840,117,10,10,1.0,56,1,2021,1,Bahrain Grand Prix,2021-03-28,Lance,Stroll,STR,Aston Martin,Finished,2,50409.0,25204.5,12.0
1052,8,51,14,11,0.0,56,1,2021,1,Bahrain Grand Prix,2021-03-28,Kimi,Räikkönen,RAI,Alfa Romeo,Finished,2,48153.0,24076.5,13.0
1052,841,51,12,12,0.0,55,11,2021,1,Bahrain Grand Prix,2021-03-28,Antonio,Giovinazzi,GIO,Alfa Romeo,+1 Lap,2,56221.0,28110.5,12.0
1052,839,214,16,13,0.0,55,11,2021,1,Bahrain Grand Prix,2021-03-28,Esteban,Ocon,OCO,Alpine F1 Team,+1 Lap,2,49697.0,24848.5,13.0
1052,847,3,15,14,0.0,55,11,2021,1,Bahrain Grand Prix,2021-03-28,George,Russell,RUS,Williams,+1 Lap,2,48869.0,24434.5,13.0
1052,20,117,20,15,0.0,55,11,2021,1,Bahrain Grand Prix,2021-03-28,Sebastian,Vettel,VET,Aston Martin,+1 Lap,1,24626.0,24626.0,24.0
1052,854,210,18,16,0.0,55,11,2021,1,Bahrain Grand Prix,2021-03-28,Mick,Schumacher,MSC,Haas F1 Team,+1 Lap,2,51141.0,25570.5,14.0
1052,842,213,5,17,0.0,52,31,2021,1,Bahrain Grand Prix,2021-03-28,Pierre,Gasly,GAS,AlphaTauri,Retired,3,87638.0,29212.666666666668,4.0
1052,849,3,17,18,0.0,51,31,2021,1,Bahrain Grand Prix,2021-03-28,Nicholas,Latifi,LAT,Williams,Retired,2,50029.0,25014.5,14.0
1052,4,214,9,19,0.0,32,23,2021,1,Bahrain Grand Prix,2021-03-28,Fernando,Alonso,ALO,Alpine F1 Team,Brakes,2,49148.0,24574.0,11.0
1052,853,210,19,20,0.0,0,3,2021,1,Bahrain Grand Prix,2021-03-28,Nikita,Mazepin,MAZ,Haas F1 Team,Accident,0,,,
1053,830,9,3,1,25.0,63,1,2021,2,Emilia Romagna Grand Prix,2021-04-18,Max,Verstappen,VER,Red Bull,Finished,2,1651170.0,825585.0,27.0
1053,1,131,1,2,19.0,63,1,2021,2,Emilia Romagna Grand Prix,2021-04-18,Lewis,Hamilton,HAM,Mercedes,Finished,4,1630911.0,407727.75,28.0
1053,846,1,7,3,15.0,63,1,2021,2,Emilia Romagna Grand Prix,2021-04-18,Lando,Norris,NOR,McLaren,Finished,2,1615607.0,807803.5,28.0
1053,844,6,4,4,12.0,63,1,2021,2,Emilia Romagna Grand Prix,2021-04-18,Charles,Leclerc,LEC,Ferrari,Finished,2,1640486.0,820243.0,28.0
1053,832,6,11,5,10.0,63,1,2021,2,Emilia Romagna Grand Prix,2021-04-18,Carlos,Sainz,SAI,Ferrari,Finished,2,1613067.0,806533.5,27.0
1053,817,1,6,6,8.0,63,1,2021,2,Emilia Romagna Grand Prix,2021-04-18,Daniel,Ricciardo,RIC,McLaren,Finished,2,1609167.0,804583.5,27.0
1053,842,213,5,7,6.0,63,1,2021,2,Emilia Romagna Grand Prix,2021-04-18,Pierre,Gasly,GAS,AlphaTauri,Finished,4,1572967.0,393241.75,14.0
1053,840,117,10,8,4.0,63,1,2021,2,Emilia Romagna Grand Prix,2021-04-18,Lance,Stroll,STR,Aston Martin,Finished,3,1588618.0,529539.3333333334,27.0
1053,839,214,9,9,2.0,63,1,2021,2,Emilia Romagna Grand Prix,2021-04-18,Esteban,Ocon,OCO,Alpine F1 Team,Finished,5,1627926.0,325585.2,1.0
1053,4,214,15,10,1.0,63,1,2021,2,Emilia Romagna Grand Prix,2021-04-18,Fernando,Alonso,ALO,Alpine F1 Team,Finished,3,1576837.0,525612.3333333334,28.0
1053,815,9,2,11,0.0,63,1,2021,2,Emilia Romagna Grand Prix,2021-04-18,Sergio,Pérez,PER,Red Bull,Finished,2,1625766.0,812883.0,28.0
1053,852,213,20,12,0.0,63,1,2021,2,Emilia Romagna Grand Prix,2021-04-18,Yuki,Tsunoda,TSU,AlphaTauri,Finished,3,1585360.0,528453.3333333334,25.0
1053,8,51,16,13,0.0,63,1,2021,2,Emilia Romagna Grand Prix,2021-04-18,Kimi,Räikkönen,RAI,Alfa Romeo,Finished,3,1585784.0,528594.6666666666,26.0
1053,841,51,17,14,0.0,62,11,2021,2,Emilia Romagna Grand Prix,2021-04-18,Antonio,Giovinazzi,GIO,Alfa Romeo,+1 Lap,4,1618754.0,404688.5,27.0
1053,20,117,0,15,0.0,61,6,2021,2,Emilia Romagna Grand Prix,2021-04-18,Sebastian,Vettel,VET,Aston Martin,Gearbox,5,1607076.0,321415.2,3.0
1053,854,210,18,16,0.0,61,12,2021,2,Emilia Romagna Grand Prix,2021-04-18,Mick,Schumacher,MSC,Haas F1 Team,+2 Laps,4,1656170.0,414042.5,5.0
1053,853,210,19,17,0.0,61,12,2021,2,Emilia Romagna Grand Prix,2021-04-18,Nikita,Mazepin,MAZ,Haas F1 Team,+2 Laps,4,1598551.0,399637.75,12.0
1053,822,131,8,18,0.0,30,4,2021,2,Emilia Romagna Grand Prix,2021-04-18,Valtteri,Bottas,BOT,Mercedes,Collision,1,30167.0,30167.0,28.0
1053,847,3,12,19,0.0,30,4,2021,2,Emilia Romagna Grand Prix,2021-04-18,George,Russell,RUS,Williams,Collision,1,29983.0,29983.0,26.0
1053,849,3,14,20,0.0,0,4,2021,2,Emilia Romagna Grand Prix,2021-04-18,Nicholas,Latifi,LAT,Williams,Collision,0,,,
1054,1,131,2,1,25.0,66,1,2021,3,Portuguese Grand Prix,2021-05-02,Lewis,Hamilton,HAM,Mercedes,Finished,3,71497.0,23832.333333333332,2.0
1054,830,9,3,2,18.0,66,1,2021,3,Portuguese Grand Prix,2021-05-02,Max,Verstappen,VER,Red Bull,Finished,4,97884.0,24471.0,2.0
1054,822,131,1,3,16.0,66,1,2021,3,Portuguese Grand Prix,2021-05-02,Valtteri,Bottas,BOT,Mercedes,Finished,4,96960.0,24240.0,2.0
1054,815,9,4,4,12.0,66,1,2021,3,Portuguese Grand Prix,2021-05-02,Sergio,Pérez,PER,Red Bull,Finished,3,70597.0,23532.333333333332,2.0
1054,846,1,7,5,10.0,66,1,2021,3,Portuguese Grand Prix,2021-05-02,Lando,Norris,NOR,McLaren,Finished,3,70910.0,23636.666666666668,2.0
1054,844,6,8,6,8.0,66,1,2021,3,Portuguese Grand Prix,2021-05-02,Charles,Leclerc,LEC,Ferrari,Finished,3,70992.0,23664.0,2.0
1054,839,214,6,7,6.0,66,1,2021,3,Portuguese Grand Prix,2021-05-02,Esteban,Ocon,OCO,Alpine F1 Team,Finished,3,70548.0,23516.0,2.0
1054,4,214,13,8,4.0,66,1,2021,3,Portuguese Grand Prix,2021-05-02,Fernando,Alonso,ALO,Alpine F1 Team,Finished,3,69515.0,23171.666666666668,2.0
1054,817,1,16,9,2.0,66,1,2021,3,Portuguese Grand Prix,2021-05-02,Daniel,Ricciardo,RIC,McLaren,Finished,3,72959.0,24319.666666666668,2.0
1054,842,213,9,10,1.0,66,1,2021,3,Portuguese Grand Prix,2021-05-02,Pierre,Gasly,GAS,AlphaTauri,Finished,3,69844.0,23281.333333333332,2.0
1054,832,6,5,11,0.0,66,1,2021,3,Portuguese Grand Prix,2021-05-02,Carlos,Sainz,SAI,Ferrari,Finished,3,70165.0,23388.333333333332,2.0
1054,841,51,12,12,0.0,65,11,2021,3,Portuguese Grand Prix,2021-05-02,Antonio,Giovinazzi,GIO,Alfa Romeo,+1 Lap,3,71883.0,23961.0,2.0
1054,20,117,10,13,0.0,65,11,2021,3,Portuguese Grand Prix,2021-05-02,Sebastian,Vettel,VET,Aston Martin,+1 Lap,3,69768.0,23256.0,2.0
1054,840,117,17,14,0.0,65,11,2021,3,Portuguese Grand Prix,2021-05-02,Lance,Stroll,STR,Aston Martin,+1 Lap,3,70467.0,23489.0,2.0
1054,852,213,14,15,0.0,65,11,2021,3,Portuguese Grand Prix,2021-05-02,Yuki,Tsunoda,TSU,AlphaTauri,+1 Lap,3,71010.0,23670.0,2.0
1054,847,3,11,16,0.0,65,11,2021,3,Portuguese Grand Prix,2021-05-02,George,Russell,RUS,Williams,+1 Lap,3,73130.0,24376.666666666668,2.0
1054,854,210,19,17,0.0,64,12,2021,3,Portuguese Grand Prix,2021-05-02,Mick,Schumacher,MSC,Haas F1 Team,+2 Laps,3,70718.0,23572.666666666668,2.0
1054,849,3,18,18,0.0,64,12,2021,3,Portuguese Grand Prix,2021-05-02,Nicholas,Latifi,LAT,Williams,+2 Laps,3,70295.0,23431.666666666668,2.0
1054,853,210,20,19,0.0,64,12,2021,3,Portuguese Grand Prix,2021-05-02,Nikita,Mazepin,MAZ,Haas F1 Team,+2 Laps,4,96946.0,24236.5,2.0
1054,8,51,15,20,0.0,1,130,2021,3,Portuguese Grand Prix,2021-05-02,Kimi,Räikkönen,RAI,Alfa Romeo,Collision damage,0,,,
1055,1,131,1,1,25.0,66,1,2021,4,Spanish Grand Prix,2021-05-09,Lewis,Hamilton,HAM,Mercedes,Finished,2,44298.0,22149.0,28.0
1055,830,9,2,2,19.0,66,1,2021,4,Spanish Grand Prix,2021-05-09,Max,Verstappen,VER,Red Bull,Finished,2,45157.0,22578.5,24.0
1055,822,131,3,3,15.0,66,1,2021,4,Spanish Grand Prix,2021-05-09,Valtteri,Bottas,BOT,Mercedes,Finished,2,43949.0,21974.5,23.0
1055,844,6,4,4,12.0,66,1,2021,4,Spanish Grand Prix,2021-05-09,Charles,Leclerc,LEC,Ferrari,Finished,2,43905.0,21952.5,28.0
1055,815,9,8,5,10.0,66,1,2021,4,Spanish Grand Prix,2021-05-09,Sergio,Pérez,PER,Red Bull,Finished,2,43727.0,21863.5,27.0
1055,817,1,7,6,8.0,66,1,2021,4,Spanish Grand Prix,2021-05-09,Daniel,Ricciardo,RIC,McLaren,Finished,2,44168.0,22084.0,25.0
1055,832,6,6,7,6.0,66,1,2021,4,Spanish Grand Prix,2021-05-09,Carlos,Sainz,SAI,Ferrari,Finished,2,43635.0,21817.5,22.0
1055,846,1,9,8,4.0,65,11,2021,4,Spanish Grand Prix,2021-05-09,Lando,Norris,NOR,McLaren,+1 Lap,2,44331.0,22165.5,23.0
1055,839,214,5,9,2.0,65,11,2021,4,Spanish Grand Prix,2021-05-09,Esteban,Ocon,OCO,Alpine F1 Team,+1 Lap,1,22798.0,22798.0,23.0
1055,842,213,12,10,1.0,65,11,2021,4,Spanish Grand Prix,2021-05-09,Pierre,Gasly,GAS,AlphaTauri,+1 Lap,2,54107.0,27053.5,18.0
1055,840,117,11,11,0.0,65,11,2021,4,Spanish Grand Prix,2021-05-09,Lance,Stroll,STR,Aston Martin,+1 Lap,2,43188.0,21594.0,22.0
1055,8,51,17,12,0.0,65,11,2021,4,Spanish Grand Prix,2021-05-09,Kimi,Räikkönen,RAI,Alfa Romeo,+1 Lap,1,21572.0,21572.0,37.0
1055,20,117,13,13,0.0,65,11,2021,4,Spanish Grand Prix,2021-05-09,Sebastian,Vettel,VET,Aston Martin,+1 Lap,2,45060.0,22530.0,21.0
1055,847,3,15,14,0.0,65,11,2021,4,Spanish Grand Prix,2021-05-09,George,Russell,RUS,Williams,+1 Lap,2,45733.0,22866.5,9.0
1055,841,51,14,15,0.0,65,11,2021,4,Spanish Grand Prix,2021-05-09,Antonio,Giovinazzi,GIO,Alfa Romeo,+1 Lap,2,77544.0,38772.0,8.0
1055,849,3,19,16,0.0,65,11,2021,4,Spanish Grand Prix,2021-05-09,Nicholas,Latifi,LAT,Williams,+1 Lap,3,70501.0,23500.333333333332,9.0
1055,4,214,10,17,0.0,65,11,2021,4,Spanish Grand Prix,2021-05-09,Fernando,Alonso,ALO,Alpine F1 Team,+1 Lap,2,45522.0,22761.0,21.0
1055,854,210,18,18,0.0,64,12,2021,4,Spanish Grand Prix,2021-05-09,Mick,Schumacher,MSC,Haas F1 Team,+2 Laps,2,46316.0,23158.0,23.0
1055,853,210,20,19,0.0,64,12,2021,4,Spanish Grand Prix,2021-05-09,Nikita,Mazepin,MAZ,Haas F1 Team,+2 Laps,2,45600.0,22800.0,22.0
1055,852,213,16,20,0.0,6,10,2021,4,Spanish Grand Prix,2021-05-09,Yuki,Tsunoda,TSU,AlphaTauri,Electrical,0,,,
1056,832,6,4,2,18.0,78,1,2021,5,Monaco Grand Prix,2021-05-23,Carlos,Sainz,SAI,Ferrari,Finished,1,24150.0,24150.0,32.0
1056,830,9,2,1,25.0,78,1,2021,5,Monaco Grand Prix,2021-05-23,Max,Verstappen,VER,Red Bull,Finished,1,23746.0,23746.0,34.0
1056,846,1,5,3,15.0,78,1,2021,5,Monaco Grand Prix,2021-05-23,Lando,Norris,NOR,McLaren,Finished,1,23874.0,23874.0,30.0
1056,815,9,9,4,12.0,78,1,2021,5,Monaco Grand Prix,2021-05-23,Sergio,Pérez,PER,Red Bull,Finished,1,24548.0,24548.0,35.0
1056,20,117,8,5,10.0,78,1,2021,5,Monaco Grand Prix,2021-05-23,Sebastian,Vettel,VET,Aston Martin,Finished,1,24369.0,24369.0,31.0
1056,842,213,6,6,8.0,78,1,2021,5,Monaco Grand Prix,2021-05-23,Pierre,Gasly,GAS,AlphaTauri,Finished,1,24428.0,24428.0,30.0
1056,1,131,7,7,7.0,78,1,2021,5,Monaco Grand Prix,2021-05-23,Lewis,Hamilton,HAM,Mercedes,Finished,2,48027.0,24013.5,29.0
1056,840,117,13,8,4.0,77,11,2021,5,Monaco Grand Prix,2021-05-23,Lance,Stroll,STR,Aston Martin,+1 Lap,1,23474.0,23474.0,58.0
1056,839,214,11,9,2.0,77,11,2021,5,Monaco Grand Prix,2021-05-23,Esteban,Ocon,OCO,Alpine F1 Team,+1 Lap,1,23935.0,23935.0,37.0
1056,841,51,10,10,1.0,77,11,2021,5,Monaco Grand Prix,2021-05-23,Antonio,Giovinazzi,GIO,Alfa Romeo,+1 Lap,1,24521.0,24521.0,33.0
1056,8,51,14,11,0.0,77,11,2021,5,Monaco Grand Prix,2021-05-23,Kimi,Räikkönen,RAI,Alfa Romeo,+1 Lap,1,24077.0,24077.0,43.0
1056,817,1,12,12,0.0,77,11,2021,5,Monaco Grand Prix,2021-05-23,Daniel,Ricciardo,RIC,McLaren,+1 Lap,1,24715.0,24715.0,36.0
1056,4,214,17,13,0.0,77,11,2021,5,Monaco Grand Prix,2021-05-23,Fernando,Alonso,ALO,Alpine F1 Team,+1 Lap,1,23803.0,23803.0,45.0
1056,847,3,15,14,0.0,77,11,2021,5,Monaco Grand Prix,2021-05-23,George,Russell,RUS,Williams,+1 Lap,1,23928.0,23928.0,31.0
1056,849,3,18,15,0.0,77,11,2021,5,Monaco Grand Prix,2021-05-23,Nicholas,Latifi,LAT,Williams,+1 Lap,1,23703.0,23703.0,43.0
1056,852,213,16,16,0.0,77,11,2021,5,Monaco Grand Prix,2021-05-23,Yuki,Tsunoda,TSU,AlphaTauri,+1 Lap,1,24430.0,24430.0,64.0
1056,853,210,19,17,0.0,75,13,2021,5,Monaco Grand Prix,2021-05-23,Nikita,Mazepin,MAZ,Haas F1 Team,+3 Laps,1,25202.0,25202.0,34.0
1056,854,210,20,18,0.0,75,13,2021,5,Monaco Grand Prix,2021-05-23,Mick,Schumacher,MSC,Haas F1 Team,+3 Laps,1,24797.0,24797.0,37.0
1056,822,131,3,19,0.0,29,61,2021,5,Monaco Grand Prix,2021-05-23,Valtteri,Bottas,BOT,Mercedes,Wheel nut,0,,,
1056,844,6,1,20,0.0,0,30,2021,5,Monaco Grand Prix,2021-05-23,Charles,Leclerc,LEC,Ferrari,Driveshaft,0,,,
1057,815,9,6,1,25.0,51,1,2021,6,Azerbaijan Grand Prix,2021-06-06,Sergio,Pérez,PER,Red Bull,Finished,3,2035617.0,678539.0,13.0
1057,20,117,11,2,18.0,51,1,2021,6,Azerbaijan Grand Prix,2021-06-06,Sebastian,Vettel,VET,Aston Martin,Finished,3,2035202.0,678400.6666666666,18.0
1057,842,213,4,3,15.0,51,1,2021,6,Azerbaijan Grand Prix,2021-06-06,Pierre,Gasly,GAS,AlphaTauri,Finished,3,2037071.0,679023.6666666666,11.0
1057,844,6,1,4,12.0,51,1,2021,6,Azerbaijan Grand Prix,2021-06-06,Charles,Leclerc,LEC,Ferrari,Finished,3,2037472.0,679157.3333333334,9.0
1057,846,1,9,5,10.0,51,1,2021,6,Azerbaijan Grand Prix,2021-06-06,Lando,Norris,NOR,McLaren,Finished,3,2046808.0,682269.3333333334,7.0
1057,4,214,8,6,8.0,51,1,2021,6,Azerbaijan Grand Prix,2021-06-06,Fernando,Alonso,ALO,Alpine F1 Team,Finished,4,2070109.0,517527.25,7.0
1057,852,213,7,7,6.0,51,1,2021,6,Azerbaijan Grand Prix,2021-06-06,Yuki,Tsunoda,TSU,AlphaTauri,Finished,3,2038722.0,679574.0,9.0
1057,832,6,5,8,4.0,51,1,2021,6,Azerbaijan Grand Prix,2021-06-06,Carlos,Sainz,SAI,Ferrari,Finished,3,2047907.0,682635.6666666666,10.0
1057,817,1,13,9,2.0,51,1,2021,6,Azerbaijan Grand Prix,2021-06-06,Daniel,Ricciardo,RIC,McLaren,Finished,3,2050239.0,683413.0,11.0
1057,8,51,14,10,1.0,51,1,2021,6,Azerbaijan Grand Prix,2021-06-06,Kimi,Räikkönen,RAI,Alfa Romeo,Finished,3,2051549.0,683849.6666666666,13.0
1057,841,51,20,11,0.0,51,1,2021,6,Azerbaijan Grand Prix,2021-06-06,Antonio,Giovinazzi,GIO,Alfa Romeo,Finished,4,2072800.0,518200.0,2.0
1057,822,131,10,12,0.0,51,1,2021,6,Azerbaijan Grand Prix,2021-06-06,Valtteri,Bottas,BOT,Mercedes,Finished,3,2076931.0,692310.3333333334,11.0
1057,854,210,17,13,0.0,51,1,2021,6,Azerbaijan Grand Prix,2021-06-06,Mick,Schumacher,MSC,Haas F1 Team,Finished,5,2143022.0,428604.4,8.0
1057,853,210,18,14,0.0,51,1,2021,6,Azerbaijan Grand Prix,2021-06-06,Nikita,Mazepin,MAZ,Haas F1 Team,Finished,6,1998956.0,333159.3333333333,9.0
1057,1,131,2,15,0.0,51,1,2021,6,Azerbaijan Grand Prix,2021-06-06,Lewis,Hamilton,HAM,Mercedes,Finished,3,2038825.0,679608.3333333334,11.0
1057,849,3,16,16,0.0,51,1,2021,6,Azerbaijan Grand Prix,2021-06-06,Nicholas,Latifi,LAT,Williams,Finished,2,2070324.0,1035162.0,9.0
1057,847,3,15,17,0.0,48,6,2021,6,Azerbaijan Grand Prix,2021-06-06,George,Russell,RUS,Williams,Gearbox,4,2097609.0,524402.25,1.0
1057,830,9,3,18,0.0,45,3,2021,6,Azerbaijan Grand Prix,2021-06-06,Max,Verstappen,VER,Red Bull,Accident,1,19769.0,19769.0,12.0
1057,840,117,19,19,0.0,29,3,2021,6,Azerbaijan Grand Prix,2021-06-06,Lance,Stroll,STR,Aston Martin,Accident,0,,,
1057,839,214,12,20,0.0,3,101,2021,6,Azerbaijan Grand Prix,2021-06-06,Esteban,Ocon,OCO,Alpine F1 Team,Turbo,0,,,
1059,830,9,1,1,26.0,53,1,2021,7,French Grand Prix,2021-06-20,Max,Verstappen,VER,Red Bull,Finished,2,59926.0,29963.0,18.0
1059,1,131,2,2,18.0,53,1,2021,7,French Grand Prix,2021-06-20,Lewis,Hamilton,HAM,Mercedes,Finished,1,30263.0,30263.0,19.0
1059,815,9,4,3,15.0,53,1,2021,7,French Grand Prix,2021-06-20,Sergio,Pérez,PER,Red Bull,Finished,1,29682.0,29682.0,24.0
1059,822,131,3,4,12.0,53,1,2021,7,French Grand Prix,2021-06-20,Valtteri,Bottas,BOT,Mercedes,Finished,1,30572.0,30572.0,17.0
1059,846,1,8,5,10.0,53,1,2021,7,French Grand Prix,2021-06-20,Lando,Norris,NOR,McLaren,Finished,1,30531.0,30531.0,24.0
1059,817,1,10,6,8.0,53,1,2021,7,French Grand Prix,2021-06-20,Daniel,Ricciardo,RIC,McLaren,Finished,1,29951.0,29951.0,16.0
1059,842,213,6,7,6.0,53,1,2021,7,French Grand Prix,2021-06-20,Pierre,Gasly,GAS,AlphaTauri,Finished,1,30781.0,30781.0,17.0
1059,4,214,9,8,4.0,53,1,2021,7,French Grand Prix,2021-06-20,Fernando,Alonso,ALO,Alpine F1 Team,Finished,1,31288.0,31288.0,18.0
1059,20,117,12,9,2.0,53,1,2021,7,French Grand Prix,2021-06-20,Sebastian,Vettel,VET,Aston Martin,Finished,1,31069.0,31069.0,37.0
1059,840,117,19,10,1.0,53,1,2021,7,French Grand Prix,2021-06-20,Lance,Stroll,STR,Aston Martin,Finished,1,30996.0,30996.0,34.0
1059,832,6,5,11,0.0,53,1,2021,7,French Grand Prix,2021-06-20,Carlos,Sainz,SAI,Ferrari,Finished,1,30534.0,30534.0,17.0
1059,847,3,14,12,0.0,52,11,2021,7,French Grand Prix,2021-06-20,George,Russell,RUS,Williams,+1 Lap,1,30092.0,30092.0,17.0
1059,852,213,0,13,0.0,52,11,2021,7,French Grand Prix,2021-06-20,Yuki,Tsunoda,TSU,AlphaTauri,+1 Lap,1,30226.0,30226.0,15.0
1059,839,214,11,14,0.0,52,11,2021,7,French Grand Prix,2021-06-20,Esteban,Ocon,OCO,Alpine F1 Team,+1 Lap,1,30207.0,30207.0,28.0
1059,841,51,13,15,0.0,52,11,2021,7,French Grand Prix,2021-06-20,Antonio,Giovinazzi,GIO,Alfa Romeo,+1 Lap,1,30586.0,30586.0,28.0
1059,844,6,7,16,0.0,52,11,2021,7,French Grand Prix,2021-06-20,Charles,Leclerc,LEC,Ferrari,+1 Lap,2,62166.0,31083.0,14.0
1059,8,51,17,17,0.0,52,11,2021,7,French Grand Prix,2021-06-20,Kimi,Räikkönen,RAI,Alfa Romeo,+1 Lap,1,31327.0,31327.0,33.0
1059,849,3,16,18,0.0,52,11,2021,7,French Grand Prix,2021-06-20,Nicholas,Latifi,LAT,Williams,+1 Lap,1,29775.0,29775.0,18.0
1059,854,210,15,19,0.0,52,11,2021,7,French Grand Prix,2021-06-20,Mick,Schumacher,MSC,Haas F1 Team,+1 Lap,1,31457.0,31457.0,15.0
1059,853,210,18,20,0.0,52,11,2021,7,French Grand Prix,2021-06-20,Nikita,Mazepin,MAZ,Haas F1 Team,+1 Lap,1,30983.0,30983.0,31.0
1058,830,9,1,1,25.0,71,1,2021,8,Styrian Grand Prix,2021-06-27,Max,Verstappen,VER,Red Bull,Finished,1,20936.0,20936.0,29.0
1058,1,131,2,2,19.0,71,1,2021,8,Styrian Grand Prix,2021-06-27,Lewis,Hamilton,HAM,Mercedes,Finished,2,42859.0,21429.5,28.0
1058,822,131,5,3,15.0,71,1,2021,8,Styrian Grand Prix,2021-06-27,Valtteri,Bottas,BOT,Mercedes,Finished,1,21752.0,21752.0,27.0
1058,815,9,4,4,12.0,71,1,2021,8,Styrian Grand Prix,2021-06-27,Sergio,Pérez,PER,Red Bull,Finished,2,44438.0,22219.0,26.0
1058,846,1,3,5,10.0,70,11,2021,8,Styrian Grand Prix,2021-06-27,Lando,Norris,NOR,McLaren,+1 Lap,1,21692.0,21692.0,31.0
1058,832,6,12,6,8.0,70,11,2021,8,Styrian Grand Prix,2021-06-27,Carlos,Sainz,SAI,Ferrari,+1 Lap,1,21226.0,21226.0,41.0
1058,844,6,7,7,6.0,70,11,2021,8,Styrian Grand Prix,2021-06-27,Charles,Leclerc,LEC,Ferrari,+1 Lap,2,50310.0,25155.0,1.0
1058,840,117,9,8,4.0,70,11,2021,8,Styrian Grand Prix,2021-06-27,Lance,Stroll,STR,Aston Martin,+1 Lap,1,20936.0,20936.0,28.0
1058,4,214,8,9,2.0,70,11,2021,8,Styrian Grand Prix,2021-06-27,Fernando,Alonso,ALO,Alpine F1 Team,+1 Lap,1,21131.0,21131.0,27.0
1058,852,213,11,10,1.0,70,11,2021,8,Styrian Grand Prix,2021-06-27,Yuki,Tsunoda,TSU,AlphaTauri,+1 Lap,1,21234.0,21234.0,26.0
1058,8,51,18,11,0.0,70,11,2021,8,Styrian Grand Prix,2021-06-27,Kimi,Räikkönen,RAI,Alfa Romeo,+1 Lap,1,21227.0,21227.0,36.0
1058,20,117,14,12,0.0,70,11,2021,8,Styrian Grand Prix,2021-06-27,Sebastian,Vettel,VET,Aston Martin,+1 Lap,1,21546.0,21546.0,27.0
1058,817,1,13,13,0.0,70,11,2021,8,Styrian Grand Prix,2021-06-27,Daniel,Ricciardo,RIC,McLaren,+1 Lap,1,21410.0,21410.0,41.0
1058,839,214,17,14,0.0,70,11,2021,8,Styrian Grand Prix,2021-06-27,Esteban,Ocon,OCO,Alpine F1 Team,+1 Lap,1,21238.0,21238.0,36.0
1058,841,51,15,15,0.0,70,11,2021,8,Styrian Grand Prix,2021-06-27,Antonio,Giovinazzi,GIO,Alfa Romeo,+1 Lap,1,21210.0,21210.0,23.0
1058,854,210,19,16,0.0,69,12,2021,8,Styrian Grand Prix,2021-06-27,Mick,Schumacher,MSC,Haas F1 Team,+2 Laps,1,22400.0,22400.0,33.0
1058,849,3,16,17,0.0,68,13,2021,8,Styrian Grand Prix,2021-06-27,Nicholas,Latifi,LAT,Williams,+3 Laps,2,48372.0,24186.0,1.0
1058,853,210,20,18,0.0,68,13,2021,8,Styrian Grand Prix,2021-06-27,Nikita,Mazepin,MAZ,Haas F1 Team,+3 Laps,1,22759.0,22759.0,21.0
1058,847,3,10,19,0.0,36,5,2021,8,Styrian Grand Prix,2021-06-27,George,Russell,RUS,Williams,Engine,2,83624.0,41812.0,25.0
1058,842,213,6,20,0.0,1,4,2021,8,Styrian Grand Prix,2021-06-27,Pierre,Gasly,GAS,AlphaTauri,Collision,0,,,
1060,830,9,1,1,26.0,71,1,2021,9,Austrian Grand Prix,2021-07-04,Max,Verstappen,VER,Red Bull,Finished,2,42326.0,21163.0,32.0
1060,822,131,5,2,18.0,71,1,2021,9,Austrian Grand Prix,2021-07-04,Valtteri,Bottas,BOT,Mercedes,Finished,1,21071.0,21071.0,30.0
1060,846,1,2,3,15.0,71,1,2021,9,Austrian Grand Prix,2021-07-04,Lando,Norris,NOR,McLaren,Finished,1,26474.0,26474.0,30.0
1060,1,131,4,4,12.0,71,1,2021,9,Austrian Grand Prix,2021-07-04,Lewis,Hamilton,HAM,Mercedes,Finished,2,42426.0,21213.0,31.0
1060,832,6,10,5,10.0,71,1,2021,9,Austrian Grand Prix,2021-07-04,Carlos,Sainz,SAI,Ferrari,Finished,1,21431.0,21431.0,48.0
1060,815,9,3,6,8.0,71,1,2021,9,Austrian Grand Prix,2021-07-04,Sergio,Pérez,PER,Red Bull,Finished,1,21735.0,21735.0,32.0
1060,817,1,13,7,6.0,71,1,2021,9,Austrian Grand Prix,2021-07-04,Daniel,Ricciardo,RIC,McLaren,Finished,1,21151.0,21151.0,29.0
1060,844,6,12,8,4.0,71,1,2021,9,Austrian Grand Prix,2021-07-04,Charles,Leclerc,LEC,Ferrari,Finished,1,21143.0,21143.0,34.0
1060,842,213,6,9,2.0,71,1,2021,9,Austrian Grand Prix,2021-07-04,Pierre,Gasly,GAS,AlphaTauri,Finished,2,43414.0,21707.0,13.0
1060,4,214,14,10,1.0,70,11,2021,9,Austrian Grand Prix,2021-07-04,Fernando,Alonso,ALO,Alpine F1 Team,+1 Lap,1,22663.0,22663.0,32.0
1060,847,3,8,11,0.0,70,11,2021,9,Austrian Grand Prix,2021-07-04,George,Russell,RUS,Williams,+1 Lap,1,21606.0,21606.0,30.0
1060,852,213,7,12,0.0,70,11,2021,9,Austrian Grand Prix,2021-07-04,Yuki,Tsunoda,TSU,AlphaTauri,+1 Lap,2,47749.0,23874.5,12.0
1060,840,117,9,13,0.0,70,11,2021,9,Austrian Grand Prix,2021-07-04,Lance,Stroll,STR,Aston Martin,+1 Lap,2,42863.0,21431.5,14.0
1060,841,51,15,14,0.0,70,11,2021,9,Austrian Grand Prix,2021-07-04,Antonio,Giovinazzi,GIO,Alfa Romeo,+1 Lap,2,48251.0,24125.5,1.0
1060,8,51,16,15,0.0,70,11,2021,9,Austrian Grand Prix,2021-07-04,Kimi,Räikkönen,RAI,Alfa Romeo,+1 Lap,1,21896.0,21896.0,37.0
1060,849,3,18,16,0.0,70,11,2021,9,Austrian Grand Prix,2021-07-04,Nicholas,Latifi,LAT,Williams,+1 Lap,1,21152.0,21152.0,33.0
1060,20,117,11,17,0.0,69,4,2021,9,Austrian Grand Prix,2021-07-04,Sebastian,Vettel,VET,Aston Martin,Collision,2,41927.0,20963.5,17.0
1060,854,210,19,18,0.0,69,12,2021,9,Austrian Grand Prix,2021-07-04,Mick,Schumacher,MSC,Haas F1 Team,+2 Laps,1,21798.0,21798.0,34.0
1060,853,210,20,19,0.0,69,12,2021,9,Austrian Grand Prix,2021-07-04,Nikita,Mazepin,MAZ,Haas F1 Team,+2 Laps,2,45182.0,22591.0,27.0
1060,839,214,17,20,0.0,0,4,2021,9,Austrian Grand Prix,2021-07-04,Esteban,Ocon,OCO,Alpine F1 Team,Collision,0,,,
1061,1,131,2,1,25.0,52,1,2021,10,British Grand Prix,2021-07-18,Lewis,Hamilton,HAM,Mercedes,Finished,2,2088642.0,1044321.0,2.0
1061,844,6,4,2,18.0,52,1,2021,10,British Grand Prix,2021-07-18,Charles,Leclerc,LEC,Ferrari,Finished,2,2076164.0,1038082.0,2.0
1061,822,131,3,3,15.0,52,1,2021,10,British Grand Prix,2021-07-18,Valtteri,Bottas,BOT,Mercedes,Finished,2,2077358.0,1038679.0,2.0
1061,846,1,5,4,12.0,52,1,2021,10,British Grand Prix,2021-07-18,Lando,Norris,NOR,McLaren,Finished,2,2083924.0,1041962.0,2.0
1061,817,1,6,5,10.0,52,1,2021,10,British Grand Prix,2021-07-18,Daniel,Ricciardo,RIC,McLaren,Finished,2,2080098.0,1040049.0,2.0
1061,832,6,10,6,8.0,52,1,2021,10,British Grand Prix,2021-07-18,Carlos,Sainz,SAI,Ferrari,Finished,2,2096631.0,1048315.5,2.0
1061,4,214,7,7,6.0,52,1,2021,10,British Grand Prix,2021-07-18,Fernando,Alonso,ALO,Alpine F1 Team,Finished,2,2088323.0,1044161.5,2.0
1061,840,117,14,8,4.0,52,1,2021,10,British Grand Prix,2021-07-18,Lance,Stroll,STR,Aston Martin,Finished,2,2096074.0,1048037.0,2.0
1061,839,214,9,9,2.0,52,1,2021,10,British Grand Prix,2021-07-18,Esteban,Ocon,OCO,Alpine F1 Team,Finished,2,2095766.0,1047883.0,2.0
1061,852,213,16,10,1.0,52,1,2021,10,British Grand Prix,2021-07-18,Yuki,Tsunoda,TSU,AlphaTauri,Finished,2,2104829.0,1052414.5,2.0
1061,842,213,11,11,0.0,52,1,2021,10,British Grand Prix,2021-07-18,Pierre,Gasly,GAS,AlphaTauri,Finished,3,2124109.0,708036.3333333334,2.0
1061,847,3,12,12,0.0,51,11,2021,10,British Grand Prix,2021-07-18,George,Russell,RUS,Williams,+1 Lap,2,2100355.0,1050177.5,2.0
1061,841,51,15,13,0.0,51,11,2021,10,British Grand Prix,2021-07-18,Antonio,Giovinazzi,GIO,Alfa Romeo,+1 Lap,2,2098387.0,1049193.5,2.0
1061,849,3,17,14,0.0,51,11,2021,10,British Grand Prix,2021-07-18,Nicholas,Latifi,LAT,Williams,+1 Lap,2,2104707.0,1052353.5,2.0
1061,8,51,13,15,0.0,51,11,2021,10,British Grand Prix,2021-07-18,Kimi,Räikkönen,RAI,Alfa Romeo,+1 Lap,2,2091094.0,1045547.0,2.0
1061,815,9,0,16,0.0,51,11,2021,10,British Grand Prix,2021-07-18,Sergio,Pérez,PER,Red Bull,+1 Lap,4,2161227.0,540306.75,2.0
1061,853,210,19,17,0.0,51,11,2021,10,British Grand Prix,2021-07-18,Nikita,Mazepin,MAZ,Haas F1 Team,+1 Lap,2,2106230.0,1053115.0,2.0
1061,854,210,18,18,0.0,51,11,2021,10,British Grand Prix,2021-07-18,Mick,Schumacher,MSC,Haas F1 Team,+1 Lap,2,2105047.0,1052523.5,2.0
1061,20,117,8,19,0.0,40,31,2021,10,British Grand Prix,2021-07-18,Sebastian,Vettel,VET,Aston Martin,Retired,2,2083367.0,1041683.5,2.0
1061,830,9,1,20,0.0,0,4,2021,10,British Grand Prix,2021-07-18,Max,Verstappen,VER,Red Bull,Collision,0,,,
1062,839,214,8,1,25.0,70,1,2021,11,Hungarian Grand Prix,2021-08-01,Esteban,Ocon,OCO,Alpine F1 Team,Finished,3,1511354.0,503784.6666666667,2.0
1062,1,131,1,2,18.0,70,1,2021,11,Hungarian Grand Prix,2021-08-01,Lewis,Hamilton,HAM,Mercedes,Finished,4,1513714.0,378428.5,2.0
1062,832,6,15,3,15.0,70,1,2021,11,Hungarian Grand Prix,2021-08-01,Carlos,Sainz,SAI,Ferrari,Finished,3,1517264.0,505754.6666666667,2.0
1062,4,214,9,4,12.0,70,1,2021,11,Hungarian Grand Prix,2021-08-01,Fernando,Alonso,ALO,Alpine F1 Team,Finished,3,1513624.0,504541.3333333333,2.0
1062,842,213,5,5,11.0,70,1,2021,11,Hungarian Grand Prix,2021-08-01,Pierre,Gasly,GAS,AlphaTauri,Finished,4,1540292.0,385073.0,2.0
1062,852,213,16,6,8.0,70,1,2021,11,Hungarian Grand Prix,2021-08-01,Yuki,Tsunoda,TSU,AlphaTauri,Finished,3,1516189.0,505396.3333333333,2.0
1062,849,3,18,7,6.0,70,1,2021,11,Hungarian Grand Prix,2021-08-01,Nicholas,Latifi,LAT,Williams,Finished,3,1516220.0,505406.6666666667,2.0
1062,847,3,17,8,4.0,70,1,2021,11,Hungarian Grand Prix,2021-08-01,George,Russell,RUS,Williams,Finished,3,1509047.0,503015.6666666667,2.0
1062,830,9,3,9,2.0,70,1,2021,11,Hungarian Grand Prix,2021-08-01,Max,Verstappen,VER,Red Bull,Finished,5,1556058.0,311211.6,1.0
1062,8,51,13,10,1.0,69,11,2021,11,Hungarian Grand Prix,2021-08-01,Kimi,Räikkönen,RAI,Alfa Romeo,+1 Lap,4,1550924.0,387731.0,2.0
1062,817,1,11,11,0.0,69,11,2021,11,Hungarian Grand Prix,2021-08-01,Daniel,Ricciardo,RIC,McLaren,+1 Lap,3,1513242.0,504414.0,2.0
1062,854,210,20,12,0.0,69,11,2021,11,Hungarian Grand Prix,2021-08-01,Mick,Schumacher,MSC,Haas F1 Team,+1 Lap,3,1515968.0,505322.6666666667,2.0
1062,841,51,0,13,0.0,69,11,2021,11,Hungarian Grand Prix,2021-08-01,Antonio,Giovinazzi,GIO,Alfa Romeo,+1 Lap,5,1570886.0,314177.2,1.0
1062,853,210,19,14,0.0,3,4,2021,11,Hungarian Grand Prix,2021-08-01,Nikita,Mazepin,MAZ,Haas F1 Team,Collision,2,1481135.0,740567.5,1.0
1062,846,1,6,15,0.0,2,4,2021,11,Hungarian Grand Prix,2021-08-01,Lando,Norris,NOR,McLaren,Collision,1,38267.0,38267.0,1.0
1062,822,131,2,16,0.0,0,4,2021,11,Hungarian Grand Prix,2021-08-01,Valtteri,Bottas,BOT,Mercedes,Collision,0,,,
1062,815,9,4,17,0.0,0,4,2021,11,Hungarian Grand Prix,2021-08-01,Sergio,Pérez,PER,Red Bull,Collision,0,,,
1062,844,6,7,18,0.0,0,4,2021,11,Hungarian Grand Prix,2021-08-01,Charles,Leclerc,LEC,Ferrari,Collision,0,,,
1062,840,117,12,19,0.0,0,4,2021,11,Hungarian Grand Prix,2021-08-01,Lance,Stroll,STR,Aston Martin,Collision,0,,,
1062,20,117,10,20,0.0,70,2,2021,11,Hungarian Grand Prix,2021-08-01,Sebastian,Vettel,VET,Aston Martin,Disqualified,3,1515475.0,505158.3333333333,2.0
1064,830,9,1,1,25.0,72,1,2021,13,Dutch Grand Prix,2021-09-05,Max,Verstappen,VER,Red Bull,Finished,2,37720.0,18860.0,21.0
1064,1,131,2,2,19.0,72,1,2021,13,Dutch Grand Prix,2021-09-05,Lewis,Hamilton,HAM,Mercedes,Finished,3,57840.0,19280.0,20.0
1064,822,131,3,3,15.0,72,1,2021,13,Dutch Grand Prix,2021-09-05,Valtteri,Bottas,BOT,Mercedes,Finished,2,40603.0,20301.5,31.0
1064,842,213,4,4,12.0,71,11,2021,13,Dutch Grand Prix,2021-09-05,Pierre,Gasly,GAS,AlphaTauri,+1 Lap,1,19163.0,19163.0,24.0
1064,844,6,5,5,10.0,71,11,2021,13,Dutch Grand Prix,2021-09-05,Charles,Leclerc,LEC,Ferrari,+1 Lap,1,19490.0,19490.0,34.0
1064,4,214,9,6,8.0,71,11,2021,13,Dutch Grand Prix,2021-09-05,Fernando,Alonso,ALO,Alpine F1 Team,+1 Lap,1,19018.0,19018.0,33.0
1064,832,6,6,7,6.0,71,11,2021,13,Dutch Grand Prix,2021-09-05,Carlos,Sainz,SAI,Ferrari,+1 Lap,1,20327.0,20327.0,31.0
1064,815,9,0,8,4.0,71,11,2021,13,Dutch Grand Prix,2021-09-05,Sergio,Pérez,PER,Red Bull,+1 Lap,2,37842.0,18921.0,8.0
1064,839,214,8,9,2.0,71,11,2021,13,Dutch Grand Prix,2021-09-05,Esteban,Ocon,OCO,Alpine F1 Team,+1 Lap,1,19240.0,19240.0,31.0
1064,846,1,13,10,1.0,71,11,2021,13,Dutch Grand Prix,2021-09-05,Lando,Norris,NOR,McLaren,+1 Lap,1,20443.0,20443.0,42.0
1064,817,1,10,11,0.0,71,11,2021,13,Dutch Grand Prix,2021-09-05,Daniel,Ricciardo,RIC,McLaren,+1 Lap,1,19449.0,19449.0,30.0
1064,840,117,12,12,0.0,70,12,2021,13,Dutch Grand Prix,2021-09-05,Lance,Stroll,STR,Aston Martin,+2 Laps,1,19389.0,19389.0,27.0
1064,20,117,15,13,0.0,70,12,2021,13,Dutch Grand Prix,2021-09-05,Sebastian,Vettel,VET,Aston Martin,+2 Laps,2,37345.0,18672.5,10.0
1064,841,51,7,14,0.0,70,12,2021,13,Dutch Grand Prix,2021-09-05,Antonio,Giovinazzi,GIO,Alfa Romeo,+2 Laps,2,39092.0,19546.0,27.0
1064,9,51,16,15,0.0,70,12,2021,13,Dutch Grand Prix,2021-09-05,Robert,Kubica,KUB,Alfa Romeo,+2 Laps,1,19708.0,19708.0,40.0
1064,849,3,0,16,0.0,70,12,2021,13,Dutch Grand Prix,2021-09-05,Nicholas,Latifi,LAT,Williams,+2 Laps,1,20646.0,20646.0,23.0
1064,847,3,11,17,0.0,69,6,2021,13,Dutch Grand Prix,2021-09-05,George,Russell,RUS,Williams,Gearbox,2,44167.0,22083.5,27.0
1064,854,210,17,18,0.0,69,13,2021,13,Dutch Grand Prix,2021-09-05,Mick,Schumacher,MSC,Haas F1 Team,+3 Laps,2,60151.0,30075.5,4.0
1064,852,213,14,19,0.0,48,131,2021,13,Dutch Grand Prix,2021-09-05,Yuki,Tsunoda,TSU,AlphaTauri,Power Unit,1,19850.0,19850.0,31.0
1064,853,210,18,20,0.0,41,9,2021,13,Dutch Grand Prix,2021-09-05,Nikita,Mazepin,MAZ,Haas F1 Team,Hydraulics,1,19999.0,19999.0,33.0
1065,817,1,2,1,26.0,53,1,2021,14,Italian Grand Prix,2021-09-12,Daniel,Ricciardo,RIC,McLaren,Finished,1,23812.0,23812.0,22.0
1065,846,1,3,2,18.0,53,1,2021,14,Italian Grand Prix,2021-09-12,Lando,Norris,NOR,McLaren,Finished,1,24168.0,24168.0,24.0
1065,822,131,19,3,15.0,53,1,2021,14,Italian Grand Prix,2021-09-12,Valtteri,Bottas,BOT,Mercedes,Finished,1,24308.0,24308.0,26.0
1065,844,6,5,4,12.0,53,1,2021,14,Italian Grand Prix,2021-09-12,Charles,Leclerc,LEC,Ferrari,Finished,1,24557.0,24557.0,26.0
1065,815,9,8,5,10.0,53,1,2021,14,Italian Grand Prix,2021-09-12,Sergio,Pérez,PER,Red Bull,Finished,1,23906.0,23906.0,26.0
1065,832,6,6,6,8.0,53,1,2021,14,Italian Grand Prix,2021-09-12,Carlos,Sainz,SAI,Ferrari,Finished,1,24283.0,24283.0,26.0
1065,840,117,9,7,6.0,53,1,2021,14,Italian Grand Prix,2021-09-12,Lance,Stroll,STR,Aston Martin,Finished,1,24846.0,24846.0,25.0
1065,4,214,10,8,4.0,53,1,2021,14,Italian Grand Prix,2021-09-12,Fernando,Alonso,ALO,Alpine F1 Team,Finished,1,24797.0,24797.0,25.0
1065,847,3,14,9,2.0,53,1,2021,14,Italian Grand Prix,2021-09-12,George,Russell,RUS,Williams,Finished,1,24156.0,24156.0,26.0
1065,839,214,12,10,1.0,53,1,2021,14,Italian Grand Prix,2021-09-12,Esteban,Ocon,OCO,Alpine F1 Team,Finished,1,30333.0,30333.0,26.0
1065,849,3,13,11,0.0,53,1,2021,14,Italian Grand Prix,2021-09-12,Nicholas,Latifi,LAT,Williams,Finished,1,24168.0,24168.0,23.0
1065,20,117,11,12,0.0,53,1,2021,14,Italian Grand Prix,2021-09-12,Sebastian,Vettel,VET,Aston Martin,Finished,2,51084.0,25542.0,22.0
1065,841,51,7,13,0.0,53,1,2021,14,Italian Grand Prix,2021-09-12,Antonio,Giovinazzi,GIO,Alfa Romeo,Finished,2,67741.0,33870.5,1.0
1065,9,51,17,14,0.0,53,1,2021,14,Italian Grand Prix,2021-09-12,Robert,Kubica,KUB,Alfa Romeo,Finished,1,24501.0,24501.0,26.0
1065,854,210,18,15,0.0,53,1,2021,14,Italian Grand Prix,2021-09-12,Mick,Schumacher,MSC,Haas F1 Team,Finished,1,24714.0,24714.0,23.0
1065,853,210,16,16,0.0,41,131,2021,14,Italian Grand Prix,2021-09-12,Nikita,Mazepin,MAZ,Haas F1 Team,Power Unit,3,80651.0,26883.666666666668,24.0
1065,1,131,4,17,0.0,25,4,2021,14,Italian Grand Prix,2021-09-12,Lewis,Hamilton,HAM,Mercedes,Collision,1,25619.0,25619.0,25.0
1065,830,9,1,18,0.0,25,4,2021,14,Italian Grand Prix,2021-09-12,Max,Verstappen,VER,Red Bull,Collision,1,32456.0,32456.0,23.0
1065,842,213,0,19,0.0,3,22,2021,14,Italian Grand Prix,2021-09-12,Pierre,Gasly,GAS,AlphaTauri,Suspension,0,,,
1065,852,213,0,20,0.0,0,23,2021,14,Italian Grand Prix,2021-09-12,Yuki,Tsunoda,TSU,AlphaTauri,Brakes,0,,,
1066,1,131,4,1,25.0,53,1,2021,15,Russian Grand Prix,2021-09-26,Lewis,Hamilton,HAM,Mercedes,Finished,2,59923.0,29961.5,26.0
1066,830,9,20,2,18.0,53,1,2021,15,Russian Grand Prix,2021-09-26,Max,Verstappen,VER,Red Bull,Finished,2,60595.0,30297.5,26.0
1066,832,6,2,3,15.0,53,1,2021,15,Russian Grand Prix,2021-09-26,Carlos,Sainz,SAI,Ferrari,Finished,2,61392.0,30696.0,14.0
1066,817,1,5,4,12.0,53,1,2021,15,Russian Grand Prix,2021-09-26,Daniel,Ricciardo,RIC,McLaren,Finished,2,64633.0,32316.5,22.0
1066,822,131,16,5,10.0,53,1,2021,15,Russian Grand Prix,2021-09-26,Valtteri,Bottas,BOT,Mercedes,Finished,2,59505.0,29752.5,28.0
1066,4,214,6,6,8.0,53,1,2021,15,Russian Grand Prix,2021-09-26,Fernando,Alonso,ALO,Alpine F1 Team,Finished,2,60859.0,30429.5,36.0
1066,846,1,1,7,7.0,53,1,2021,15,Russian Grand Prix,2021-09-26,Lando,Norris,NOR,McLaren,Finished,2,62494.0,31247.0,28.0
1066,8,51,13,8,4.0,53,1,2021,15,Russian Grand Prix,2021-09-26,Kimi,Räikkönen,RAI,Alfa Romeo,Finished,2,60233.0,30116.5,15.0
1066,815,9,8,9,2.0,53,1,2021,15,Russian Grand Prix,2021-09-26,Sergio,Pérez,PER,Red Bull,Finished,2,68339.0,34169.5,36.0
1066,847,3,3,10,1.0,53,1,2021,15,Russian Grand Prix,2021-09-26,George,Russell,RUS,Williams,Finished,2,62746.0,31373.0,13.0
1066,840,117,7,11,0.0,53,1,2021,15,Russian Grand Prix,2021-09-26,Lance,Stroll,STR,Aston Martin,Finished,2,73365.0,36682.5,12.0
1066,20,117,10,12,0.0,52,11,2021,15,Russian Grand Prix,2021-09-26,Sebastian,Vettel,VET,Aston Martin,+1 Lap,2,61370.0,30685.0,26.0
1066,842,213,11,13,0.0,52,11,2021,15,Russian Grand Prix,2021-09-26,Pierre,Gasly,GAS,AlphaTauri,+1 Lap,2,61269.0,30634.5,33.0
1066,839,214,9,14,0.0,52,11,2021,15,Russian Grand Prix,2021-09-26,Esteban,Ocon,OCO,Alpine F1 Team,+1 Lap,2,63165.0,31582.5,15.0
1066,844,6,19,15,0.0,52,11,2021,15,Russian Grand Prix,2021-09-26,Charles,Leclerc,LEC,Ferrari,+1 Lap,2,64497.0,32248.5,35.0
1066,841,51,17,16,0.0,52,11,2021,15,Russian Grand Prix,2021-09-26,Antonio,Giovinazzi,GIO,Alfa Romeo,+1 Lap,2,64042.0,32021.0,36.0
1066,852,213,12,17,0.0,52,11,2021,15,Russian Grand Prix,2021-09-26,Yuki,Tsunoda,TSU,AlphaTauri,+1 Lap,3,92064.0,30688.0,13.0
1066,853,210,15,18,0.0,51,12,2021,15,Russian Grand Prix,2021-09-26,Nikita,Mazepin,MAZ,Haas F1 Team,+2 Laps,2,64058.0,32029.0,14.0
1066,849,3,18,19,0.0,47,3,2021,15,Russian Grand Prix,2021-09-26,Nicholas,Latifi,LAT,Williams,Accident,1,30056.0,30056.0,13.0
1066,854,210,14,20,0.0,32,44,2021,15,Russian Grand Prix,2021-09-26,Mick,Schumacher,MSC,Haas F1 Team,Oil leak,1,29996.0,29996.0,20.0
1067,822,131,1,1,26.0,58,1,2021,16,Turkish Grand Prix,2021-10-10,Valtteri,Bottas,BOT,Mercedes,Finished,1,22962.0,22962.0,37.0
1067,830,9,2,2,18.0,58,1,2021,16,Turkish Grand Prix,2021-10-10,Max,Verstappen,VER,Red Bull,Finished,1,22442.0,22442.0,36.0
1067,815,9,6,3,15.0,58,1,2021,16,Turkish Grand Prix,2021-10-10,Sergio,Pérez,PER,Red Bull,Finished,1,22463.0,22463.0,37.0
1067,844,6,3,4,12.0,58,1,2021,16,Turkish Grand Prix,2021-10-10,Charles,Leclerc,LEC,Ferrari,Finished,1,23646.0,23646.0,47.0
1067,1,131,11,5,10.0,58,1,2021,16,Turkish Grand Prix,2021-10-10,Lewis,Hamilton,HAM,Mercedes,Finished,1,22684.0,22684.0,50.0
1067,842,213,4,6,8.0,58,1,2021,16,Turkish Grand Prix,2021-10-10,Pierre,Gasly,GAS,AlphaTauri,Finished,1,29310.0,29310.0,39.0
1067,846,1,7,7,6.0,58,1,2021,16,Turkish Grand Prix,2021-10-10,Lando,Norris,NOR,McLaren,Finished,1,23239.0,23239.0,34.0
1067,832,6,19,8,4.0,58,1,2021,16,Turkish Grand Prix,2021-10-10,Carlos,Sainz,SAI,Ferrari,Finished,1,28353.0,28353.0,36.0
1067,840,117,8,9,2.0,58,1,2021,16,Turkish Grand Prix,2021-10-10,Lance,Stroll,STR,Aston Martin,Finished,1,35509.0,35509.0,39.0
1067,839,214,12,10,1.0,57,11,2021,16,Turkish Grand Prix,2021-10-10,Esteban,Ocon,OCO,Alpine F1 Team,+1 Lap,0,,,
1067,841,51,16,11,0.0,57,11,2021,16,Turkish Grand Prix,2021-10-10,Antonio,Giovinazzi,GIO,Alfa Romeo,+1 Lap,1,23150.0,23150.0,40.0
1067,8,51,17,12,0.0,57,11,2021,16,Turkish Grand Prix,2021-10-10,Kimi,Räikkönen,RAI,Alfa Romeo,+1 Lap,1,23164.0,23164.0,37.0
1067,817,1,20,13,0.0,57,11,2021,16,Turkish Grand Prix,2021-10-10,Daniel,Ricciardo,RIC,McLaren,+1 Lap,1,23028.0,23028.0,21.0
1067,852,213,9,14,0.0,57,11,2021,16,Turkish Grand Prix,2021-10-10,Yuki,Tsunoda,TSU,AlphaTauri,+1 Lap,1,23329.0,23329.0,35.0
1067,847,3,13,15,0.0,57,11,2021,16,Turkish Grand Prix,2021-10-10,George,Russell,RUS,Williams,+1 Lap,1,23551.0,23551.0,35.0
1067,4,214,5,16,0.0,57,11,2021,16,Turkish Grand Prix,2021-10-10,Fernando,Alonso,ALO,Alpine F1 Team,+1 Lap,1,29116.0,29116.0,30.0
1067,849,3,15,17,0.0,57,11,2021,16,Turkish Grand Prix,2021-10-10,Nicholas,Latifi,LAT,Williams,+1 Lap,1,24104.0,24104.0,34.0
1067,20,117,10,18,0.0,57,11,2021,16,Turkish Grand Prix,2021-10-10,Sebastian,Vettel,VET,Aston Martin,+1 Lap,2,47014.0,23507.0,36.0
1067,854,210,14,19,0.0,56,12,2021,16,Turkish Grand Prix,2021-10-10,Mick,Schumacher,MSC,Haas F1 Team,+2 Laps,1,23892.0,23892.0,39.0
1067,853,210,18,20,0.0,56,12,2021,16,Turkish Grand Prix,2021-10-10,Nikita,Mazepin,MAZ,Haas F1 Team,+2 Laps,1,23829.0,23829.0,35.0
1069,830,9,1,1,25.0,56,1,2021,17,United States Grand Prix,2021-10-24,Max,Verstappen,VER,Red Bull,Finished,2,47779.0,23889.5,10.0
1069,1,131,2,2,19.0,56,1,2021,17,United States Grand Prix,2021-10-24,Lewis,Hamilton,HAM,Mercedes,Finished,2,48157.0,24078.5,13.0
1069,815,9,3,3,15.0,56,1,2021,17,United States Grand Prix,2021-10-24,Sergio,Pérez,PER,Red Bull,Finished,2,48622.0,24311.0,12.0
1069,844,6,4,4,12.0,56,1,2021,17,United States Grand Prix,2021-10-24,Charles,Leclerc,LEC,Ferrari,Finished,2,47816.0,23908.0,12.0
1069,817,1,6,5,10.0,56,1,2021,17,United States Grand Prix,2021-10-24,Daniel,Ricciardo,RIC,McLaren,Finished,2,48212.0,24106.0,11.0
1069,822,131,9,6,8.0,56,1,2021,17,United States Grand Prix,2021-10-24,Valtteri,Bottas,BOT,Mercedes,Finished,2,48063.0,24031.5,15.0
1069,832,6,5,7,6.0,56,1,2021,17,United States Grand Prix,2021-10-24,Carlos,Sainz,SAI,Ferrari,Finished,2,50280.0,25140.0,11.0
1069,846,1,7,8,4.0,56,1,2021,17,United States Grand Prix,2021-10-24,Lando,Norris,NOR,McLaren,Finished,2,49933.0,24966.5,10.0
1069,852,213,10,9,2.0,55,11,2021,17,United States Grand Prix,2021-10-24,Yuki,Tsunoda,TSU,AlphaTauri,+1 Lap,2,47331.0,23665.5,9.0
1069,20,117,18,10,1.0,55,11,2021,17,United States Grand Prix,2021-10-24,Sebastian,Vettel,VET,Aston Martin,+1 Lap,2,48826.0,24413.0,17.0
1069,841,51,12,11,0.0,55,11,2021,17,United States Grand Prix,2021-10-24,Antonio,Giovinazzi,GIO,Alfa Romeo,+1 Lap,2,47495.0,23747.5,8.0
1069,840,117,13,12,0.0,55,11,2021,17,United States Grand Prix,2021-10-24,Lance,Stroll,STR,Aston Martin,+1 Lap,2,47282.0,23641.0,18.0
1069,8,51,15,13,0.0,55,11,2021,17,United States Grand Prix,2021-10-24,Kimi,Räikkönen,RAI,Alfa Romeo,+1 Lap,2,48281.0,24140.5,12.0
1069,847,3,20,14,0.0,55,11,2021,17,United States Grand Prix,2021-10-24,George,Russell,RUS,Williams,+1 Lap,2,48552.0,24276.0,9.0
1069,849,3,14,15,0.0,55,11,2021,17,United States Grand Prix,2021-10-24,Nicholas,Latifi,LAT,Williams,+1 Lap,2,56263.0,28131.5,5.0
1069,854,210,16,16,0.0,54,12,2021,17,United States Grand Prix,2021-10-24,Mick,Schumacher,MSC,Haas F1 Team,+2 Laps,2,48540.0,24270.0,11.0
1069,853,210,17,17,0.0,54,12,2021,17,United States Grand Prix,2021-10-24,Nikita,Mazepin,MAZ,Haas F1 Team,+2 Laps,3,79453.0,26484.333333333332,1.0
1069,4,214,19,18,0.0,49,65,2021,17,United States Grand Prix,2021-10-24,Fernando,Alonso,ALO,Alpine F1 Team,Rear wing,3,70734.0,23578.0,7.0
1069,839,214,11,19,0.0,40,26,2021,17,United States Grand Prix,2021-10-24,Esteban,Ocon,OCO,Alpine F1 Team,Mechanical,2,64719.0,32359.5,3.0
1069,842,213,8,20,0.0,14,22,2021,17,United States Grand Prix,2021-10-24,Pierre,Gasly,GAS,AlphaTauri,Suspension,1,23745.0,23745.0,10.0
1070,830,9,3,1,25.0,71,1,2021,18,Mexico City Grand Prix,2021-11-07,Max,Verstappen,VER,Red Bull,Finished,1,21908.0,21908.0,33.0
1070,1,131,2,2,18.0,71,1,2021,18,Mexico City Grand Prix,2021-11-07,Lewis,Hamilton,HAM,Mercedes,Finished,1,22373.0,22373.0,29.0
1070,815,9,4,3,15.0,71,1,2021,18,Mexico City Grand Prix,2021-11-07,Sergio,Pérez,PER,Red Bull,Finished,1,22114.0,22114.0,40.0
1070,842,213,5,4,12.0,71,1,2021,18,Mexico City Grand Prix,2021-11-07,Pierre,Gasly,GAS,AlphaTauri,Finished,1,22549.0,22549.0,31.0
1070,844,6,8,5,10.0,71,1,2021,18,Mexico City Grand Prix,2021-11-07,Charles,Leclerc,LEC,Ferrari,Finished,1,22085.0,22085.0,30.0
1070,832,6,6,6,8.0,70,11,2021,18,Mexico City Grand Prix,2021-11-07,Carlos,Sainz,SAI,Ferrari,+1 Lap,1,22031.0,22031.0,42.0
1070,20,117,9,7,6.0,70,11,2021,18,Mexico City Grand Prix,2021-11-07,Sebastian,Vettel,VET,Aston Martin,+1 Lap,1,22277.0,22277.0,33.0
1070,8,51,10,8,4.0,70,11,2021,18,Mexico City Grand Prix,2021-11-07,Kimi,Räikkönen,RAI,Alfa Romeo,+1 Lap,1,22424.0,22424.0,32.0
1070,4,214,12,9,2.0,70,11,2021,18,Mexico City Grand Prix,2021-11-07,Fernando,Alonso,ALO,Alpine F1 Team,+1 Lap,1,23985.0,23985.0,39.0
1070,846,1,18,10,1.0,70,11,2021,18,Mexico City Grand Prix,2021-11-07,Lando,Norris,NOR,McLaren,+1 Lap,1,22534.0,22534.0,44.0
1070,841,51,11,11,0.0,70,11,2021,18,Mexico City Grand Prix,2021-11-07,Antonio,Giovinazzi,GIO,Alfa Romeo,+1 Lap,1,22205.0,22205.0,16.0
1070,817,1,7,12,0.0,70,11,2021,18,Mexico City Grand Prix,2021-11-07,Daniel,Ricciardo,RIC,McLaren,+1 Lap,2,60941.0,30470.5,1.0
1070,839,214,19,13,0.0,70,11,2021,18,Mexico City Grand Prix,2021-11-07,Esteban,Ocon,OCO,Alpine F1 Team,+1 Lap,1,23100.0,23100.0,14.0
1070,840,117,20,14,0.0,69,12,2021,18,Mexico City Grand Prix,2021-11-07,Lance,Stroll,STR,Aston Martin,+2 Laps,2,49642.0,24821.0,12.0
1070,822,131,1,15,0.0,69,12,2021,18,Mexico City Grand Prix,2021-11-07,Valtteri,Bottas,BOT,Mercedes,+2 Laps,4,103250.0,25812.5,1.0
1070,847,3,16,16,0.0,69,12,2021,18,Mexico City Grand Prix,2021-11-07,George,Russell,RUS,Williams,+2 Laps,1,21984.0,21984.0,15.0
1070,849,3,13,17,0.0,69,12,2021,18,Mexico City Grand Prix,2021-11-07,Nicholas,Latifi,LAT,Williams,+2 Laps,2,46420.0,23210.0,11.0
1070,853,210,15,18,0.0,68,13,2021,18,Mexico City Grand Prix,2021-11-07,Nikita,Mazepin,MAZ,Haas F1 Team,+3 Laps,2,48731.0,24365.5,13.0
1070,854,210,14,19,0.0,0,4,2021,18,Mexico City Grand Prix,2021-11-07,Mick,Schumacher,MSC,Haas F1 Team,Collision,0,,,
1070,852,213,17,20,0.0,0,4,2021,18,Mexico City Grand Prix,2021-11-07,Yuki,Tsunoda,TSU,AlphaTauri,Collision,0,,,
1071,1,131,10,1,25.0,71,1,2021,19,São Paulo Grand Prix,2021-11-14,Lewis,Hamilton,HAM,Mercedes,Finished,4,81924.0,20481.0,7.0
1071,830,9,2,2,18.0,71,1,2021,19,São Paulo Grand Prix,2021-11-14,Max,Verstappen,VER,Red Bull,Finished,4,81211.0,20302.75,7.0
1071,822,131,1,3,15.0,71,1,2021,19,São Paulo Grand Prix,2021-11-14,Valtteri,Bottas,BOT,Mercedes,Finished,4,81855.0,20463.75,7.0
1071,815,9,4,4,13.0,71,1,2021,19,São Paulo Grand Prix,2021-11-14,Sergio,Pérez,PER,Red Bull,Finished,5,105181.0,21036.2,7.0
1071,844,6,6,5,10.0,71,1,2021,19,São Paulo Grand Prix,2021-11-14,Charles,Leclerc,LEC,Ferrari,Finished,4,81445.0,20361.25,7.0
1071,832,6,3,6,8.0,71,1,2021,19,São Paulo Grand Prix,2021-11-14,Carlos,Sainz,SAI,Ferrari,Finished,4,82899.0,20724.75,7.0
1071,842,213,7,7,6.0,70,11,2021,19,São Paulo Grand Prix,2021-11-14,Pierre,Gasly,GAS,AlphaTauri,+1 Lap,4,84202.0,21050.5,7.0
1071,839,214,8,8,4.0,70,11,2021,19,São Paulo Grand Prix,2021-11-14,Esteban,Ocon,OCO,Alpine F1 Team,+1 Lap,3,60607.0,20202.333333333332,7.0
1071,4,214,12,9,2.0,70,11,2021,19,São Paulo Grand Prix,2021-11-14,Fernando,Alonso,ALO,Alpine F1 Team,+1 Lap,3,59831.0,19943.666666666668,7.0
1071,846,1,5,10,1.0,70,11,2021,19,São Paulo Grand Prix,2021-11-14,Lando,Norris,NOR,McLaren,+1 Lap,5,106092.0,21218.4,1.0
1071,20,117,9,11,0.0,70,11,2021,19,São Paulo Grand Prix,2021-11-14,Sebastian,Vettel,VET,Aston Martin,+1 Lap,4,83445.0,20861.25,7.0
1071,8,51,0,12,0.0,70,11,2021,19,São Paulo Grand Prix,2021-11-14,Kimi,Räikkönen,RAI,Alfa Romeo,+1 Lap,4,83297.0,20824.25,7.0
1071,847,3,17,13,0.0,70,11,2021,19,São Paulo Grand Prix,2021-11-14,George,Russell,RUS,Williams,+1 Lap,4,85133.0,21283.25,6.0
1071,841,51,13,14,0.0,70,11,2021,19,São Paulo Grand Prix,2021-11-14,Antonio,Giovinazzi,GIO,Alfa Romeo,+1 Lap,4,82090.0,20522.5,7.0
1071,852,213,15,15,0.0,70,11,2021,19,São Paulo Grand Prix,2021-11-14,Yuki,Tsunoda,TSU,AlphaTauri,+1 Lap,5,121323.0,24264.6,4.0
1071,849,3,16,16,0.0,70,11,2021,19,São Paulo Grand Prix,2021-11-14,Nicholas,Latifi,LAT,Williams,+1 Lap,4,82831.0,20707.75,7.0
1071,853,210,19,17,0.0,69,12,2021,19,São Paulo Grand Prix,2021-11-14,Nikita,Mazepin,MAZ,Haas F1 Team,+2 Laps,3,60008.0,20002.666666666668,7.0
1071,854,210,18,18,0.0,69,12,2021,19,São Paulo Grand Prix,2021-11-14,Mick,Schumacher,MSC,Haas F1 Team,+2 Laps,5,127846.0,25569.2,7.0
1071,817,1,11,19,0.0,49,75,2021,19,São Paulo Grand Prix,2021-11-14,Daniel,Ricciardo,RIC,McLaren,Power loss,3,60918.0,20306.0,7.0
1071,840,117,14,20,0.0,47,130,2021,19,São Paulo Grand Prix,2021-11-14,Lance,Stroll,STR,Aston Martin,Collision damage,3,60880.0,20293.333333333332,7.0
1051,1,131,1,1,25.0,57,1,2021,20,Qatar Grand Prix,2021-11-21,Lewis,Hamilton,HAM,Mercedes,Finished,2,50616.0,25308.0,18.0
1051,830,9,7,2,19.0,57,1,2021,20,Qatar Grand Prix,2021-11-21,Max,Verstappen,VER,Red Bull,Finished,3,75940.0,25313.333333333332,17.0
1051,4,214,3,3,15.0,57,1,2021,20,Qatar Grand Prix,2021-11-21,Fernando,Alonso,ALO,Alpine F1 Team,Finished,1,25991.0,25991.0,23.0
1051,815,9,11,4,12.0,57,1,2021,20,Qatar Grand Prix,2021-11-21,Sergio,Pérez,PER,Red Bull,Finished,2,50839.0,25419.5,19.0
1051,839,214,9,5,10.0,57,1,2021,20,Qatar Grand Prix,2021-11-21,Esteban,Ocon,OCO,Alpine F1 Team,Finished,1,25517.0,25517.0,24.0
1051,840,117,12,6,8.0,57,1,2021,20,Qatar Grand Prix,2021-11-21,Lance,Stroll,STR,Aston Martin,Finished,1,26157.0,26157.0,23.0
1051,832,6,5,7,6.0,57,1,2021,20,Qatar Grand Prix,2021-11-21,Carlos,Sainz,SAI,Ferrari,Finished,1,25639.0,25639.0,27.0
1051,844,6,13,8,4.0,57,1,2021,20,Qatar Grand Prix,2021-11-21,Charles,Leclerc,LEC,Ferrari,Finished,1,25799.0,25799.0,27.0
1051,846,1,4,9,2.0,56,11,2021,20,Qatar Grand Prix,2021-11-21,Lando,Norris,NOR,McLaren,+1 Lap,2,51871.0,25935.5,25.0
1051,20,117,10,10,1.0,56,11,2021,20,Qatar Grand Prix,2021-11-21,Sebastian,Vettel,VET,Aston Martin,+1 Lap,1,25726.0,25726.0,26.0
1051,842,213,2,11,0.0,56,11,2021,20,Qatar Grand Prix,2021-11-21,Pierre,Gasly,GAS,AlphaTauri,+1 Lap,2,51739.0,25869.5,13.0
1051,817,1,14,12,0.0,56,11,2021,20,Qatar Grand Prix,2021-11-21,Daniel,Ricciardo,RIC,McLaren,+1 Lap,1,25562.0,25562.0,26.0
1051,852,213,8,13,0.0,56,11,2021,20,Qatar Grand Prix,2021-11-21,Yuki,Tsunoda,TSU,AlphaTauri,+1 Lap,2,52333.0,26166.5,9.0
1051,8,51,16,14,0.0,56,11,2021,20,Qatar Grand Prix,2021-11-21,Kimi,Räikkönen,RAI,Alfa Romeo,+1 Lap,2,51807.0,25903.5,10.0
1051,841,51,18,15,0.0,56,11,2021,20,Qatar Grand Prix,2021-11-21,Antonio,Giovinazzi,GIO,Alfa Romeo,+1 Lap,2,51334.0,25667.0,15.0
1051,854,210,19,16,0.0,56,11,2021,20,Qatar Grand Prix,2021-11-21,Mick,Schumacher,MSC,Haas F1 Team,+1 Lap,1,25881.0,25881.0,22.0
1051,847,3,15,17,0.0,55,12,2021,20,Qatar Grand Prix,2021-11-21,George,Russell,RUS,Williams,+2 Laps,2,61127.0,30563.5,17.0
1051,853,210,20,18,0.0,55,12,2021,20,Qatar Grand Prix,2021-11-21,Nikita,Mazepin,MAZ,Haas F1 Team,+2 Laps,1,26515.0,26515.0,31.0
1051,849,3,17,19,0.0,50,29,2021,20,Qatar Grand Prix,2021-11-21,Nicholas,Latifi,LAT,Williams,Puncture,1,25811.0,25811.0,18.0
1051,822,131,6,20,0.0,48,137,2021,20,Qatar Grand Prix,2021-11-21,Valtteri,Bottas,BOT,Mercedes,Damage,1,36341.0,36341.0,33.0
1072,1,131,1,1,26.0,50,1,2021,21,Saudi Arabian Grand Prix,2021-12-05,Lewis,Hamilton,HAM,Mercedes,Finished,3,2103110.0,701036.6666666666,10.0
1072,830,9,3,2,18.0,50,1,2021,21,Saudi Arabian Grand Prix,2021-12-05,Max,Verstappen,VER,Red Bull,Finished,2,2083966.0,1041983.0,13.0
1072,822,131,2,3,15.0,50,1,2021,21,Saudi Arabian Grand Prix,2021-12-05,Valtteri,Bottas,BOT,Mercedes,Finished,3,2107083.0,702361.0,10.0
1072,839,214,9,4,12.0,50,1,2021,21,Saudi Arabian Grand Prix,2021-12-05,Esteban,Ocon,OCO,Alpine F1 Team,Finished,2,2085416.0,1042708.0,13.0
1072,817,1,11,5,10.0,50,1,2021,21,Saudi Arabian Grand Prix,2021-12-05,Daniel,Ricciardo,RIC,McLaren,Finished,2,2084325.0,1042162.5,13.0
1072,842,213,6,6,8.0,50,1,2021,21,Saudi Arabian Grand Prix,2021-12-05,Pierre,Gasly,GAS,AlphaTauri,Finished,2,2094062.0,1047031.0,13.0
1072,844,6,4,7,6.0,50,1,2021,21,Saudi Arabian Grand Prix,2021-12-05,Charles,Leclerc,LEC,Ferrari,Finished,3,2115208.0,705069.3333333334,10.0
1072,832,6,15,8,4.0,50,1,2021,21,Saudi Arabian Grand Prix,2021-12-05,Carlos,Sainz,SAI,Ferrari,Finished,2,2101812.0,1050906.0,13.0
1072,841,51,10,9,2.0,50,1,2021,21,Saudi Arabian Grand Prix,2021-12-05,Antonio,Giovinazzi,GIO,Alfa Romeo,Finished,2,2099666.0,1049833.0,13.0
1072,846,1,7,10,1.0,50,1,2021,21,Saudi Arabian Grand Prix,2021-12-05,Lando,Norris,NOR,McLaren,Finished,3,2154852.0,718284.0,10.0
1072,840,117,18,11,0.0,50,1,2021,21,Saudi Arabian Grand Prix,2021-12-05,Lance,Stroll,STR,Aston Martin,Finished,3,2151083.0,717027.6666666666,9.0
1072,849,3,16,12,0.0,50,1,2021,21,Saudi Arabian Grand Prix,2021-12-05,Nicholas,Latifi,LAT,Williams,Finished,3,2148529.0,716176.3333333334,10.0
1072,4,214,13,13,0.0,49,11,2021,21,Saudi Arabian Grand Prix,2021-12-05,Fernando,Alonso,ALO,Alpine F1 Team,+1 Lap,4,2163178.0,540794.5,10.0
1072,852,213,8,14,0.0,49,11,2021,21,Saudi Arabian Grand Prix,2021-12-05,Yuki,Tsunoda,TSU,AlphaTauri,+1 Lap,3,2134925.0,711641.6666666666,13.0
1072,8,51,12,15,0.0,49,11,2021,21,Saudi Arabian Grand Prix,2021-12-05,Kimi,Räikkönen,RAI,Alfa Romeo,+1 Lap,3,2142340.0,714113.3333333334,13.0
1072,20,117,17,16,0.0,44,130,2021,21,Saudi Arabian Grand Prix,2021-12-05,Sebastian,Vettel,VET,Aston Martin,Collision damage,2,2111053.0,1055526.5,13.0
1072,815,9,5,17,0.0,14,4,2021,21,Saudi Arabian Grand Prix,2021-12-05,Sergio,Pérez,PER,Red Bull,Collision,2,1023329.0,511664.5,10.0
1072,853,210,20,18,0.0,14,4,2021,21,Saudi Arabian Grand Prix,2021-12-05,Nikita,Mazepin,MAZ,Haas F1 Team,Collision,1,1019226.0,1019226.0,13.0
1072,847,3,14,19,0.0,14,4,2021,21,Saudi Arabian Grand Prix,2021-12-05,George,Russell,RUS,Williams,Collision,2,1042134.0,521067.0,9.0
1072,854,210,19,20,0.0,8,3,2021,21,Saudi Arabian Grand Prix,2021-12-05,Mick,Schumacher,MSC,Haas F1 Team,Accident,0,,,
1073,830,9,1,1,26.0,58,1,2021,22,Abu Dhabi Grand Prix,2021-12-12,Max,Verstappen,VER,Red Bull,Finished,3,64476.0,21492.0,13.0
1073,1,131,2,2,18.0,58,1,2021,22,Abu Dhabi Grand Prix,2021-12-12,Lewis,Hamilton,HAM,Mercedes,Finished,1,21595.0,21595.0,14.0
1073,832,6,5,3,15.0,58,1,2021,22,Abu Dhabi Grand Prix,2021-12-12,Carlos,Sainz,SAI,Ferrari,Finished,1,22213.0,22213.0,19.0
1073,852,213,8,4,12.0,58,1,2021,22,Abu Dhabi Grand Prix,2021-12-12,Yuki,Tsunoda,TSU,AlphaTauri,Finished,2,44364.0,22182.0,23.0
1073,842,213,12,5,10.0,58,1,2021,22,Abu Dhabi Grand Prix,2021-12-12,Pierre,Gasly,GAS,AlphaTauri,Finished,2,44053.0,22026.5,36.0
1073,822,131,6,6,8.0,58,1,2021,22,Abu Dhabi Grand Prix,2021-12-12,Valtteri,Bottas,BOT,Mercedes,Finished,1,21669.0,21669.0,30.0
1073,846,1,3,7,6.0,58,1,2021,22,Abu Dhabi Grand Prix,2021-12-12,Lando,Norris,NOR,McLaren,Finished,2,43553.0,21776.5,17.0
1073,4,214,11,8,4.0,58,1,2021,22,Abu Dhabi Grand Prix,2021-12-12,Fernando,Alonso,ALO,Alpine F1 Team,Finished,1,21304.0,21304.0,36.0
1073,839,214,9,9,2.0,58,1,2021,22,Abu Dhabi Grand Prix,2021-12-12,Esteban,Ocon,OCO,Alpine F1 Team,Finished,1,21677.0,21677.0,15.0
1073,844,6,7,10,1.0,58,1,2021,22,Abu Dhabi Grand Prix,2021-12-12,Charles,Leclerc,LEC,Ferrari,Finished,2,43634.0,21817.0,15.0
1073,20,117,15,11,0.0,58,1,2021,22,Abu Dhabi Grand Prix,2021-12-12,Sebastian,Vettel,VET,Aston Martin,Finished,1,21221.0,21221.0,23.0
1073,817,1,10,12,0.0,57,11,2021,22,Abu Dhabi Grand Prix,2021-12-12,Daniel,Ricciardo,RIC,McLaren,+1 Lap,2,43505.0,21752.5,18.0
1073,840,117,13,13,0.0,57,11,2021,22,Abu Dhabi Grand Prix,2021-12-12,Lance,Stroll,STR,Aston Martin,+1 Lap,2,44949.0,22474.5,21.0
1073,854,210,19,14,0.0,57,11,2021,22,Abu Dhabi Grand Prix,2021-12-12,Mick,Schumacher,MSC,Haas F1 Team,+1 Lap,2,44194.0,22097.0,10.0
1073,815,9,4,15,0.0,55,5,2021,22,Abu Dhabi Grand Prix,2021-12-12,Sergio,Pérez,PER,Red Bull,Engine,3,64269.0,21423.0,21.0
1073,849,3,16,16,0.0,50,3,2021,22,Abu Dhabi Grand Prix,2021-12-12,Nicholas,Latifi,LAT,Williams,Accident,1,21241.0,21241.0,28.0
1073,841,51,14,17,0.0,33,6,2021,22,Abu Dhabi Grand Prix,2021-12-12,Antonio,Giovinazzi,GIO,Alfa Romeo,Gearbox,1,22283.0,22283.0,17.0
1073,847,3,17,18,0.0,26,6,2021,22,Abu Dhabi Grand Prix,2021-12-12,George,Russell,RUS,Williams,Gearbox,0,,,
1073,8,51,18,19,0.0,25,23,2021,22,Abu Dhabi Grand Prix,2021-12-12,Kimi,Räikkönen,RAI,Alfa Romeo,Brakes,1,22338.0,22338.0,21.0
1073,853,210,20,20,0.0,0,139,2021,22,Abu Dhabi Grand Prix,2021-12-12,Nikita,Mazepin,MAZ,Haas F1 Team,Illness,0,,,
1074,844,6,1,1,26.0,57,1,2022,1,Bahrain Grand Prix,2022-03-20,Charles,Leclerc,LEC,Ferrari,Finished,3,74152.0,24717.333333333332,15.0
1074,832,6,3,2,18.0,57,1,2022,1,Bahrain Grand Prix,2022-03-20,Carlos,Sainz,SAI,Ferrari,Finished,3,73391.0,24463.666666666668,14.0
1074,1,131,5,3,15.0,57,1,2022,1,Bahrain Grand Prix,2022-03-20,Lewis,Hamilton,HAM,Mercedes,Finished,3,76576.0,25525.333333333332,11.0
1074,847,131,9,4,12.0,57,1,2022,1,Bahrain Grand Prix,2022-03-20,George,Russell,RUS,Mercedes,Finished,3,76796.0,25598.666666666668,15.0
1074,825,210,7,5,10.0,57,1,2022,1,Bahrain Grand Prix,2022-03-20,Kevin,Magnussen,MAG,Haas F1 Team,Finished,3,77405.0,25801.666666666668,14.0
1074,822,51,6,6,8.0,57,1,2022,1,Bahrain Grand Prix,2022-03-20,Valtteri,Bottas,BOT,Alfa Romeo,Finished,3,76237.0,25412.333333333332,14.0
1074,839,214,11,7,6.0,57,1,2022,1,Bahrain Grand Prix,2022-03-20,Esteban,Ocon,OCO,Alpine F1 Team,Finished,3,80110.0,26703.333333333332,14.0
1074,852,213,16,8,4.0,57,1,2022,1,Bahrain Grand Prix,2022-03-20,Yuki,Tsunoda,TSU,AlphaTauri,Finished,3,74633.0,24877.666666666668,15.0
1074,4,214,8,9,2.0,57,1,2022,1,Bahrain Grand Prix,2022-03-20,Fernando,Alonso,ALO,Alpine F1 Team,Finished,3,74782.0,24927.333333333332,11.0
1074,855,51,15,10,1.0,57,1,2022,1,Bahrain Grand Prix,2022-03-20,Guanyu,Zhou,ZHO,Alfa Romeo,Finished,3,79366.0,26455.333333333332,15.0
1074,854,210,12,11,0.0,57,1,2022,1,Bahrain Grand Prix,2022-03-20,Mick,Schumacher,MSC,Haas F1 Team,Finished,2,50800.0,25400.0,12.0
1074,840,117,19,12,0.0,57,1,2022,1,Bahrain Grand Prix,2022-03-20,Lance,Stroll,STR,Aston Martin,Finished,3,77735.0,25911.666666666668,18.0
1074,848,3,14,13,0.0,57,1,2022,1,Bahrain Grand Prix,2022-03-20,Alexander,Albon,ALB,Williams,Finished,3,75499.0,25166.333333333332,13.0
1074,817,1,18,14,0.0,57,1,2022,1,Bahrain Grand Prix,2022-03-20,Daniel,Ricciardo,RIC,McLaren,Finished,3,74939.0,24979.666666666668,17.0
1074,846,1,13,15,0.0,57,1,2022,1,Bahrain Grand Prix,2022-03-20,Lando,Norris,NOR,McLaren,Finished,3,76910.0,25636.666666666668,24.0
1074,849,3,20,16,0.0,57,1,2022,1,Bahrain Grand Prix,2022-03-20,Nicholas,Latifi,LAT,Williams,Finished,3,73893.0,24631.0,14.0
1074,807,117,17,17,0.0,57,1,2022,1,Bahrain Grand Prix,2022-03-20,Nico,Hülkenberg,HUL,Aston Martin,Finished,3,79825.0,26608.333333333332,19.0
1074,815,9,4,18,0.0,56,32,2022,1,Bahrain Grand Prix,2022-03-20,Sergio,Pérez,PER,Red Bull,Fuel pressure,3,74166.0,24722.0,15.0
1074,830,9,2,19,0.0,54,32,2022,1,Bahrain Grand Prix,2022-03-20,Max,Verstappen,VER,Red Bull,Fuel pressure,3,74236.0,24745.333333333332,14.0
1074,842,213,10,20,0.0,44,131,2022,1,Bahrain Grand Prix,2022-03-20,Pierre,Gasly,GAS,AlphaTauri,Power Unit,2,50450.0,25225.0,14.0
1075,830,9,4,1,25.0,50,1,2022,2,Saudi Arabian Grand Prix,2022-03-27,Max,Verstappen,VER,Red Bull,Finished,1,20731.0,20731.0,16.0
1075,844,6,2,2,19.0,50,1,2022,2,Saudi Arabian Grand Prix,2022-03-27,Charles,Leclerc,LEC,Ferrari,Finished,1,21038.0,21038.0,16.0
1075,832,6,3,3,15.0,50,1,2022,2,Saudi Arabian Grand Prix,2022-03-27,Carlos,Sainz,SAI,Ferrari,Finished,1,21521.0,21521.0,16.0
1075,815,9,1,4,12.0,50,1,2022,2,Saudi Arabian Grand Prix,2022-03-27,Sergio,Pérez,PER,Red Bull,Finished,1,20481.0,20481.0,15.0
1075,847,131,6,5,10.0,50,1,2022,2,Saudi Arabian Grand Prix,2022-03-27,George,Russell,RUS,Mercedes,Finished,1,21415.0,21415.0,16.0
1075,839,214,5,6,8.0,50,1,2022,2,Saudi Arabian Grand Prix,2022-03-27,Esteban,Ocon,OCO,Alpine F1 Team,Finished,1,21141.0,21141.0,16.0
1075,846,1,11,7,6.0,50,1,2022,2,Saudi Arabian Grand Prix,2022-03-27,Lando,Norris,NOR,McLaren,Finished,1,20383.0,20383.0,16.0
1075,842,213,9,8,4.0,50,1,2022,2,Saudi Arabian Grand Prix,2022-03-27,Pierre,Gasly,GAS,AlphaTauri,Finished,1,22820.0,22820.0,15.0
1075,825,210,10,9,2.0,50,1,2022,2,Saudi Arabian Grand Prix,2022-03-27,Kevin,Magnussen,MAG,Haas F1 Team,Finished,1,22374.0,22374.0,37.0
1075,1,131,15,10,1.0,50,1,2022,2,Saudi Arabian Grand Prix,2022-03-27,Lewis,Hamilton,HAM,Mercedes,Finished,1,21788.0,21788.0,40.0
1075,855,51,12,11,0.0,50,1,2022,2,Saudi Arabian Grand Prix,2022-03-27,Guanyu,Zhou,ZHO,Alfa Romeo,Finished,2,48837.0,24418.5,16.0
1075,807,117,17,12,0.0,50,1,2022,2,Saudi Arabian Grand Prix,2022-03-27,Nico,Hülkenberg,HUL,Aston Martin,Finished,1,21425.0,21425.0,37.0
1075,840,117,13,13,0.0,49,11,2022,2,Saudi Arabian Grand Prix,2022-03-27,Lance,Stroll,STR,Aston Martin,+1 Lap,1,22339.0,22339.0,13.0
1075,848,3,16,14,0.0,47,130,2022,2,Saudi Arabian Grand Prix,2022-03-27,Alexander,Albon,ALB,Williams,Collision damage,1,20683.0,20683.0,13.0
1075,822,51,8,15,0.0,36,141,2022,2,Saudi Arabian Grand Prix,2022-03-27,Valtteri,Bottas,BOT,Alfa Romeo,Cooling system,2,45271.0,22635.5,16.0
1075,4,214,7,16,0.0,35,103,2022,2,Saudi Arabian Grand Prix,2022-03-27,Fernando,Alonso,ALO,Alpine F1 Team,Water pump,1,21543.0,21543.0,16.0
1075,817,1,14,17,0.0,35,6,2022,2,Saudi Arabian Grand Prix,2022-03-27,Daniel,Ricciardo,RIC,McLaren,Gearbox,1,20650.0,20650.0,8.0
1075,849,3,18,18,0.0,14,3,2022,2,Saudi Arabian Grand Prix,2022-03-27,Nicholas,Latifi,LAT,Williams,Accident,0,,,
1075,852,213,19,19,0.0,0,131,2022,2,Saudi Arabian Grand Prix,2022-03-27,Yuki,Tsunoda,TSU,AlphaTauri,Power Unit,0,,,
1075,854,210,0,20,0.0,0,54,2022,2,Saudi Arabian Grand Prix,2022-03-27,Mick,Schumacher,MSC,Haas F1 Team,Withdrew,0,,,
1076,844,6,1,1,26.0,58,1,2022,3,Australian Grand Prix,2022-04-10,Charles,Leclerc,LEC,Ferrari,Finished,1,17973.0,17973.0,22.0
1076,815,9,3,2,18.0,58,1,2022,3,Australian Grand Prix,2022-04-10,Sergio,Pérez,PER,Red Bull,Finished,1,17434.0,17434.0,20.0
1076,847,131,6,3,15.0,58,1,2022,3,Australian Grand Prix,2022-04-10,George,Russell,RUS,Mercedes,Finished,1,18479.0,18479.0,23.0
1076,1,131,5,4,12.0,58,1,2022,3,Australian Grand Prix,2022-04-10,Lewis,Hamilton,HAM,Mercedes,Finished,1,17877.0,17877.0,22.0
1076,846,1,4,5,10.0,58,1,2022,3,Australian Grand Prix,2022-04-10,Lando,Norris,NOR,McLaren,Finished,1,17556.0,17556.0,20.0
1076,817,1,7,6,8.0,58,1,2022,3,Australian Grand Prix,2022-04-10,Daniel,Ricciardo,RIC,McLaren,Finished,1,18150.0,18150.0,21.0
1076,839,214,8,7,6.0,58,1,2022,3,Australian Grand Prix,2022-04-10,Esteban,Ocon,OCO,Alpine F1 Team,Finished,1,19128.0,19128.0,17.0
1076,822,51,12,8,4.0,58,1,2022,3,Australian Grand Prix,2022-04-10,Valtteri,Bottas,BOT,Alfa Romeo,Finished,1,18413.0,18413.0,22.0
1076,842,213,11,9,2.0,58,1,2022,3,Australian Grand Prix,2022-04-10,Pierre,Gasly,GAS,AlphaTauri,Finished,1,18926.0,18926.0,21.0
1076,848,3,20,10,1.0,58,1,2022,3,Australian Grand Prix,2022-04-10,Alexander,Albon,ALB,Williams,Finished,1,19845.0,19845.0,57.0
1076,855,51,14,11,0.0,58,1,2022,3,Australian Grand Prix,2022-04-10,Guanyu,Zhou,ZHO,Alfa Romeo,Finished,1,18380.0,18380.0,21.0
1076,840,117,19,12,0.0,58,1,2022,3,Australian Grand Prix,2022-04-10,Lance,Stroll,STR,Aston Martin,Finished,3,57204.0,19068.0,3.0
1076,854,210,15,13,0.0,57,11,2022,3,Australian Grand Prix,2022-04-10,Mick,Schumacher,MSC,Haas F1 Team,+1 Lap,1,19039.0,19039.0,14.0
1076,825,210,16,14,0.0,57,11,2022,3,Australian Grand Prix,2022-04-10,Kevin,Magnussen,MAG,Haas F1 Team,+1 Lap,1,19111.0,19111.0,39.0
1076,852,213,13,15,0.0,57,11,2022,3,Australian Grand Prix,2022-04-10,Yuki,Tsunoda,TSU,AlphaTauri,+1 Lap,1,18443.0,18443.0,18.0
1076,849,3,18,16,0.0,57,11,2022,3,Australian Grand Prix,2022-04-10,Nicholas,Latifi,LAT,Williams,+1 Lap,2,36488.0,18244.0,13.0
1076,4,214,10,17,0.0,57,11,2022,3,Australian Grand Prix,2022-04-10,Fernando,Alonso,ALO,Alpine F1 Team,+1 Lap,2,37190.0,18595.0,39.0
1076,830,9,2,18,0.0,38,95,2022,3,Australian Grand Prix,2022-04-10,Max,Verstappen,VER,Red Bull,Fuel leak,1,18281.0,18281.0,18.0
1076,20,117,17,19,0.0,22,3,2022,3,Australian Grand Prix,2022-04-10,Sebastian,Vettel,VET,Aston Martin,Accident,0,,,
1076,832,6,9,20,0.0,1,20,2022,3,Australian Grand Prix,2022-04-10,Carlos,Sainz,SAI,Ferrari,Spun off,0,,,
1077,830,9,1,1,26.0,63,1,2022,4,Emilia Romagna Grand Prix,2022-04-24,Max,Verstappen,VER,Red Bull,Finished,2,59943.0,29971.5,19.0
1077,815,9,3,2,18.0,63,1,2022,4,Emilia Romagna Grand Prix,2022-04-24,Sergio,Pérez,PER,Red Bull,Finished,2,59993.0,29996.5,18.0
1077,846,1,5,3,15.0,63,1,2022,4,Emilia Romagna Grand Prix,2022-04-24,Lando,Norris,NOR,McLaren,Finished,1,30070.0,30070.0,19.0
1077,847,131,11,4,12.0,63,1,2022,4,Emilia Romagna Grand Prix,2022-04-24,George,Russell,RUS,Mercedes,Finished,1,31079.0,31079.0,18.0
1077,822,51,7,5,10.0,63,1,2022,4,Emilia Romagna Grand Prix,2022-04-24,Valtteri,Bottas,BOT,Alfa Romeo,Finished,1,40957.0,40957.0,18.0
1077,844,6,2,6,8.0,63,1,2022,4,Emilia Romagna Grand Prix,2022-04-24,Charles,Leclerc,LEC,Ferrari,Finished,3,98396.0,32798.666666666664,19.0
1077,852,213,12,7,6.0,63,1,2022,4,Emilia Romagna Grand Prix,2022-04-24,Yuki,Tsunoda,TSU,AlphaTauri,Finished,1,30372.0,30372.0,18.0
1077,20,117,13,8,4.0,63,1,2022,4,Emilia Romagna Grand Prix,2022-04-24,Sebastian,Vettel,VET,Aston Martin,Finished,1,30484.0,30484.0,17.0
1077,825,210,8,9,2.0,63,1,2022,4,Emilia Romagna Grand Prix,2022-04-24,Kevin,Magnussen,MAG,Haas F1 Team,Finished,1,33765.0,33765.0,18.0
1077,840,117,15,10,1.0,62,11,2022,4,Emilia Romagna Grand Prix,2022-04-24,Lance,Stroll,STR,Aston Martin,+1 Lap,1,32667.0,32667.0,18.0
1077,848,3,18,11,0.0,62,11,2022,4,Emilia Romagna Grand Prix,2022-04-24,Alexander,Albon,ALB,Williams,+1 Lap,1,30793.0,30793.0,17.0
1077,842,213,17,12,0.0,62,11,2022,4,Emilia Romagna Grand Prix,2022-04-24,Pierre,Gasly,GAS,AlphaTauri,+1 Lap,1,30405.0,30405.0,17.0
1077,1,131,14,13,0.0,62,11,2022,4,Emilia Romagna Grand Prix,2022-04-24,Lewis,Hamilton,HAM,Mercedes,+1 Lap,1,32740.0,32740.0,18.0
1077,839,214,16,14,0.0,62,11,2022,4,Emilia Romagna Grand Prix,2022-04-24,Esteban,Ocon,OCO,Alpine F1 Team,+1 Lap,1,31409.0,31409.0,18.0
1077,855,51,0,15,0.0,62,11,2022,4,Emilia Romagna Grand Prix,2022-04-24,Guanyu,Zhou,ZHO,Alfa Romeo,+1 Lap,1,32203.0,32203.0,18.0
1077,849,3,19,16,0.0,62,11,2022,4,Emilia Romagna Grand Prix,2022-04-24,Nicholas,Latifi,LAT,Williams,+1 Lap,1,31125.0,31125.0,18.0
1077,854,210,10,17,0.0,62,11,2022,4,Emilia Romagna Grand Prix,2022-04-24,Mick,Schumacher,MSC,Haas F1 Team,+1 Lap,2,62304.0,31152.0,18.0
1077,817,1,6,18,0.0,62,11,2022,4,Emilia Romagna Grand Prix,2022-04-24,Daniel,Ricciardo,RIC,McLaren,+1 Lap,3,92939.0,30979.666666666668,2.0
1077,4,214,9,19,0.0,6,130,2022,4,Emilia Romagna Grand Prix,2022-04-24,Fernando,Alonso,ALO,Alpine F1 Team,Collision damage,0,,,
1077,832,6,4,20,0.0,0,4,2022,4,Emilia Romagna Grand Prix,2022-04-24,Carlos,Sainz,SAI,Ferrari,Collision,0,,,
1078,830,9,3,1,26.0,57,1,2022,5,Miami Grand Prix,2022-05-08,Max,Verstappen,VER,Red Bull,Finished,1,18798.0,18798.0,26.0
1078,844,6,1,2,18.0,57,1,2022,5,Miami Grand Prix,2022-05-08,Charles,Leclerc,LEC,Ferrari,Finished,1,19697.0,19697.0,24.0
1078,832,6,2,3,15.0,57,1,2022,5,Miami Grand Prix,2022-05-08,Carlos,Sainz,SAI,Ferrari,Finished,1,22063.0,22063.0,27.0
1078,815,9,4,4,12.0,57,1,2022,5,Miami Grand Prix,2022-05-08,Sergio,Pérez,PER,Red Bull,Finished,2,36952.0,18476.0,27.0
1078,847,131,12,5,10.0,57,1,2022,5,Miami Grand Prix,2022-05-08,George,Russell,RUS,Mercedes,Finished,1,19035.0,19035.0,40.0
1078,1,131,6,6,8.0,57,1,2022,5,Miami Grand Prix,2022-05-08,Lewis,Hamilton,HAM,Mercedes,Finished,1,18820.0,18820.0,22.0
1078,822,51,5,7,6.0,57,1,2022,5,Miami Grand Prix,2022-05-08,Valtteri,Bottas,BOT,Alfa Romeo,Finished,1,19614.0,19614.0,26.0
1078,839,214,20,8,4.0,57,1,2022,5,Miami Grand Prix,2022-05-08,Esteban,Ocon,OCO,Alpine F1 Team,Finished,1,19019.0,19019.0,41.0
1078,848,3,18,9,2.0,57,1,2022,5,Miami Grand Prix,2022-05-08,Alexander,Albon,ALB,Williams,Finished,1,20059.0,20059.0,16.0
1078,840,117,0,10,1.0,57,1,2022,5,Miami Grand Prix,2022-05-08,Lance,Stroll,STR,Aston Martin,Finished,1,19074.0,19074.0,40.0
1078,4,214,11,11,0.0,57,1,2022,5,Miami Grand Prix,2022-05-08,Fernando,Alonso,ALO,Alpine F1 Team,Finished,1,21638.0,21638.0,15.0
1078,852,213,9,12,0.0,57,1,2022,5,Miami Grand Prix,2022-05-08,Yuki,Tsunoda,TSU,AlphaTauri,Finished,2,38488.0,19244.0,11.0
1078,817,1,14,13,0.0,57,1,2022,5,Miami Grand Prix,2022-05-08,Daniel,Ricciardo,RIC,McLaren,Finished,2,38764.0,19382.0,30.0
1078,849,3,19,14,0.0,57,1,2022,5,Miami Grand Prix,2022-05-08,Nicholas,Latifi,LAT,Williams,Finished,1,19185.0,19185.0,34.0
1078,854,210,15,15,0.0,57,1,2022,5,Miami Grand Prix,2022-05-08,Mick,Schumacher,MSC,Haas F1 Team,Finished,2,52794.0,26397.0,14.0
1078,825,210,16,16,0.0,56,33,2022,5,Miami Grand Prix,2022-05-08,Kevin,Magnussen,MAG,Haas F1 Team,Front wing,2,40433.0,20216.5,12.0
1078,20,117,0,17,0.0,54,4,2022,5,Miami Grand Prix,2022-05-08,Sebastian,Vettel,VET,Aston Martin,Collision,1,19861.0,19861.0,41.0
1078,842,213,7,18,0.0,45,22,2022,5,Miami Grand Prix,2022-05-08,Pierre,Gasly,GAS,AlphaTauri,Suspension,2,38550.0,19275.0,16.0
1078,846,1,8,19,0.0,39,4,2022,5,Miami Grand Prix,2022-05-08,Lando,Norris,NOR,McLaren,Collision,1,19986.0,19986.0,18.0
1078,855,51,17,20,0.0,6,47,2022,5,Miami Grand Prix,2022-05-08,Guanyu,Zhou,ZHO,Alfa Romeo,Water leak,0,,,
1079,830,9,2,1,25.0,66,1,2022,6,Spanish Grand Prix,2022-05-22,Max,Verstappen,VER,Red Bull,Finished,3,66080.0,22026.666666666668,13.0
1079,815,9,5,2,19.0,66,1,2022,6,Spanish Grand Prix,2022-05-22,Sergio,Pérez,PER,Red Bull,Finished,3,65345.0,21781.666666666668,17.0
1079,847,131,4,3,15.0,66,1,2022,6,Spanish Grand Prix,2022-05-22,George,Russell,RUS,Mercedes,Finished,3,67008.0,22336.0,13.0
1079,832,6,3,4,12.0,66,1,2022,6,Spanish Grand Prix,2022-05-22,Carlos,Sainz,SAI,Ferrari,Finished,3,66510.0,22170.0,10.0
1079,1,131,6,5,10.0,66,1,2022,6,Spanish Grand Prix,2022-05-22,Lewis,Hamilton,HAM,Mercedes,Finished,3,75400.0,25133.333333333332,1.0
1079,822,51,7,6,8.0,66,1,2022,6,Spanish Grand Prix,2022-05-22,Valtteri,Bottas,BOT,Alfa Romeo,Finished,2,45528.0,22764.0,14.0
1079,839,214,12,7,6.0,66,1,2022,6,Spanish Grand Prix,2022-05-22,Esteban,Ocon,OCO,Alpine F1 Team,Finished,3,67123.0,22374.333333333332,13.0
1079,846,1,11,8,4.0,66,1,2022,6,Spanish Grand Prix,2022-05-22,Lando,Norris,NOR,McLaren,Finished,3,67422.0,22474.0,12.0
1079,4,214,20,9,2.0,65,11,2022,6,Spanish Grand Prix,2022-05-22,Fernando,Alonso,ALO,Alpine F1 Team,+1 Lap,3,69696.0,23232.0,10.0
1079,852,213,13,10,1.0,65,11,2022,6,Spanish Grand Prix,2022-05-22,Yuki,Tsunoda,TSU,AlphaTauri,+1 Lap,3,68201.0,22733.666666666668,11.0
1079,20,117,16,11,0.0,65,11,2022,6,Spanish Grand Prix,2022-05-22,Sebastian,Vettel,VET,Aston Martin,+1 Lap,2,44992.0,22496.0,21.0
1079,817,1,9,12,0.0,65,11,2022,6,Spanish Grand Prix,2022-05-22,Daniel,Ricciardo,RIC,McLaren,+1 Lap,3,66677.0,22225.666666666668,11.0
1079,842,213,14,13,0.0,65,11,2022,6,Spanish Grand Prix,2022-05-22,Pierre,Gasly,GAS,AlphaTauri,+1 Lap,3,71793.0,23931.0,10.0
1079,854,210,10,14,0.0,65,11,2022,6,Spanish Grand Prix,2022-05-22,Mick,Schumacher,MSC,Haas F1 Team,+1 Lap,2,46709.0,23354.5,12.0
1079,840,117,17,15,0.0,65,11,2022,6,Spanish Grand Prix,2022-05-22,Lance,Stroll,STR,Aston Martin,+1 Lap,3,70039.0,23346.333333333332,14.0
1079,849,3,19,16,0.0,64,12,2022,6,Spanish Grand Prix,2022-05-22,Nicholas,Latifi,LAT,Williams,+2 Laps,3,68261.0,22753.666666666668,12.0
1079,825,210,8,17,0.0,64,12,2022,6,Spanish Grand Prix,2022-05-22,Kevin,Magnussen,MAG,Haas F1 Team,+2 Laps,2,53510.0,26755.0,1.0
1079,848,3,18,18,0.0,64,12,2022,6,Spanish Grand Prix,2022-05-22,Alexander,Albon,ALB,Williams,+2 Laps,4,92808.0,23202.0,11.0
1079,855,51,15,19,0.0,28,75,2022,6,Spanish Grand Prix,2022-05-22,Guanyu,Zhou,ZHO,Alfa Romeo,Power loss,1,23109.0,23109.0,10.0
1079,844,6,1,20,0.0,27,101,2022,6,Spanish Grand Prix,2022-05-22,Charles,Leclerc,LEC,Ferrari,Turbo,1,21794.0,21794.0,21.0
1080,815,9,3,1,25.0,64,1,2022,7,Monaco Grand Prix,2022-05-29,Sergio,Pérez,PER,Red Bull,Finished,3,1221007.0,407002.3333333333,16.0
1080,832,6,2,2,18.0,64,1,2022,7,Monaco Grand Prix,2022-05-29,Carlos,Sainz,SAI,Ferrari,Finished,2,1199459.0,599729.5,21.0
1080,830,9,4,3,15.0,64,1,2022,7,Monaco Grand Prix,2022-05-29,Max,Verstappen,VER,Red Bull,Finished,3,1229514.0,409838.0,18.0
1080,844,6,1,4,12.0,64,1,2022,7,Monaco Grand Prix,2022-05-29,Charles,Leclerc,LEC,Ferrari,Finished,3,1230566.0,410188.6666666667,18.0
1080,847,131,6,5,10.0,64,1,2022,7,Monaco Grand Prix,2022-05-29,George,Russell,RUS,Mercedes,Finished,2,1202897.0,601448.5,21.0
1080,846,1,5,6,9.0,64,1,2022,7,Monaco Grand Prix,2022-05-29,Lando,Norris,NOR,McLaren,Finished,4,1257268.0,314317.0,17.0
1080,4,214,7,7,6.0,64,1,2022,7,Monaco Grand Prix,2022-05-29,Fernando,Alonso,ALO,Alpine F1 Team,Finished,2,1206584.0,603292.0,21.0
1080,1,131,8,8,4.0,64,1,2022,7,Monaco Grand Prix,2022-05-29,Lewis,Hamilton,HAM,Mercedes,Finished,3,1235584.0,411861.3333333333,15.0
1080,822,51,12,9,2.0,64,1,2022,7,Monaco Grand Prix,2022-05-29,Valtteri,Bottas,BOT,Alfa Romeo,Finished,2,1212564.0,606282.0,20.0
1080,20,117,9,10,1.0,64,1,2022,7,Monaco Grand Prix,2022-05-29,Sebastian,Vettel,VET,Aston Martin,Finished,3,1219593.0,406531.0,6.0
1080,842,213,17,11,0.0,64,1,2022,7,Monaco Grand Prix,2022-05-29,Pierre,Gasly,GAS,AlphaTauri,Finished,3,1233716.0,411238.6666666667,2.0
1080,839,214,10,12,0.0,64,1,2022,7,Monaco Grand Prix,2022-05-29,Esteban,Ocon,OCO,Alpine F1 Team,Finished,2,1211360.0,605680.0,21.0
1080,817,1,14,13,0.0,64,1,2022,7,Monaco Grand Prix,2022-05-29,Daniel,Ricciardo,RIC,McLaren,Finished,2,1194729.0,597364.5,19.0
1080,840,117,18,14,0.0,64,1,2022,7,Monaco Grand Prix,2022-05-29,Lance,Stroll,STR,Aston Martin,Finished,4,1260096.0,315024.0,1.0
1080,849,3,19,15,0.0,63,11,2022,7,Monaco Grand Prix,2022-05-29,Nicholas,Latifi,LAT,Williams,+1 Lap,4,1281873.0,320468.25,1.0
1080,855,51,20,16,0.0,63,11,2022,7,Monaco Grand Prix,2022-05-29,Guanyu,Zhou,ZHO,Alfa Romeo,+1 Lap,2,1199829.0,599914.5,19.0
1080,852,213,11,17,0.0,63,11,2022,7,Monaco Grand Prix,2022-05-29,Yuki,Tsunoda,TSU,AlphaTauri,+1 Lap,4,1250799.0,312699.75,6.0
1080,848,3,16,18,0.0,48,26,2022,7,Monaco Grand Prix,2022-05-29,Alexander,Albon,ALB,Williams,Mechanical,3,1244425.0,414808.3333333333,18.0
1080,854,210,15,19,0.0,24,3,2022,7,Monaco Grand Prix,2022-05-29,Mick,Schumacher,MSC,Haas F1 Team,Accident,2,64491.0,32245.5,4.0
1080,825,210,13,20,0.0,19,34,2022,7,Monaco Grand Prix,2022-05-29,Kevin,Magnussen,MAG,Haas F1 Team,Water pressure,0,,,
1081,830,9,3,1,25.0,51,1,2022,8,Azerbaijan Grand Prix,2022-06-12,Max,Verstappen,VER,Red Bull,Finished,2,42190.0,21095.0,18.0
1081,815,9,2,2,19.0,51,1,2022,8,Azerbaijan Grand Prix,2022-06-12,Sergio,Pérez,PER,Red Bull,Finished,2,45728.0,22864.0,16.0
1081,847,131,5,3,15.0,51,1,2022,8,Azerbaijan Grand Prix,2022-06-12,George,Russell,RUS,Mercedes,Finished,2,41065.0,20532.5,9.0
1081,1,131,7,4,12.0,51,1,2022,8,Azerbaijan Grand Prix,2022-06-12,Lewis,Hamilton,HAM,Mercedes,Finished,2,42301.0,21150.5,9.0
1081,842,213,6,5,10.0,51,1,2022,8,Azerbaijan Grand Prix,2022-06-12,Pierre,Gasly,GAS,AlphaTauri,Finished,1,22698.0,22698.0,9.0
1081,20,117,9,6,8.0,51,1,2022,8,Azerbaijan Grand Prix,2022-06-12,Sebastian,Vettel,VET,Aston Martin,Finished,1,20249.0,20249.0,9.0
1081,4,214,10,7,6.0,51,1,2022,8,Azerbaijan Grand Prix,2022-06-12,Fernando,Alonso,ALO,Alpine F1 Team,Finished,1,20571.0,20571.0,18.0
1081,817,1,12,8,4.0,51,1,2022,8,Azerbaijan Grand Prix,2022-06-12,Daniel,Ricciardo,RIC,McLaren,Finished,1,21794.0,21794.0,33.0
1081,846,1,11,9,2.0,51,1,2022,8,Azerbaijan Grand Prix,2022-06-12,Lando,Norris,NOR,McLaren,Finished,1,21443.0,21443.0,20.0
1081,839,214,13,10,1.0,51,1,2022,8,Azerbaijan Grand Prix,2022-06-12,Esteban,Ocon,OCO,Alpine F1 Team,Finished,1,22638.0,22638.0,33.0
1081,822,51,15,11,0.0,50,11,2022,8,Azerbaijan Grand Prix,2022-06-12,Valtteri,Bottas,BOT,Alfa Romeo,+1 Lap,1,20979.0,20979.0,33.0
1081,848,3,17,12,0.0,50,11,2022,8,Azerbaijan Grand Prix,2022-06-12,Alexander,Albon,ALB,Williams,+1 Lap,2,47117.0,23558.5,9.0
1081,852,213,8,13,0.0,50,11,2022,8,Azerbaijan Grand Prix,2022-06-12,Yuki,Tsunoda,TSU,AlphaTauri,+1 Lap,2,64583.0,32291.5,9.0
1081,854,210,20,14,0.0,50,11,2022,8,Azerbaijan Grand Prix,2022-06-12,Mick,Schumacher,MSC,Haas F1 Team,+1 Lap,2,49204.0,24602.0,9.0
1081,849,3,18,15,0.0,50,11,2022,8,Azerbaijan Grand Prix,2022-06-12,Nicholas,Latifi,LAT,Williams,+1 Lap,2,51464.0,25732.0,3.0
1081,840,117,19,16,0.0,46,76,2022,8,Azerbaijan Grand Prix,2022-06-12,Lance,Stroll,STR,Aston Martin,Vibrations,1,22059.0,22059.0,30.0
1081,825,210,16,17,0.0,31,131,2022,8,Azerbaijan Grand Prix,2022-06-12,Kevin,Magnussen,MAG,Haas F1 Team,Power Unit,1,21555.0,21555.0,9.0
1081,855,51,14,18,0.0,23,9,2022,8,Azerbaijan Grand Prix,2022-06-12,Guanyu,Zhou,ZHO,Alfa Romeo,Hydraulics,1,23001.0,23001.0,9.0
1081,844,6,1,19,0.0,21,131,2022,8,Azerbaijan Grand Prix,2022-06-12,Charles,Leclerc,LEC,Ferrari,Power Unit,1,23212.0,23212.0,9.0
1081,832,6,4,20,0.0,8,9,2022,8,Azerbaijan Grand Prix,2022-06-12,Carlos,Sainz,SAI,Ferrari,Hydraulics,0,,,
1082,830,9,1,1,25.0,70,1,2022,9,Canadian Grand Prix,2022-06-19,Max,Verstappen,VER,Red Bull,Finished,2,47921.0,23960.5,9.0
1082,832,6,3,2,19.0,70,1,2022,9,Canadian Grand Prix,2022-06-19,Carlos,Sainz,SAI,Ferrari,Finished,2,49096.0,24548.0,20.0
1082,1,131,4,3,15.0,70,1,2022,9,Canadian Grand Prix,2022-06-19,Lewis,Hamilton,HAM,Mercedes,Finished,2,47686.0,23843.0,9.0
1082,847,131,8,4,12.0,70,1,2022,9,Canadian Grand Prix,2022-06-19,George,Russell,RUS,Mercedes,Finished,2,48020.0,24010.0,19.0
1082,844,6,19,5,10.0,70,1,2022,9,Canadian Grand Prix,2022-06-19,Charles,Leclerc,LEC,Ferrari,Finished,1,26199.0,26199.0,41.0
1082,839,214,7,6,8.0,70,1,2022,9,Canadian Grand Prix,2022-06-19,Esteban,Ocon,OCO,Alpine F1 Team,Finished,2,49629.0,24814.5,19.0
1082,822,51,11,7,6.0,70,1,2022,9,Canadian Grand Prix,2022-06-19,Valtteri,Bottas,BOT,Alfa Romeo,Finished,1,26089.0,26089.0,49.0
1082,855,51,10,8,4.0,70,1,2022,9,Canadian Grand Prix,2022-06-19,Guanyu,Zhou,ZHO,Alfa Romeo,Finished,2,48261.0,24130.5,19.0
1082,4,214,2,9,2.0,70,1,2022,9,Canadian Grand Prix,2022-06-19,Fernando,Alonso,ALO,Alpine F1 Team,Finished,2,48918.0,24459.0,28.0
1082,840,117,17,10,1.0,70,1,2022,9,Canadian Grand Prix,2022-06-19,Lance,Stroll,STR,Aston Martin,Finished,1,25252.0,25252.0,47.0
1082,817,1,9,11,0.0,70,1,2022,9,Canadian Grand Prix,2022-06-19,Daniel,Ricciardo,RIC,McLaren,Finished,2,52770.0,26385.0,19.0
1082,20,117,16,12,0.0,70,1,2022,9,Canadian Grand Prix,2022-06-19,Sebastian,Vettel,VET,Aston Martin,Finished,2,47087.0,23543.5,5.0
1082,848,3,12,13,0.0,70,1,2022,9,Canadian Grand Prix,2022-06-19,Alexander,Albon,ALB,Williams,Finished,2,47334.0,23667.0,18.0
1082,842,213,15,14,0.0,70,1,2022,9,Canadian Grand Prix,2022-06-19,Pierre,Gasly,GAS,AlphaTauri,Finished,2,47170.0,23585.0,5.0
1082,846,1,14,15,0.0,70,1,2022,9,Canadian Grand Prix,2022-06-19,Lando,Norris,NOR,McLaren,Finished,2,67166.0,33583.0,19.0
1082,849,3,18,16,0.0,70,1,2022,9,Canadian Grand Prix,2022-06-19,Nicholas,Latifi,LAT,Williams,Finished,2,54054.0,27027.0,9.0
1082,825,210,5,17,0.0,70,1,2022,9,Canadian Grand Prix,2022-06-19,Kevin,Magnussen,MAG,Haas F1 Team,Finished,1,38262.0,38262.0,7.0
1082,852,213,20,18,0.0,47,3,2022,9,Canadian Grand Prix,2022-06-19,Yuki,Tsunoda,TSU,AlphaTauri,Accident,2,46698.0,23349.0,9.0
1082,854,210,6,19,0.0,18,5,2022,9,Canadian Grand Prix,2022-06-19,Mick,Schumacher,MSC,Haas F1 Team,Engine,0,,,
1082,815,9,13,20,0.0,7,6,2022,9,Canadian Grand Prix,2022-06-19,Sergio,Pérez,PER,Red Bull,Gearbox,0,,,
1083,832,6,1,1,25.0,52,1,2022,10,British Grand Prix,2022-07-03,Carlos,Sainz,SAI,Ferrari,Finished,3,3088761.0,1029587.0,1.0
1083,815,9,4,2,18.0,52,1,2022,10,British Grand Prix,2022-07-03,Sergio,Pérez,PER,Red Bull,Finished,3,3100229.0,1033409.6666666666,1.0
1083,1,131,5,3,16.0,52,1,2022,10,British Grand Prix,2022-07-03,Lewis,Hamilton,HAM,Mercedes,Finished,3,3105721.0,1035240.3333333334,1.0
1083,844,6,3,4,12.0,52,1,2022,10,British Grand Prix,2022-07-03,Charles,Leclerc,LEC,Ferrari,Finished,2,3065165.0,1532582.5,1.0
1083,4,214,7,5,10.0,52,1,2022,10,British Grand Prix,2022-07-03,Fernando,Alonso,ALO,Alpine F1 Team,Finished,3,3113274.0,1037758.0,1.0
1083,846,1,6,6,8.0,52,1,2022,10,British Grand Prix,2022-07-03,Lando,Norris,NOR,McLaren,Finished,3,3100821.0,1033607.0,1.0
1083,830,9,2,7,6.0,52,1,2022,10,British Grand Prix,2022-07-03,Max,Verstappen,VER,Red Bull,Finished,4,3124723.0,781180.75,1.0
1083,854,210,19,8,4.0,52,1,2022,10,British Grand Prix,2022-07-03,Mick,Schumacher,MSC,Haas F1 Team,Finished,3,3125153.0,1041717.6666666666,1.0
1083,20,117,18,9,2.0,52,1,2022,10,British Grand Prix,2022-07-03,Sebastian,Vettel,VET,Aston Martin,Finished,3,3125687.0,1041895.6666666666,1.0
1083,825,210,17,10,1.0,52,1,2022,10,British Grand Prix,2022-07-03,Kevin,Magnussen,MAG,Haas F1 Team,Finished,2,3093086.0,1546543.0,1.0
1083,840,117,20,11,0.0,52,1,2022,10,British Grand Prix,2022-07-03,Lance,Stroll,STR,Aston Martin,Finished,3,3127429.0,1042476.3333333334,1.0
1083,849,3,10,12,0.0,52,1,2022,10,British Grand Prix,2022-07-03,Nicholas,Latifi,LAT,Williams,Finished,3,3109171.0,1036390.3333333334,1.0
1083,817,1,14,13,0.0,52,1,2022,10,British Grand Prix,2022-07-03,Daniel,Ricciardo,RIC,McLaren,Finished,4,3153520.0,788380.0,1.0
1083,852,213,13,14,0.0,52,1,2022,10,British Grand Prix,2022-07-03,Yuki,Tsunoda,TSU,AlphaTauri,Finished,3,3076068.0,1025356.0,1.0
1083,839,214,15,15,0.0,37,48,2022,10,British Grand Prix,2022-07-03,Esteban,Ocon,OCO,Alpine F1 Team,Fuel pump,2,2981102.0,1490551.0,1.0
1083,842,213,11,16,0.0,26,130,2022,10,British Grand Prix,2022-07-03,Pierre,Gasly,GAS,AlphaTauri,Collision damage,2,3078582.0,1539291.0,1.0
1083,822,51,12,17,0.0,20,6,2022,10,British Grand Prix,2022-07-03,Valtteri,Bottas,BOT,Alfa Romeo,Gearbox,1,3055732.0,3055732.0,1.0
1083,847,131,8,18,0.0,0,4,2022,10,British Grand Prix,2022-07-03,George,Russell,RUS,Mercedes,Collision,0,,,
1083,855,51,9,19,0.0,0,4,2022,10,British Grand Prix,2022-07-03,Guanyu,Zhou,ZHO,Alfa Romeo,Collision,0,,,
1083,848,3,16,20,0.0,0,4,2022,10,British Grand Prix,2022-07-03,Alexander,Albon,ALB,Williams,Collision,0,,,
1084,844,6,2,1,25.0,71,1,2022,11,Austrian Grand Prix,2022-07-10,Charles,Leclerc,LEC,Ferrari,Finished,3,64501.0,21500.333333333332,26.0
1084,830,9,1,2,19.0,71,1,2022,11,Austrian Grand Prix,2022-07-10,Max,Verstappen,VER,Red Bull,Finished,3,64785.0,21595.0,13.0
1084,1,131,8,3,15.0,71,1,2022,11,Austrian Grand Prix,2022-07-10,Lewis,Hamilton,HAM,Mercedes,Finished,2,45723.0,22861.5,28.0
1084,847,131,4,4,12.0,71,1,2022,11,Austrian Grand Prix,2022-07-10,George,Russell,RUS,Mercedes,Finished,2,59932.0,29966.0,11.0
1084,839,214,6,5,10.0,71,1,2022,11,Austrian Grand Prix,2022-07-10,Esteban,Ocon,OCO,Alpine F1 Team,Finished,2,43864.0,21932.0,16.0
1084,854,210,9,6,8.0,70,11,2022,11,Austrian Grand Prix,2022-07-10,Mick,Schumacher,MSC,Haas F1 Team,+1 Lap,2,45000.0,22500.0,16.0
1084,846,1,10,7,6.0,70,11,2022,11,Austrian Grand Prix,2022-07-10,Lando,Norris,NOR,McLaren,+1 Lap,2,50008.0,25004.0,14.0
1084,825,210,7,8,4.0,70,11,2022,11,Austrian Grand Prix,2022-07-10,Kevin,Magnussen,MAG,Haas F1 Team,+1 Lap,2,44293.0,22146.5,15.0
1084,817,1,11,9,2.0,70,11,2022,11,Austrian Grand Prix,2022-07-10,Daniel,Ricciardo,RIC,McLaren,+1 Lap,2,43245.0,21622.5,12.0
1084,4,214,19,10,1.0,70,11,2022,11,Austrian Grand Prix,2022-07-10,Fernando,Alonso,ALO,Alpine F1 Team,+1 Lap,3,67631.0,22543.666666666668,27.0
1084,822,51,0,11,0.0,70,11,2022,11,Austrian Grand Prix,2022-07-10,Valtteri,Bottas,BOT,Alfa Romeo,+1 Lap,2,46955.0,23477.5,6.0
1084,848,3,15,12,0.0,70,11,2022,11,Austrian Grand Prix,2022-07-10,Alexander,Albon,ALB,Williams,+1 Lap,2,44423.0,22211.5,11.0
1084,840,117,12,13,0.0,70,11,2022,11,Austrian Grand Prix,2022-07-10,Lance,Stroll,STR,Aston Martin,+1 Lap,2,43383.0,21691.5,29.0
1084,855,51,13,14,0.0,70,11,2022,11,Austrian Grand Prix,2022-07-10,Guanyu,Zhou,ZHO,Alfa Romeo,+1 Lap,2,51564.0,25782.0,24.0
1084,842,213,14,15,0.0,70,11,2022,11,Austrian Grand Prix,2022-07-10,Pierre,Gasly,GAS,AlphaTauri,+1 Lap,2,50334.0,25167.0,12.0
1084,852,213,16,16,0.0,70,11,2022,11,Austrian Grand Prix,2022-07-10,Yuki,Tsunoda,TSU,AlphaTauri,+1 Lap,2,43268.0,21634.0,26.0
1084,20,117,18,17,0.0,70,11,2022,11,Austrian Grand Prix,2022-07-10,Sebastian,Vettel,VET,Aston Martin,+1 Lap,2,43695.0,21847.5,20.0
1084,832,6,3,18,0.0,56,131,2022,11,Austrian Grand Prix,2022-07-10,Carlos,Sainz,SAI,Ferrari,Power Unit,2,42704.0,21352.0,27.0
1084,849,3,17,19,0.0,48,140,2022,11,Austrian Grand Prix,2022-07-10,Nicholas,Latifi,LAT,Williams,Undertray,2,42928.0,21464.0,12.0
1084,815,9,5,20,0.0,24,130,2022,11,Austrian Grand Prix,2022-07-10,Sergio,Pérez,PER,Red Bull,Collision damage,1,23681.0,23681.0,1.0
1085,830,9,2,1,25.0,53,1,2022,12,French Grand Prix,2022-07-24,Max,Verstappen,VER,Red Bull,Finished,1,35266.0,35266.0,16.0
1085,1,131,4,2,18.0,53,1,2022,12,French Grand Prix,2022-07-24,Lewis,Hamilton,HAM,Mercedes,Finished,1,37189.0,37189.0,18.0
1085,847,131,6,3,15.0,53,1,2022,12,French Grand Prix,2022-07-24,George,Russell,RUS,Mercedes,Finished,1,38277.0,38277.0,18.0
1085,815,9,3,4,12.0,53,1,2022,12,French Grand Prix,2022-07-24,Sergio,Pérez,PER,Red Bull,Finished,1,38061.0,38061.0,18.0
1085,832,6,19,5,11.0,53,1,2022,12,French Grand Prix,2022-07-24,Carlos,Sainz,SAI,Ferrari,Finished,2,83750.0,41875.0,18.0
1085,4,214,7,6,8.0,53,1,2022,12,French Grand Prix,2022-07-24,Fernando,Alonso,ALO,Alpine F1 Team,Finished,1,36524.0,36524.0,18.0
1085,846,1,5,7,6.0,53,1,2022,12,French Grand Prix,2022-07-24,Lando,Norris,NOR,McLaren,Finished,1,37539.0,37539.0,18.0
1085,839,214,10,8,4.0,53,1,2022,12,French Grand Prix,2022-07-24,Esteban,Ocon,OCO,Alpine F1 Team,Finished,1,44747.0,44747.0,18.0
1085,817,1,9,9,2.0,53,1,2022,12,French Grand Prix,2022-07-24,Daniel,Ricciardo,RIC,McLaren,Finished,1,36264.0,36264.0,18.0
1085,840,117,15,10,1.0,53,1,2022,12,French Grand Prix,2022-07-24,Lance,Stroll,STR,Aston Martin,Finished,1,39844.0,39844.0,18.0
1085,20,117,12,11,0.0,53,1,2022,12,French Grand Prix,2022-07-24,Sebastian,Vettel,VET,Aston Martin,Finished,1,36671.0,36671.0,19.0
1085,842,213,14,12,0.0,53,1,2022,12,French Grand Prix,2022-07-24,Pierre,Gasly,GAS,AlphaTauri,Finished,1,35969.0,35969.0,18.0
1085,848,3,13,13,0.0,53,1,2022,12,French Grand Prix,2022-07-24,Alexander,Albon,ALB,Williams,Finished,1,37380.0,37380.0,18.0
1085,822,51,11,14,0.0,53,1,2022,12,French Grand Prix,2022-07-24,Valtteri,Bottas,BOT,Alfa Romeo,Finished,2,74375.0,37187.5,18.0
1085,854,210,17,15,0.0,53,1,2022,12,French Grand Prix,2022-07-24,Mick,Schumacher,MSC,Haas F1 Team,Finished,2,73707.0,36853.5,9.0
1085,855,51,16,16,0.0,47,16,2022,12,French Grand Prix,2022-07-24,Guanyu,Zhou,ZHO,Alfa Romeo,+6 Laps,2,87234.0,43617.0,9.0
1085,849,3,18,17,0.0,40,130,2022,12,French Grand Prix,2022-07-24,Nicholas,Latifi,LAT,Williams,Collision damage,2,74439.0,37219.5,19.0
1085,825,210,20,18,0.0,37,130,2022,12,French Grand Prix,2022-07-24,Kevin,Magnussen,MAG,Haas F1 Team,Collision damage,2,73182.0,36591.0,8.0
1085,844,6,1,19,0.0,17,3,2022,12,French Grand Prix,2022-07-24,Charles,Leclerc,LEC,Ferrari,Accident,0,,,
1085,852,213,8,20,0.0,17,140,2022,12,French Grand Prix,2022-07-24,Yuki,Tsunoda,TSU,AlphaTauri,Undertray,1,37648.0,37648.0,11.0
1086,830,9,10,1,25.0,70,1,2022,13,Hungarian Grand Prix,2022-07-31,Max,Verstappen,VER,Red Bull,Finished,2,42579.0,21289.5,16.0
1086,1,131,7,2,19.0,70,1,2022,13,Hungarian Grand Prix,2022-07-31,Lewis,Hamilton,HAM,Mercedes,Finished,2,43794.0,21897.0,19.0
1086,847,131,1,3,15.0,70,1,2022,13,Hungarian Grand Prix,2022-07-31,George,Russell,RUS,Mercedes,Finished,2,44506.0,22253.0,16.0
1086,832,6,2,4,12.0,70,1,2022,13,Hungarian Grand Prix,2022-07-31,Carlos,Sainz,SAI,Ferrari,Finished,2,46276.0,23138.0,17.0
1086,815,9,11,5,10.0,70,1,2022,13,Hungarian Grand Prix,2022-07-31,Sergio,Pérez,PER,Red Bull,Finished,2,42285.0,21142.5,18.0
1086,844,6,3,6,8.0,70,1,2022,13,Hungarian Grand Prix,2022-07-31,Charles,Leclerc,LEC,Ferrari,Finished,3,65291.0,21763.666666666668,21.0
1086,846,1,4,7,6.0,70,1,2022,13,Hungarian Grand Prix,2022-07-31,Lando,Norris,NOR,McLaren,Finished,2,45422.0,22711.0,14.0
1086,4,214,6,8,4.0,69,11,2022,13,Hungarian Grand Prix,2022-07-31,Fernando,Alonso,ALO,Alpine F1 Team,+1 Lap,1,22083.0,22083.0,21.0
1086,839,214,5,9,2.0,69,11,2022,13,Hungarian Grand Prix,2022-07-31,Esteban,Ocon,OCO,Alpine F1 Team,+1 Lap,1,23581.0,23581.0,23.0
1086,20,117,18,10,1.0,69,11,2022,13,Hungarian Grand Prix,2022-07-31,Sebastian,Vettel,VET,Aston Martin,+1 Lap,2,46432.0,23216.0,15.0
1086,840,117,14,11,0.0,69,11,2022,13,Hungarian Grand Prix,2022-07-31,Lance,Stroll,STR,Aston Martin,+1 Lap,2,43394.0,21697.0,14.0
1086,842,213,0,12,0.0,69,11,2022,13,Hungarian Grand Prix,2022-07-31,Pierre,Gasly,GAS,AlphaTauri,+1 Lap,2,43164.0,21582.0,16.0
1086,855,51,12,13,0.0,69,11,2022,13,Hungarian Grand Prix,2022-07-31,Guanyu,Zhou,ZHO,Alfa Romeo,+1 Lap,2,50539.0,25269.5,27.0
1086,854,210,15,14,0.0,69,11,2022,13,Hungarian Grand Prix,2022-07-31,Mick,Schumacher,MSC,Haas F1 Team,+1 Lap,2,45519.0,22759.5,21.0
1086,817,1,9,15,0.0,69,11,2022,13,Hungarian Grand Prix,2022-07-31,Daniel,Ricciardo,RIC,McLaren,+1 Lap,2,43079.0,21539.5,15.0
1086,825,210,13,16,0.0,69,11,2022,13,Hungarian Grand Prix,2022-07-31,Kevin,Magnussen,MAG,Haas F1 Team,+1 Lap,3,75998.0,25332.666666666668,6.0
1086,848,3,17,17,0.0,69,11,2022,13,Hungarian Grand Prix,2022-07-31,Alexander,Albon,ALB,Williams,+1 Lap,3,77338.0,25779.333333333332,2.0
1086,849,3,19,18,0.0,69,11,2022,13,Hungarian Grand Prix,2022-07-31,Nicholas,Latifi,LAT,Williams,+1 Lap,3,73094.0,24364.666666666668,18.0
1086,852,213,16,19,0.0,68,12,2022,13,Hungarian Grand Prix,2022-07-31,Yuki,Tsunoda,TSU,AlphaTauri,+2 Laps,3,65721.0,21907.0,13.0
1086,822,51,8,20,0.0,65,131,2022,13,Hungarian Grand Prix,2022-07-31,Valtteri,Bottas,BOT,Alfa Romeo,Power Unit,1,22272.0,22272.0,26.0
1087,830,9,14,1,26.0,44,1,2022,14,Belgian Grand Prix,2022-08-28,Max,Verstappen,VER,Red Bull,Finished,2,45204.0,22602.0,15.0
1087,815,9,2,2,18.0,44,1,2022,14,Belgian Grand Prix,2022-08-28,Sergio,Pérez,PER,Red Bull,Finished,2,44999.0,22499.5,14.0
1087,832,6,1,3,15.0,44,1,2022,14,Belgian Grand Prix,2022-08-28,Carlos,Sainz,SAI,Ferrari,Finished,2,45293.0,22646.5,11.0
1087,847,131,5,4,12.0,44,1,2022,14,Belgian Grand Prix,2022-08-28,George,Russell,RUS,Mercedes,Finished,2,45802.0,22901.0,13.0
1087,4,214,3,5,10.0,44,1,2022,14,Belgian Grand Prix,2022-08-28,Fernando,Alonso,ALO,Alpine F1 Team,Finished,2,46595.0,23297.5,11.0
1087,844,6,15,6,8.0,44,1,2022,14,Belgian Grand Prix,2022-08-28,Charles,Leclerc,LEC,Ferrari,Finished,3,70721.0,23573.666666666668,3.0
1087,839,214,16,7,6.0,44,1,2022,14,Belgian Grand Prix,2022-08-28,Esteban,Ocon,OCO,Alpine F1 Team,Finished,2,47002.0,23501.0,12.0
1087,20,117,10,8,4.0,44,1,2022,14,Belgian Grand Prix,2022-08-28,Sebastian,Vettel,VET,Aston Martin,Finished,2,46055.0,23027.5,14.0
1087,842,213,0,9,2.0,44,1,2022,14,Belgian Grand Prix,2022-08-28,Pierre,Gasly,GAS,AlphaTauri,Finished,2,45399.0,22699.5,10.0
1087,848,3,6,10,1.0,44,1,2022,14,Belgian Grand Prix,2022-08-28,Alexander,Albon,ALB,Williams,Finished,2,47749.0,23874.5,10.0
1087,840,117,9,11,0.0,44,1,2022,14,Belgian Grand Prix,2022-08-28,Lance,Stroll,STR,Aston Martin,Finished,2,46904.0,23452.0,15.0
1087,846,1,17,12,0.0,44,1,2022,14,Belgian Grand Prix,2022-08-28,Lando,Norris,NOR,McLaren,Finished,2,46596.0,23298.0,13.0
1087,852,213,0,13,0.0,44,1,2022,14,Belgian Grand Prix,2022-08-28,Yuki,Tsunoda,TSU,AlphaTauri,Finished,2,54308.0,27154.0,18.0
1087,855,51,18,14,0.0,44,1,2022,14,Belgian Grand Prix,2022-08-28,Guanyu,Zhou,ZHO,Alfa Romeo,Finished,2,47108.0,23554.0,14.0
1087,817,1,7,15,0.0,44,1,2022,14,Belgian Grand Prix,2022-08-28,Daniel,Ricciardo,RIC,McLaren,Finished,2,46231.0,23115.5,12.0
1087,825,210,12,16,0.0,43,11,2022,14,Belgian Grand Prix,2022-08-28,Kevin,Magnussen,MAG,Haas F1 Team,+1 Lap,2,50211.0,25105.5,11.0
1087,854,210,19,17,0.0,43,11,2022,14,Belgian Grand Prix,2022-08-28,Mick,Schumacher,MSC,Haas F1 Team,+1 Lap,2,49140.0,24570.0,14.0
1087,849,3,11,18,0.0,43,11,2022,14,Belgian Grand Prix,2022-08-28,Nicholas,Latifi,LAT,Williams,+1 Lap,3,83407.0,27802.333333333332,3.0
1087,822,51,13,19,0.0,1,3,2022,14,Belgian Grand Prix,2022-08-28,Valtteri,Bottas,BOT,Alfa Romeo,Accident,0,,,
1087,1,131,4,20,0.0,0,130,2022,14,Belgian Grand Prix,2022-08-28,Lewis,Hamilton,HAM,Mercedes,Collision damage,0,,,
1088,830,9,1,1,26.0,72,1,2022,15,Dutch Grand Prix,2022-09-04,Max,Verstappen,VER,Red Bull,Finished,4,73012.0,18253.0,18.0
1088,847,131,6,2,18.0,72,1,2022,15,Dutch Grand Prix,2022-09-04,George,Russell,RUS,Mercedes,Finished,3,61464.0,20488.0,31.0
1088,844,6,2,3,15.0,72,1,2022,15,Dutch Grand Prix,2022-09-04,Charles,Leclerc,LEC,Ferrari,Finished,4,71748.0,17937.0,17.0
1088,1,131,4,4,12.0,72,1,2022,15,Dutch Grand Prix,2022-09-04,Lewis,Hamilton,HAM,Mercedes,Finished,3,52365.0,17455.0,29.0
1088,815,9,5,5,10.0,72,1,2022,15,Dutch Grand Prix,2022-09-04,Sergio,Pérez,PER,Red Bull,Finished,4,70936.0,17734.0,14.0
1088,4,214,13,6,8.0,72,1,2022,15,Dutch Grand Prix,2022-09-04,Fernando,Alonso,ALO,Alpine F1 Team,Finished,3,56841.0,18947.0,12.0
1088,846,1,7,7,6.0,72,1,2022,15,Dutch Grand Prix,2022-09-04,Lando,Norris,NOR,McLaren,Finished,3,61684.0,20561.333333333332,17.0
1088,832,6,3,8,4.0,72,1,2022,15,Dutch Grand Prix,2022-09-04,Carlos,Sainz,SAI,Ferrari,Finished,3,70362.0,23454.0,14.0
1088,839,214,12,9,2.0,72,1,2022,15,Dutch Grand Prix,2022-09-04,Esteban,Ocon,OCO,Alpine F1 Team,Finished,3,55098.0,18366.0,18.0
1088,840,117,10,10,1.0,72,1,2022,15,Dutch Grand Prix,2022-09-04,Lance,Stroll,STR,Aston Martin,Finished,4,73678.0,18419.5,16.0
1088,842,213,11,11,0.0,72,1,2022,15,Dutch Grand Prix,2022-09-04,Pierre,Gasly,GAS,AlphaTauri,Finished,4,70034.0,17508.5,11.0
1088,848,3,15,12,0.0,72,1,2022,15,Dutch Grand Prix,2022-09-04,Alexander,Albon,ALB,Williams,Finished,4,73858.0,18464.5,21.0
1088,854,210,8,13,0.0,72,1,2022,15,Dutch Grand Prix,2022-09-04,Mick,Schumacher,MSC,Haas F1 Team,Finished,4,83054.0,20763.5,13.0
1088,20,117,19,14,0.0,72,1,2022,15,Dutch Grand Prix,2022-09-04,Sebastian,Vettel,VET,Aston Martin,Finished,4,74605.0,18651.25,9.0
1088,825,210,18,15,0.0,72,1,2022,15,Dutch Grand Prix,2022-09-04,Kevin,Magnussen,MAG,Haas F1 Team,Finished,4,82333.0,20583.25,14.0
1088,855,51,14,16,0.0,72,1,2022,15,Dutch Grand Prix,2022-09-04,Guanyu,Zhou,ZHO,Alfa Romeo,Finished,4,79297.0,19824.25,12.0
1088,817,1,17,17,0.0,72,1,2022,15,Dutch Grand Prix,2022-09-04,Daniel,Ricciardo,RIC,McLaren,Finished,5,93619.0,18723.8,11.0
1088,849,3,20,18,0.0,71,11,2022,15,Dutch Grand Prix,2022-09-04,Nicholas,Latifi,LAT,Williams,+1 Lap,4,75527.0,18881.75,13.0
1088,822,51,16,19,0.0,53,5,2022,15,Dutch Grand Prix,2022-09-04,Valtteri,Bottas,BOT,Alfa Romeo,Engine,2,40790.0,20395.0,16.0
1088,852,213,9,20,0.0,43,24,2022,15,Dutch Grand Prix,2022-09-04,Yuki,Tsunoda,TSU,AlphaTauri,Differential,3,90751.0,30250.333333333332,13.0
1089,830,9,7,1,25.0,53,1,2022,16,Italian Grand Prix,2022-09-11,Max,Verstappen,VER,Red Bull,Finished,2,47882.0,23941.0,25.0
1089,844,6,1,2,18.0,53,1,2022,16,Italian Grand Prix,2022-09-11,Charles,Leclerc,LEC,Ferrari,Finished,3,71154.0,23718.0,12.0
1089,847,131,2,3,15.0,53,1,2022,16,Italian Grand Prix,2022-09-11,George,Russell,RUS,Mercedes,Finished,2,49189.0,24594.5,23.0
1089,832,6,18,4,12.0,53,1,2022,16,Italian Grand Prix,2022-09-11,Carlos,Sainz,SAI,Ferrari,Finished,2,48253.0,24126.5,30.0
1089,1,131,19,5,10.0,53,1,2022,16,Italian Grand Prix,2022-09-11,Lewis,Hamilton,HAM,Mercedes,Finished,1,24282.0,24282.0,33.0
1089,815,9,13,6,9.0,53,1,2022,16,Italian Grand Prix,2022-09-11,Sergio,Pérez,PER,Red Bull,Finished,2,46997.0,23498.5,7.0
1089,846,1,3,7,6.0,53,1,2022,16,Italian Grand Prix,2022-09-11,Lando,Norris,NOR,McLaren,Finished,2,51498.0,25749.0,35.0
1089,842,213,5,8,4.0,53,1,2022,16,Italian Grand Prix,2022-09-11,Pierre,Gasly,GAS,AlphaTauri,Finished,1,25376.0,25376.0,18.0
1089,856,3,8,9,2.0,53,1,2022,16,Italian Grand Prix,2022-09-11,Nyck,de Vries,DEV,Williams,Finished,1,24628.0,24628.0,19.0
1089,855,51,9,10,1.0,53,1,2022,16,Italian Grand Prix,2022-09-11,Guanyu,Zhou,ZHO,Alfa Romeo,Finished,1,25366.0,25366.0,18.0
1089,839,214,14,11,0.0,53,1,2022,16,Italian Grand Prix,2022-09-11,Esteban,Ocon,OCO,Alpine F1 Team,Finished,1,24336.0,24336.0,19.0
1089,854,210,17,12,0.0,53,1,2022,16,Italian Grand Prix,2022-09-11,Mick,Schumacher,MSC,Haas F1 Team,Finished,1,24817.0,24817.0,33.0
1089,822,51,15,13,0.0,52,11,2022,16,Italian Grand Prix,2022-09-11,Valtteri,Bottas,BOT,Alfa Romeo,+1 Lap,1,24758.0,24758.0,35.0
1089,852,213,20,14,0.0,52,11,2022,16,Italian Grand Prix,2022-09-11,Yuki,Tsunoda,TSU,AlphaTauri,+1 Lap,2,47913.0,23956.5,19.0
1089,849,3,10,15,0.0,52,11,2022,16,Italian Grand Prix,2022-09-11,Nicholas,Latifi,LAT,Williams,+1 Lap,2,51045.0,25522.5,15.0
1089,825,210,16,16,0.0,52,11,2022,16,Italian Grand Prix,2022-09-11,Kevin,Magnussen,MAG,Haas F1 Team,+1 Lap,2,55010.0,27505.0,24.0
1089,817,1,4,17,0.0,45,44,2022,16,Italian Grand Prix,2022-09-11,Daniel,Ricciardo,RIC,McLaren,Oil leak,1,25164.0,25164.0,19.0
1089,840,117,12,18,0.0,39,5,2022,16,Italian Grand Prix,2022-09-11,Lance,Stroll,STR,Aston Martin,Engine,1,24254.0,24254.0,18.0
1089,4,214,6,19,0.0,31,34,2022,16,Italian Grand Prix,2022-09-11,Fernando,Alonso,ALO,Alpine F1 Team,Water pressure,0,,,
1089,20,117,11,20,0.0,10,5,2022,16,Italian Grand Prix,2022-09-11,Sebastian,Vettel,VET,Aston Martin,Engine,0,,,
1091,815,9,2,1,25.0,59,1,2022,17,Singapore Grand Prix,2022-10-02,Sergio,Pérez,PER,Red Bull,Finished,1,29550.0,29550.0,35.0
1091,844,6,1,2,18.0,59,1,2022,17,Singapore Grand Prix,2022-10-02,Charles,Leclerc,LEC,Ferrari,Finished,1,32058.0,32058.0,34.0
1091,832,6,4,3,15.0,59,1,2022,17,Singapore Grand Prix,2022-10-02,Carlos,Sainz,SAI,Ferrari,Finished,1,30603.0,30603.0,35.0
1091,846,1,6,4,12.0,59,1,2022,17,Singapore Grand Prix,2022-10-02,Lando,Norris,NOR,McLaren,Finished,1,30528.0,30528.0,36.0
1091,817,1,16,5,10.0,59,1,2022,17,Singapore Grand Prix,2022-10-02,Daniel,Ricciardo,RIC,McLaren,Finished,1,30946.0,30946.0,36.0
1091,840,117,11,6,8.0,59,1,2022,17,Singapore Grand Prix,2022-10-02,Lance,Stroll,STR,Aston Martin,Finished,1,29863.0,29863.0,35.0
1091,830,9,8,7,6.0,59,1,2022,17,Singapore Grand Prix,2022-10-02,Max,Verstappen,VER,Red Bull,Finished,2,59182.0,29591.0,35.0
1091,20,117,13,8,4.0,59,1,2022,17,Singapore Grand Prix,2022-10-02,Sebastian,Vettel,VET,Aston Martin,Finished,1,29704.0,29704.0,34.0
1091,1,131,3,9,2.0,59,1,2022,17,Singapore Grand Prix,2022-10-02,Lewis,Hamilton,HAM,Mercedes,Finished,1,41019.0,41019.0,34.0
1091,842,213,7,10,1.0,59,1,2022,17,Singapore Grand Prix,2022-10-02,Pierre,Gasly,GAS,AlphaTauri,Finished,1,29867.0,29867.0,33.0
1091,822,51,15,11,0.0,59,1,2022,17,Singapore Grand Prix,2022-10-02,Valtteri,Bottas,BOT,Alfa Romeo,Finished,1,32167.0,32167.0,33.0
1091,825,210,9,12,0.0,59,1,2022,17,Singapore Grand Prix,2022-10-02,Kevin,Magnussen,MAG,Haas F1 Team,Finished,2,71850.0,35925.0,7.0
1091,854,210,12,13,0.0,58,11,2022,17,Singapore Grand Prix,2022-10-02,Mick,Schumacher,MSC,Haas F1 Team,+1 Lap,2,65923.0,32961.5,34.0
1091,847,131,0,14,0.0,57,12,2022,17,Singapore Grand Prix,2022-10-02,George,Russell,RUS,Mercedes,+2 Laps,4,123195.0,30798.75,21.0
1091,852,213,10,15,0.0,34,3,2022,17,Singapore Grand Prix,2022-10-02,Yuki,Tsunoda,TSU,AlphaTauri,Accident,1,31293.0,31293.0,33.0
1091,839,214,17,16,0.0,26,5,2022,17,Singapore Grand Prix,2022-10-02,Esteban,Ocon,OCO,Alpine F1 Team,Engine,0,,,
1091,848,3,18,17,0.0,25,130,2022,17,Singapore Grand Prix,2022-10-02,Alexander,Albon,ALB,Williams,Collision damage,0,,,
1091,4,214,5,18,0.0,20,5,2022,17,Singapore Grand Prix,2022-10-02,Fernando,Alonso,ALO,Alpine F1 Team,Engine,0,,,
1091,849,3,19,19,0.0,7,130,2022,17,Singapore Grand Prix,2022-10-02,Nicholas,Latifi,LAT,Williams,Collision damage,0,,,
1091,855,51,14,20,0.0,6,4,2022,17,Singapore Grand Prix,2022-10-02,Guanyu,Zhou,ZHO,Alfa Romeo,Collision,0,,,
1092,830,9,1,1,25.0,28,1,2022,18,Japanese Grand Prix,2022-10-09,Max,Verstappen,VER,Red Bull,Finished,2,411707.0,205853.5,2.0
1092,815,9,4,2,18.0,28,1,2022,18,Japanese Grand Prix,2022-10-09,Sergio,Pérez,PER,Red Bull,Finished,2,417839.0,208919.5,2.0
1092,844,6,2,3,15.0,28,1,2022,18,Japanese Grand Prix,2022-10-09,Charles,Leclerc,LEC,Ferrari,Finished,2,415872.0,207936.0,2.0
1092,839,214,5,4,12.0,28,1,2022,18,Japanese Grand Prix,2022-10-09,Esteban,Ocon,OCO,Alpine F1 Team,Finished,2,418773.0,209386.5,2.0
1092,1,131,6,5,10.0,28,1,2022,18,Japanese Grand Prix,2022-10-09,Lewis,Hamilton,HAM,Mercedes,Finished,2,421563.0,210781.5,2.0
1092,20,117,9,6,8.0,28,1,2022,18,Japanese Grand Prix,2022-10-09,Sebastian,Vettel,VET,Aston Martin,Finished,2,433865.0,216932.5,2.0
1092,4,214,7,7,6.0,28,1,2022,18,Japanese Grand Prix,2022-10-09,Fernando,Alonso,ALO,Alpine F1 Team,Finished,3,445066.0,148355.33333333334,2.0
1092,847,131,8,8,4.0,28,1,2022,18,Japanese Grand Prix,2022-10-09,George,Russell,RUS,Mercedes,Finished,2,429785.0,214892.5,2.0
1092,849,3,20,9,2.0,28,1,2022,18,Japanese Grand Prix,2022-10-09,Nicholas,Latifi,LAT,Williams,Finished,2,432458.0,216229.0,2.0
1092,846,1,10,10,1.0,28,1,2022,18,Japanese Grand Prix,2022-10-09,Lando,Norris,NOR,McLaren,Finished,2,430851.0,215425.5,2.0
1092,817,1,11,11,0.0,28,1,2022,18,Japanese Grand Prix,2022-10-09,Daniel,Ricciardo,RIC,McLaren,Finished,2,427126.0,213563.0,2.0
1092,840,117,19,12,0.0,28,1,2022,18,Japanese Grand Prix,2022-10-09,Lance,Stroll,STR,Aston Martin,Finished,3,448338.0,149446.0,2.0
1092,852,213,13,13,0.0,28,1,2022,18,Japanese Grand Prix,2022-10-09,Yuki,Tsunoda,TSU,AlphaTauri,Finished,3,450673.0,150224.33333333334,2.0
1092,825,210,18,14,0.0,28,1,2022,18,Japanese Grand Prix,2022-10-09,Kevin,Magnussen,MAG,Haas F1 Team,Finished,2,427623.0,213811.5,2.0
1092,822,51,12,15,0.0,28,1,2022,18,Japanese Grand Prix,2022-10-09,Valtteri,Bottas,BOT,Alfa Romeo,Finished,2,432422.0,216211.0,2.0
1092,855,51,14,16,0.0,28,1,2022,18,Japanese Grand Prix,2022-10-09,Guanyu,Zhou,ZHO,Alfa Romeo,Finished,3,458834.0,152944.66666666666,2.0
1092,854,210,15,17,0.0,28,1,2022,18,Japanese Grand Prix,2022-10-09,Mick,Schumacher,MSC,Haas F1 Team,Finished,2,425465.0,212732.5,2.0
1092,842,213,17,18,0.0,28,1,2022,18,Japanese Grand Prix,2022-10-09,Pierre,Gasly,GAS,AlphaTauri,Finished,4,499262.0,124815.5,1.0
1092,832,6,3,19,0.0,0,3,2022,18,Japanese Grand Prix,2022-10-09,Carlos,Sainz,SAI,Ferrari,Accident,0,,,
1092,848,3,16,20,0.0,0,9,2022,18,Japanese Grand Prix,2022-10-09,Alexander,Albon,ALB,Williams,Hydraulics,0,,,
1093,830,9,2,1,25.0,56,1,2022,19,United States Grand Prix,2022-10-23,Max,Verstappen,VER,Red Bull,Finished,2,56120.0,28060.0,13.0
1093,1,131,3,2,18.0,56,1,2022,19,United States Grand Prix,2022-10-23,Lewis,Hamilton,HAM,Mercedes,Finished,2,48497.0,24248.5,12.0
1093,844,6,12,3,15.0,56,1,2022,19,United States Grand Prix,2022-10-23,Charles,Leclerc,LEC,Ferrari,Finished,2,48069.0,24034.5,18.0
1093,815,9,9,4,12.0,56,1,2022,19,United States Grand Prix,2022-10-23,Sergio,Pérez,PER,Red Bull,Finished,2,48204.0,24102.0,14.0
1093,847,131,4,5,11.0,56,1,2022,19,United States Grand Prix,2022-10-23,George,Russell,RUS,Mercedes,Finished,3,78494.0,26164.666666666668,13.0
1093,846,1,6,6,8.0,56,1,2022,19,United States Grand Prix,2022-10-23,Lando,Norris,NOR,McLaren,Finished,2,47728.0,23864.0,14.0
1093,4,214,14,7,6.0,56,1,2022,19,United States Grand Prix,2022-10-23,Fernando,Alonso,ALO,Alpine F1 Team,Finished,2,63577.0,31788.5,18.0
1093,20,117,10,8,4.0,56,1,2022,19,United States Grand Prix,2022-10-23,Sebastian,Vettel,VET,Aston Martin,Finished,2,62464.0,31232.0,18.0
1093,825,210,13,9,2.0,56,1,2022,19,United States Grand Prix,2022-10-23,Kevin,Magnussen,MAG,Haas F1 Team,Finished,1,29039.0,29039.0,18.0
1093,852,213,19,10,1.0,56,1,2022,19,United States Grand Prix,2022-10-23,Yuki,Tsunoda,TSU,AlphaTauri,Finished,2,46929.0,23464.5,10.0
1093,839,214,0,11,0.0,56,1,2022,19,United States Grand Prix,2022-10-23,Esteban,Ocon,OCO,Alpine F1 Team,Finished,2,49527.0,24763.5,18.0
1093,855,51,18,12,0.0,56,1,2022,19,United States Grand Prix,2022-10-23,Guanyu,Zhou,ZHO,Alfa Romeo,Finished,2,52341.0,26170.5,9.0
1093,848,3,8,13,0.0,56,1,2022,19,United States Grand Prix,2022-10-23,Alexander,Albon,ALB,Williams,Finished,2,48935.0,24467.5,9.0
1093,842,213,11,14,0.0,56,1,2022,19,United States Grand Prix,2022-10-23,Pierre,Gasly,GAS,AlphaTauri,Finished,2,52588.0,26294.0,11.0
1093,854,210,16,15,0.0,56,1,2022,19,United States Grand Prix,2022-10-23,Mick,Schumacher,MSC,Haas F1 Team,Finished,2,49860.0,24930.0,18.0
1093,817,1,15,16,0.0,56,1,2022,19,United States Grand Prix,2022-10-23,Daniel,Ricciardo,RIC,McLaren,Finished,2,50642.0,25321.0,10.0
1093,849,3,17,17,0.0,56,1,2022,19,United States Grand Prix,2022-10-23,Nicholas,Latifi,LAT,Williams,Finished,2,49516.0,24758.0,5.0
1093,840,117,5,18,0.0,21,4,2022,19,United States Grand Prix,2022-10-23,Lance,Stroll,STR,Aston Martin,Collision,1,25417.0,25417.0,15.0
1093,822,51,7,19,0.0,16,20,2022,19,United States Grand Prix,2022-10-23,Valtteri,Bottas,BOT,Alfa Romeo,Spun off,1,25013.0,25013.0,10.0
1093,832,6,1,20,0.0,1,130,2022,19,United States Grand Prix,2022-10-23,Carlos,Sainz,SAI,Ferrari,Collision damage,0,,,
1094,830,9,1,1,25.0,71,1,2022,20,Mexico City Grand Prix,2022-10-30,Max,Verstappen,VER,Red Bull,Finished,1,22487.0,22487.0,25.0
1094,1,131,3,2,18.0,71,1,2022,20,Mexico City Grand Prix,2022-10-30,Lewis,Hamilton,HAM,Mercedes,Finished,1,23194.0,23194.0,29.0
1094,815,9,4,3,15.0,71,1,2022,20,Mexico City Grand Prix,2022-10-30,Sergio,Pérez,PER,Red Bull,Finished,1,24892.0,24892.0,23.0
1094,847,131,2,4,13.0,71,1,2022,20,Mexico City Grand Prix,2022-10-30,George,Russell,RUS,Mercedes,Finished,2,45913.0,22956.5,34.0
1094,832,6,5,5,10.0,71,1,2022,20,Mexico City Grand Prix,2022-10-30,Carlos,Sainz,SAI,Ferrari,Finished,1,23469.0,23469.0,29.0
1094,844,6,7,6,8.0,71,1,2022,20,Mexico City Grand Prix,2022-10-30,Charles,Leclerc,LEC,Ferrari,Finished,1,22193.0,22193.0,28.0
1094,817,1,11,7,6.0,70,11,2022,20,Mexico City Grand Prix,2022-10-30,Daniel,Ricciardo,RIC,McLaren,+1 Lap,1,22280.0,22280.0,44.0
1094,839,214,10,8,4.0,70,11,2022,20,Mexico City Grand Prix,2022-10-30,Esteban,Ocon,OCO,Alpine F1 Team,+1 Lap,1,22343.0,22343.0,33.0
1094,846,1,8,9,2.0,70,11,2022,20,Mexico City Grand Prix,2022-10-30,Lando,Norris,NOR,McLaren,+1 Lap,1,22585.0,22585.0,31.0
1094,822,51,6,10,1.0,70,11,2022,20,Mexico City Grand Prix,2022-10-30,Valtteri,Bottas,BOT,Alfa Romeo,+1 Lap,1,23863.0,23863.0,39.0
1094,842,213,14,11,0.0,70,11,2022,20,Mexico City Grand Prix,2022-10-30,Pierre,Gasly,GAS,AlphaTauri,+1 Lap,1,29168.0,29168.0,40.0
1094,848,3,17,12,0.0,70,11,2022,20,Mexico City Grand Prix,2022-10-30,Alexander,Albon,ALB,Williams,+1 Lap,1,23182.0,23182.0,38.0
1094,855,51,12,13,0.0,70,11,2022,20,Mexico City Grand Prix,2022-10-30,Guanyu,Zhou,ZHO,Alfa Romeo,+1 Lap,1,24218.0,24218.0,45.0
1094,20,117,16,14,0.0,70,11,2022,20,Mexico City Grand Prix,2022-10-30,Sebastian,Vettel,VET,Aston Martin,+1 Lap,1,22534.0,22534.0,38.0
1094,840,117,20,15,0.0,70,11,2022,20,Mexico City Grand Prix,2022-10-30,Lance,Stroll,STR,Aston Martin,+1 Lap,2,46628.0,23314.0,17.0
1094,854,210,15,16,0.0,70,11,2022,20,Mexico City Grand Prix,2022-10-30,Mick,Schumacher,MSC,Haas F1 Team,+1 Lap,1,23679.0,23679.0,24.0
1094,825,210,19,17,0.0,70,11,2022,20,Mexico City Grand Prix,2022-10-30,Kevin,Magnussen,MAG,Haas F1 Team,+1 Lap,1,23722.0,23722.0,38.0
1094,849,3,18,18,0.0,69,12,2022,20,Mexico City Grand Prix,2022-10-30,Nicholas,Latifi,LAT,Williams,+2 Laps,2,47865.0,23932.5,23.0
1094,4,214,9,19,0.0,63,5,2022,20,Mexico City Grand Prix,2022-10-30,Fernando,Alonso,ALO,Alpine F1 Team,Engine,1,23159.0,23159.0,40.0
1094,852,213,13,20,0.0,50,130,2022,20,Mexico City Grand Prix,2022-10-30,Yuki,Tsunoda,TSU,AlphaTauri,Collision damage,1,22468.0,22468.0,29.0
1095,847,131,1,1,26.0,71,1,2022,21,São Paulo Grand Prix,2022-11-13,George,Russell,RUS,Mercedes,Finished,2,47001.0,23500.5,24.0
1095,1,131,2,2,18.0,71,1,2022,21,São Paulo Grand Prix,2022-11-13,Lewis,Hamilton,HAM,Mercedes,Finished,2,47496.0,23748.0,29.0
1095,832,6,7,3,15.0,71,1,2022,21,São Paulo Grand Prix,2022-11-13,Carlos,Sainz,SAI,Ferrari,Finished,3,72505.0,24168.333333333332,17.0
1095,844,6,5,4,12.0,71,1,2022,21,São Paulo Grand Prix,2022-11-13,Charles,Leclerc,LEC,Ferrari,Finished,3,76376.0,25458.666666666668,7.0
1095,4,214,17,5,10.0,71,1,2022,21,São Paulo Grand Prix,2022-11-13,Fernando,Alonso,ALO,Alpine F1 Team,Finished,3,76123.0,25374.333333333332,14.0
1095,830,9,3,6,8.0,71,1,2022,21,São Paulo Grand Prix,2022-11-13,Max,Verstappen,VER,Red Bull,Finished,3,86726.0,28908.666666666668,7.0
1095,815,9,4,7,6.0,71,1,2022,21,São Paulo Grand Prix,2022-11-13,Sergio,Pérez,PER,Red Bull,Finished,2,46021.0,23010.5,23.0
1095,839,214,16,8,4.0,71,1,2022,21,São Paulo Grand Prix,2022-11-13,Esteban,Ocon,OCO,Alpine F1 Team,Finished,2,48313.0,24156.5,24.0
1095,822,51,14,9,2.0,71,1,2022,21,São Paulo Grand Prix,2022-11-13,Valtteri,Bottas,BOT,Alfa Romeo,Finished,2,48524.0,24262.0,24.0
1095,840,117,15,10,1.0,71,1,2022,21,São Paulo Grand Prix,2022-11-13,Lance,Stroll,STR,Aston Martin,Finished,2,47233.0,23616.5,29.0
1095,20,117,9,11,0.0,71,1,2022,21,São Paulo Grand Prix,2022-11-13,Sebastian,Vettel,VET,Aston Martin,Finished,2,48276.0,24138.0,26.0
1095,855,51,13,12,0.0,71,1,2022,21,São Paulo Grand Prix,2022-11-13,Guanyu,Zhou,ZHO,Alfa Romeo,Finished,2,49443.0,24721.5,16.0
1095,854,210,12,13,0.0,71,1,2022,21,São Paulo Grand Prix,2022-11-13,Mick,Schumacher,MSC,Haas F1 Team,Finished,2,49643.0,24821.5,24.0
1095,842,213,10,14,0.0,71,1,2022,21,São Paulo Grand Prix,2022-11-13,Pierre,Gasly,GAS,AlphaTauri,Finished,3,69797.0,23265.666666666668,19.0
1095,848,3,19,15,0.0,71,1,2022,21,São Paulo Grand Prix,2022-11-13,Alexander,Albon,ALB,Williams,Finished,3,71035.0,23678.333333333332,4.0
1095,849,3,18,16,0.0,71,1,2022,21,São Paulo Grand Prix,2022-11-13,Nicholas,Latifi,LAT,Williams,Finished,3,76739.0,25579.666666666668,20.0
1095,852,213,0,17,0.0,70,11,2022,21,São Paulo Grand Prix,2022-11-13,Yuki,Tsunoda,TSU,AlphaTauri,+1 Lap,3,70567.0,23522.333333333332,20.0
1095,846,1,6,18,0.0,50,6,2022,21,São Paulo Grand Prix,2022-11-13,Lando,Norris,NOR,McLaren,Gearbox,2,54007.0,27003.5,24.0
1095,825,210,8,19,0.0,0,4,2022,21,São Paulo Grand Prix,2022-11-13,Kevin,Magnussen,MAG,Haas F1 Team,Collision,0,,,
1095,817,1,11,20,0.0,0,4,2022,21,São Paulo Grand Prix,2022-11-13,Daniel,Ricciardo,RIC,McLaren,Collision,0,,,
1096,830,9,1,1,25.0,58,1,2022,22,Abu Dhabi Grand Prix,2022-11-20,Max,Verstappen,VER,Red Bull,Finished,1,22735.0,22735.0,20.0
1096,844,6,3,2,18.0,58,1,2022,22,Abu Dhabi Grand Prix,2022-11-20,Charles,Leclerc,LEC,Ferrari,Finished,1,22210.0,22210.0,21.0
1096,815,9,2,3,15.0,58,1,2022,22,Abu Dhabi Grand Prix,2022-11-20,Sergio,Pérez,PER,Red Bull,Finished,2,42727.0,21363.5,15.0
1096,832,6,4,4,12.0,58,1,2022,22,Abu Dhabi Grand Prix,2022-11-20,Carlos,Sainz,SAI,Ferrari,Finished,2,43505.0,21752.5,17.0
1096,847,131,6,5,10.0,58,1,2022,22,Abu Dhabi Grand Prix,2022-11-20,George,Russell,RUS,Mercedes,Finished,2,52174.0,26087.0,15.0
1096,846,1,7,6,9.0,58,1,2022,22,Abu Dhabi Grand Prix,2022-11-20,Lando,Norris,NOR,McLaren,Finished,2,43793.0,21896.5,15.0
1096,839,214,8,7,6.0,58,1,2022,22,Abu Dhabi Grand Prix,2022-11-20,Esteban,Ocon,OCO,Alpine F1 Team,Finished,2,43629.0,21814.5,14.0
1096,840,117,14,8,4.0,58,1,2022,22,Abu Dhabi Grand Prix,2022-11-20,Lance,Stroll,STR,Aston Martin,Finished,2,43616.0,21808.0,13.0
1096,817,1,13,9,2.0,58,1,2022,22,Abu Dhabi Grand Prix,2022-11-20,Daniel,Ricciardo,RIC,McLaren,Finished,1,21893.0,21893.0,19.0
1096,20,117,9,10,1.0,58,1,2022,22,Abu Dhabi Grand Prix,2022-11-20,Sebastian,Vettel,VET,Aston Martin,Finished,1,23186.0,23186.0,25.0
1096,852,213,11,11,0.0,58,1,2022,22,Abu Dhabi Grand Prix,2022-11-20,Yuki,Tsunoda,TSU,AlphaTauri,Finished,2,43853.0,21926.5,14.0
1096,855,51,15,12,0.0,57,11,2022,22,Abu Dhabi Grand Prix,2022-11-20,Guanyu,Zhou,ZHO,Alfa Romeo,+1 Lap,2,45594.0,22797.0,15.0
1096,848,3,19,13,0.0,57,11,2022,22,Abu Dhabi Grand Prix,2022-11-20,Alexander,Albon,ALB,Williams,+1 Lap,2,43591.0,21795.5,12.0
1096,842,213,17,14,0.0,57,11,2022,22,Abu Dhabi Grand Prix,2022-11-20,Pierre,Gasly,GAS,AlphaTauri,+1 Lap,1,21855.0,21855.0,14.0
1096,822,51,18,15,0.0,57,11,2022,22,Abu Dhabi Grand Prix,2022-11-20,Valtteri,Bottas,BOT,Alfa Romeo,+1 Lap,1,22573.0,22573.0,30.0
1096,854,210,12,16,0.0,57,11,2022,22,Abu Dhabi Grand Prix,2022-11-20,Mick,Schumacher,MSC,Haas F1 Team,+1 Lap,2,45806.0,22903.0,14.0
1096,825,210,16,17,0.0,57,11,2022,22,Abu Dhabi Grand Prix,2022-11-20,Kevin,Magnussen,MAG,Haas F1 Team,+1 Lap,1,22387.0,22387.0,28.0
1096,1,131,5,18,0.0,55,9,2022,22,Abu Dhabi Grand Prix,2022-11-20,Lewis,Hamilton,HAM,Mercedes,Hydraulics,1,21270.0,21270.0,18.0
1096,849,3,20,19,0.0,55,130,2022,22,Abu Dhabi Grand Prix,2022-11-20,Nicholas,Latifi,LAT,Williams,Collision damage,2,47597.0,23798.5,15.0
1096,4,214,10,20,0.0,27,47,2022,22,Abu Dhabi Grand Prix,2022-11-20,Fernando,Alonso,ALO,Alpine F1 Team,Water leak,1,21740.0,21740.0,19.0
1098,830,9,1,1,25.0,57,1,2023,1,Bahrain Grand Prix,2023-03-05,Max,Verstappen,VER,Red Bull,Finished,2,49199.0,24599.5,14.0
1098,815,9,2,2,18.0,57,1,2023,1,Bahrain Grand Prix,2023-03-05,Sergio,Pérez,PER,Red Bull,Finished,2,49355.0,24677.5,17.0
1098,4,117,5,3,15.0,57,1,2023,1,Bahrain Grand Prix,2023-03-05,Fernando,Alonso,ALO,Aston Martin,Finished,2,50669.0,25334.5,14.0
1098,832,6,4,4,12.0,57,1,2023,1,Bahrain Grand Prix,2023-03-05,Carlos,Sainz,SAI,Ferrari,Finished,2,48727.0,24363.5,13.0
1098,1,131,7,5,10.0,57,1,2023,1,Bahrain Grand Prix,2023-03-05,Lewis,Hamilton,HAM,Mercedes,Finished,2,49372.0,24686.0,12.0
1098,840,117,8,6,8.0,57,1,2023,1,Bahrain Grand Prix,2023-03-05,Lance,Stroll,STR,Aston Martin,Finished,2,50088.0,25044.0,15.0
1098,847,131,6,7,6.0,57,1,2023,1,Bahrain Grand Prix,2023-03-05,George,Russell,RUS,Mercedes,Finished,2,51468.0,25734.0,13.0
1098,822,51,12,8,4.0,57,1,2023,1,Bahrain Grand Prix,2023-03-05,Valtteri,Bottas,BOT,Alfa Romeo,Finished,2,51042.0,25521.0,11.0
1098,842,214,20,9,2.0,57,1,2023,1,Bahrain Grand Prix,2023-03-05,Pierre,Gasly,GAS,Alpine F1 Team,Finished,3,75500.0,25166.666666666668,9.0
1098,848,3,15,10,1.0,57,1,2023,1,Bahrain Grand Prix,2023-03-05,Alexander,Albon,ALB,Williams,Finished,3,74432.0,24810.666666666668,11.0
1098,852,213,14,11,0.0,57,1,2023,1,Bahrain Grand Prix,2023-03-05,Yuki,Tsunoda,TSU,AlphaTauri,Finished,3,75457.0,25152.333333333332,10.0
1098,858,3,16,12,0.0,56,11,2023,1,Bahrain Grand Prix,2023-03-05,Logan,Sargeant,SAR,Williams,+1 Lap,3,76317.0,25439.0,12.0
1098,825,210,17,13,0.0,56,11,2023,1,Bahrain Grand Prix,2023-03-05,Kevin,Magnussen,MAG,Haas F1 Team,+1 Lap,3,75908.0,25302.666666666668,15.0
1098,856,213,19,14,0.0,56,11,2023,1,Bahrain Grand Prix,2023-03-05,Nyck,de Vries,DEV,AlphaTauri,+1 Lap,2,50252.0,25126.0,11.0
1098,807,210,10,15,0.0,56,11,2023,1,Bahrain Grand Prix,2023-03-05,Nico,Hülkenberg,HUL,Haas F1 Team,+1 Lap,3,90924.0,30308.0,11.0
1098,855,51,13,16,0.0,56,11,2023,1,Bahrain Grand Prix,2023-03-05,Guanyu,Zhou,ZHO,Alfa Romeo,+1 Lap,3,81236.0,27078.666666666668,12.0
1098,846,1,11,17,0.0,55,12,2023,1,Bahrain Grand Prix,2023-03-05,Lando,Norris,NOR,McLaren,+2 Laps,6,195334.0,32555.666666666668,10.0
1098,839,214,9,18,0.0,41,26,2023,1,Bahrain Grand Prix,2023-03-05,Esteban,Ocon,OCO,Alpine F1 Team,Mechanical,3,110946.0,36982.0,12.0
1098,844,6,3,19,0.0,39,5,2023,1,Bahrain Grand Prix,2023-03-05,Charles,Leclerc,LEC,Ferrari,Engine,2,48989.0,24494.5,13.0
1098,857,1,18,20,0.0,13,10,2023,1,Bahrain Grand Prix,2023-03-05,Oscar,Piastri,PIA,McLaren,Electrical,0,,,
1099,815,9,1,1,25.0,50,1,2023,2,Saudi Arabian Grand Prix,2023-03-19,Sergio,Pérez,PER,Red Bull,Finished,1,20715.0,20715.0,18.0
1099,830,9,15,2,19.0,50,1,2023,2,Saudi Arabian Grand Prix,2023-03-19,Max,Verstappen,VER,Red Bull,Finished,1,20824.0,20824.0,18.0
1099,4,117,2,3,15.0,50,1,2023,2,Saudi Arabian Grand Prix,2023-03-19,Fernando,Alonso,ALO,Aston Martin,Finished,1,26879.0,26879.0,18.0
1099,847,131,3,4,12.0,50,1,2023,2,Saudi Arabian Grand Prix,2023-03-19,George,Russell,RUS,Mercedes,Finished,1,20828.0,20828.0,18.0
1099,1,131,7,5,10.0,50,1,2023,2,Saudi Arabian Grand Prix,2023-03-19,Lewis,Hamilton,HAM,Mercedes,Finished,1,21102.0,21102.0,18.0
1099,832,6,4,6,8.0,50,1,2023,2,Saudi Arabian Grand Prix,2023-03-19,Carlos,Sainz,SAI,Ferrari,Finished,1,20760.0,20760.0,15.0
1099,844,6,12,7,6.0,50,1,2023,2,Saudi Arabian Grand Prix,2023-03-19,Charles,Leclerc,LEC,Ferrari,Finished,1,20026.0,20026.0,16.0
1099,839,214,6,8,4.0,50,1,2023,2,Saudi Arabian Grand Prix,2023-03-19,Esteban,Ocon,OCO,Alpine F1 Team,Finished,1,20762.0,20762.0,16.0
1099,842,214,9,9,2.0,50,1,2023,2,Saudi Arabian Grand Prix,2023-03-19,Pierre,Gasly,GAS,Alpine F1 Team,Finished,1,20719.0,20719.0,14.0
1099,825,210,13,10,1.0,50,1,2023,2,Saudi Arabian Grand Prix,2023-03-19,Kevin,Magnussen,MAG,Haas F1 Team,Finished,1,20870.0,20870.0,8.0
1099,852,213,16,11,0.0,50,1,2023,2,Saudi Arabian Grand Prix,2023-03-19,Yuki,Tsunoda,TSU,AlphaTauri,Finished,1,21414.0,21414.0,17.0
1099,807,210,10,12,0.0,50,1,2023,2,Saudi Arabian Grand Prix,2023-03-19,Nico,Hülkenberg,HUL,Haas F1 Team,Finished,1,21567.0,21567.0,11.0
1099,855,51,11,13,0.0,50,1,2023,2,Saudi Arabian Grand Prix,2023-03-19,Guanyu,Zhou,ZHO,Alfa Romeo,Finished,2,42985.0,21492.5,11.0
1099,856,213,18,14,0.0,50,1,2023,2,Saudi Arabian Grand Prix,2023-03-19,Nyck,de Vries,DEV,AlphaTauri,Finished,1,21116.0,21116.0,17.0
1099,857,1,8,15,0.0,50,1,2023,2,Saudi Arabian Grand Prix,2023-03-19,Oscar,Piastri,PIA,McLaren,Finished,1,31534.0,31534.0,1.0
1099,858,3,20,16,0.0,50,1,2023,2,Saudi Arabian Grand Prix,2023-03-19,Logan,Sargeant,SAR,Williams,Finished,1,21064.0,21064.0,18.0
1099,846,1,19,17,0.0,50,1,2023,2,Saudi Arabian Grand Prix,2023-03-19,Lando,Norris,NOR,McLaren,Finished,2,50796.0,25398.0,2.0
1099,822,51,14,18,0.0,49,11,2023,2,Saudi Arabian Grand Prix,2023-03-19,Valtteri,Bottas,BOT,Alfa Romeo,+1 Lap,3,65504.0,21834.666666666668,9.0
1099,848,3,17,19,0.0,27,23,2023,2,Saudi Arabian Grand Prix,2023-03-19,Alexander,Albon,ALB,Williams,Brakes,1,21397.0,21397.0,17.0
1099,840,117,5,20,0.0,16,5,2023,2,Saudi Arabian Grand Prix,2023-03-19,Lance,Stroll,STR,Aston Martin,Engine,1,21150.0,21150.0,13.0
1100,830,9,1,1,25.0,58,1,2023,3,Australian Grand Prix,2023-04-02,Max,Verstappen,VER,Red Bull,Finished,3,3649370.0,1216456.6666666667,8.0
1100,1,131,3,2,18.0,58,1,2023,3,Australian Grand Prix,2023-04-02,Lewis,Hamilton,HAM,Mercedes,Finished,3,3656286.0,1218762.0,8.0
1100,4,117,4,3,15.0,58,1,2023,3,Australian Grand Prix,2023-04-02,Fernando,Alonso,ALO,Aston Martin,Finished,3,3646319.0,1215439.6666666667,8.0
1100,840,117,6,4,12.0,58,1,2023,3,Australian Grand Prix,2023-04-02,Lance,Stroll,STR,Aston Martin,Finished,3,3648200.0,1216066.6666666667,8.0
1100,815,9,0,5,11.0,58,1,2023,3,Australian Grand Prix,2023-04-02,Sergio,Pérez,PER,Red Bull,Finished,5,3703013.0,740602.6,1.0
1100,846,1,13,6,8.0,58,1,2023,3,Australian Grand Prix,2023-04-02,Lando,Norris,NOR,McLaren,Finished,3,3679914.0,1226638.0,8.0
1100,807,210,10,7,6.0,58,1,2023,3,Australian Grand Prix,2023-04-02,Nico,Hülkenberg,HUL,Haas F1 Team,Finished,3,3676093.0,1225364.3333333333,8.0
1100,857,1,16,8,4.0,58,1,2023,3,Australian Grand Prix,2023-04-02,Oscar,Piastri,PIA,McLaren,Finished,4,3684862.0,921215.5,8.0
1100,855,51,17,9,2.0,58,1,2023,3,Australian Grand Prix,2023-04-02,Guanyu,Zhou,ZHO,Alfa Romeo,Finished,5,3685244.0,737048.8,1.0
1100,852,213,12,10,1.0,58,1,2023,3,Australian Grand Prix,2023-04-02,Yuki,Tsunoda,TSU,AlphaTauri,Finished,4,3663107.0,915776.75,8.0
1100,822,51,0,11,0.0,58,1,2023,3,Australian Grand Prix,2023-04-02,Valtteri,Bottas,BOT,Alfa Romeo,Finished,6,3662236.0,610372.6666666666,1.0
1100,832,6,5,12,0.0,58,1,2023,3,Australian Grand Prix,2023-04-02,Carlos,Sainz,SAI,Ferrari,Finished,4,3691821.0,922955.25,7.0
1100,842,214,9,13,0.0,56,4,2023,3,Australian Grand Prix,2023-04-02,Pierre,Gasly,GAS,Alpine F1 Team,Collision,2,1802206.0,901103.0,8.0
1100,839,214,11,14,0.0,56,4,2023,3,Australian Grand Prix,2023-04-02,Esteban,Ocon,OCO,Alpine F1 Team,Collision,3,1835789.0,611929.6666666666,1.0
1100,856,213,15,15,0.0,56,4,2023,3,Australian Grand Prix,2023-04-02,Nyck,de Vries,DEV,AlphaTauri,Collision,4,1755971.0,438992.75,8.0
1100,858,3,18,16,0.0,56,4,2023,3,Australian Grand Prix,2023-04-02,Logan,Sargeant,SAR,Williams,Collision,6,1800797.0,300132.8333333333,1.0
1100,825,210,14,17,0.0,52,3,2023,3,Australian Grand Prix,2023-04-02,Kevin,Magnussen,MAG,Haas F1 Team,Accident,2,961017.0,480508.5,7.0
1100,847,131,2,18,0.0,17,5,2023,3,Australian Grand Prix,2023-04-02,George,Russell,RUS,Mercedes,Engine,2,949970.0,474985.0,7.0
1100,848,3,8,19,0.0,6,3,2023,3,Australian Grand Prix,2023-04-02,Alexander,Albon,ALB,Williams,Accident,0,,,
1100,844,6,7,20,0.0,0,4,2023,3,Australian Grand Prix,2023-04-02,Charles,Leclerc,LEC,Ferrari,Collision,0,,,
1101,815,9,3,1,25.0,51,1,2023,4,Azerbaijan Grand Prix,2023-04-30,Sergio,Pérez,PER,Red Bull,Finished,1,20389.0,20389.0,11.0
1101,830,9,2,2,18.0,51,1,2023,4,Azerbaijan Grand Prix,2023-04-30,Max,Verstappen,VER,Red Bull,Finished,1,20707.0,20707.0,10.0
1101,844,6,1,3,15.0,51,1,2023,4,Azerbaijan Grand Prix,2023-04-30,Charles,Leclerc,LEC,Ferrari,Finished,1,21126.0,21126.0,11.0
1101,4,117,6,4,12.0,51,1,2023,4,Azerbaijan Grand Prix,2023-04-30,Fernando,Alonso,ALO,Aston Martin,Finished,1,23148.0,23148.0,11.0
1101,832,6,4,5,10.0,51,1,2023,4,Azerbaijan Grand Prix,2023-04-30,Carlos,Sainz,SAI,Ferrari,Finished,1,21970.0,21970.0,11.0
1101,1,131,5,6,8.0,51,1,2023,4,Azerbaijan Grand Prix,2023-04-30,Lewis,Hamilton,HAM,Mercedes,Finished,1,20324.0,20324.0,9.0
1101,840,117,9,7,6.0,51,1,2023,4,Azerbaijan Grand Prix,2023-04-30,Lance,Stroll,STR,Aston Martin,Finished,1,23161.0,23161.0,11.0
1101,847,131,11,8,5.0,51,1,2023,4,Azerbaijan Grand Prix,2023-04-30,George,Russell,RUS,Mercedes,Finished,2,41848.0,20924.0,11.0
1101,846,1,7,9,2.0,51,1,2023,4,Azerbaijan Grand Prix,2023-04-30,Lando,Norris,NOR,McLaren,Finished,1,20346.0,20346.0,9.0
1101,852,213,8,10,1.0,51,1,2023,4,Azerbaijan Grand Prix,2023-04-30,Yuki,Tsunoda,TSU,AlphaTauri,Finished,1,20497.0,20497.0,8.0
1101,857,1,10,11,0.0,51,1,2023,4,Azerbaijan Grand Prix,2023-04-30,Oscar,Piastri,PIA,McLaren,Finished,1,20902.0,20902.0,8.0
1101,848,3,12,12,0.0,51,1,2023,4,Azerbaijan Grand Prix,2023-04-30,Alexander,Albon,ALB,Williams,Finished,1,21103.0,21103.0,7.0
1101,825,210,16,13,0.0,51,1,2023,4,Azerbaijan Grand Prix,2023-04-30,Kevin,Magnussen,MAG,Haas F1 Team,Finished,1,30951.0,30951.0,10.0
1101,842,214,17,14,0.0,51,1,2023,4,Azerbaijan Grand Prix,2023-04-30,Pierre,Gasly,GAS,Alpine F1 Team,Finished,2,41404.0,20702.0,5.0
1101,839,214,0,15,0.0,51,1,2023,4,Azerbaijan Grand Prix,2023-04-30,Esteban,Ocon,OCO,Alpine F1 Team,Finished,1,20367.0,20367.0,50.0
1101,858,3,14,16,0.0,51,1,2023,4,Azerbaijan Grand Prix,2023-04-30,Logan,Sargeant,SAR,Williams,Finished,1,21015.0,21015.0,8.0
1101,807,210,0,17,0.0,50,11,2023,4,Azerbaijan Grand Prix,2023-04-30,Nico,Hülkenberg,HUL,Haas F1 Team,+1 Lap,1,24748.0,24748.0,49.0
1101,822,51,13,18,0.0,50,11,2023,4,Azerbaijan Grand Prix,2023-04-30,Valtteri,Bottas,BOT,Alfa Romeo,+1 Lap,3,64333.0,21444.333333333332,6.0
1101,855,51,15,19,0.0,36,25,2023,4,Azerbaijan Grand Prix,2023-04-30,Guanyu,Zhou,ZHO,Alfa Romeo,Overheating,1,22247.0,22247.0,11.0
1101,856,213,18,20,0.0,9,3,2023,4,Azerbaijan Grand Prix,2023-04-30,Nyck,de Vries,DEV,AlphaTauri,Accident,0,,,
1102,830,9,9,1,26.0,57,1,2023,5,Miami Grand Prix,2023-05-07,Max,Verstappen,VER,Red Bull,Finished,1,22688.0,22688.0,45.0
1102,815,9,1,2,18.0,57,1,2023,5,Miami Grand Prix,2023-05-07,Sergio,Pérez,PER,Red Bull,Finished,1,21884.0,21884.0,20.0
1102,4,117,2,3,15.0,57,1,2023,5,Miami Grand Prix,2023-05-07,Fernando,Alonso,ALO,Aston Martin,Finished,1,22631.0,22631.0,24.0
1102,847,131,6,4,12.0,57,1,2023,5,Miami Grand Prix,2023-05-07,George,Russell,RUS,Mercedes,Finished,1,22335.0,22335.0,17.0
1102,832,6,3,5,10.0,57,1,2023,5,Miami Grand Prix,2023-05-07,Carlos,Sainz,SAI,Ferrari,Finished,1,22278.0,22278.0,18.0
1102,1,131,13,6,8.0,57,1,2023,5,Miami Grand Prix,2023-05-07,Lewis,Hamilton,HAM,Mercedes,Finished,1,22150.0,22150.0,37.0
1102,844,6,7,7,6.0,57,1,2023,5,Miami Grand Prix,2023-05-07,Charles,Leclerc,LEC,Ferrari,Finished,1,22068.0,22068.0,17.0
1102,842,214,5,8,4.0,57,1,2023,5,Miami Grand Prix,2023-05-07,Pierre,Gasly,GAS,Alpine F1 Team,Finished,1,22417.0,22417.0,15.0
1102,839,214,8,9,2.0,57,1,2023,5,Miami Grand Prix,2023-05-07,Esteban,Ocon,OCO,Alpine F1 Team,Finished,1,21942.0,21942.0,39.0
1102,825,210,4,10,1.0,57,1,2023,5,Miami Grand Prix,2023-05-07,Kevin,Magnussen,MAG,Haas F1 Team,Finished,1,22616.0,22616.0,14.0
1102,852,213,17,11,0.0,57,1,2023,5,Miami Grand Prix,2023-05-07,Yuki,Tsunoda,TSU,AlphaTauri,Finished,1,22390.0,22390.0,36.0
1102,840,117,18,12,0.0,57,1,2023,5,Miami Grand Prix,2023-05-07,Lance,Stroll,STR,Aston Martin,Finished,1,22651.0,22651.0,42.0
1102,822,51,10,13,0.0,57,1,2023,5,Miami Grand Prix,2023-05-07,Valtteri,Bottas,BOT,Alfa Romeo,Finished,1,23158.0,23158.0,15.0
1102,848,3,11,14,0.0,57,1,2023,5,Miami Grand Prix,2023-05-07,Alexander,Albon,ALB,Williams,Finished,1,22482.0,22482.0,22.0
1102,807,210,12,15,0.0,57,1,2023,5,Miami Grand Prix,2023-05-07,Nico,Hülkenberg,HUL,Haas F1 Team,Finished,1,23120.0,23120.0,33.0
1102,855,51,14,16,0.0,57,1,2023,5,Miami Grand Prix,2023-05-07,Guanyu,Zhou,ZHO,Alfa Romeo,Finished,1,22796.0,22796.0,31.0
1102,846,1,16,17,0.0,57,1,2023,5,Miami Grand Prix,2023-05-07,Lando,Norris,NOR,McLaren,Finished,1,24090.0,24090.0,4.0
1102,856,213,15,18,0.0,57,1,2023,5,Miami Grand Prix,2023-05-07,Nyck,de Vries,DEV,AlphaTauri,Finished,1,23487.0,23487.0,15.0
1102,857,1,19,19,0.0,56,11,2023,5,Miami Grand Prix,2023-05-07,Oscar,Piastri,PIA,McLaren,+1 Lap,1,22205.0,22205.0,5.0
1102,858,3,20,20,0.0,56,11,2023,5,Miami Grand Prix,2023-05-07,Logan,Sargeant,SAR,Williams,+1 Lap,1,48938.0,48938.0,2.0
1104,830,9,1,1,25.0,78,1,2023,6,Monaco Grand Prix,2023-05-28,Max,Verstappen,VER,Red Bull,Finished,1,24798.0,24798.0,55.0
1104,4,117,2,2,18.0,78,1,2023,6,Monaco Grand Prix,2023-05-28,Fernando,Alonso,ALO,Aston Martin,Finished,2,50330.0,25165.0,54.0
1104,839,214,3,3,15.0,78,1,2023,6,Monaco Grand Prix,2023-05-28,Esteban,Ocon,OCO,Alpine F1 Team,Finished,2,50540.0,25270.0,32.0
1104,1,131,5,4,13.0,78,1,2023,6,Monaco Grand Prix,2023-05-28,Lewis,Hamilton,HAM,Mercedes,Finished,2,51279.0,25639.5,31.0
1104,847,131,8,5,10.0,78,1,2023,6,Monaco Grand Prix,2023-05-28,George,Russell,RUS,Mercedes,Finished,1,30980.0,30980.0,54.0
1104,844,6,6,6,8.0,78,1,2023,6,Monaco Grand Prix,2023-05-28,Charles,Leclerc,LEC,Ferrari,Finished,2,49905.0,24952.5,44.0
1104,842,214,7,7,6.0,78,1,2023,6,Monaco Grand Prix,2023-05-28,Pierre,Gasly,GAS,Alpine F1 Team,Finished,2,53851.0,26925.5,47.0
1104,832,6,4,8,4.0,78,1,2023,6,Monaco Grand Prix,2023-05-28,Carlos,Sainz,SAI,Ferrari,Finished,2,53552.0,26776.0,33.0
1104,846,1,10,9,2.0,77,11,2023,6,Monaco Grand Prix,2023-05-28,Lando,Norris,NOR,McLaren,+1 Lap,2,58091.0,29045.5,50.0
1104,857,1,11,10,1.0,77,11,2023,6,Monaco Grand Prix,2023-05-28,Oscar,Piastri,PIA,McLaren,+1 Lap,1,25851.0,25851.0,54.0
1104,822,51,15,11,0.0,77,11,2023,6,Monaco Grand Prix,2023-05-28,Valtteri,Bottas,BOT,Alfa Romeo,+1 Lap,1,30395.0,30395.0,51.0
1104,856,213,12,12,0.0,77,11,2023,6,Monaco Grand Prix,2023-05-28,Nyck,de Vries,DEV,AlphaTauri,+1 Lap,1,24539.0,24539.0,53.0
1104,855,51,19,13,0.0,77,11,2023,6,Monaco Grand Prix,2023-05-28,Guanyu,Zhou,ZHO,Alfa Romeo,+1 Lap,2,51401.0,25700.5,1.0
1104,848,3,13,14,0.0,77,11,2023,6,Monaco Grand Prix,2023-05-28,Alexander,Albon,ALB,Williams,+1 Lap,2,51280.0,25640.0,18.0
1104,852,213,9,15,0.0,76,12,2023,6,Monaco Grand Prix,2023-05-28,Yuki,Tsunoda,TSU,AlphaTauri,+2 Laps,1,33706.0,33706.0,53.0
1104,815,9,20,16,0.0,76,12,2023,6,Monaco Grand Prix,2023-05-28,Sergio,Pérez,PER,Red Bull,+2 Laps,5,136656.0,27331.2,1.0
1104,807,210,18,17,0.0,76,12,2023,6,Monaco Grand Prix,2023-05-28,Nico,Hülkenberg,HUL,Haas F1 Team,+2 Laps,3,92891.0,30963.666666666668,1.0
1104,858,3,16,18,0.0,76,12,2023,6,Monaco Grand Prix,2023-05-28,Logan,Sargeant,SAR,Williams,+2 Laps,3,78096.0,26032.0,20.0
1104,825,210,17,19,0.0,70,130,2023,6,Monaco Grand Prix,2023-05-28,Kevin,Magnussen,MAG,Haas F1 Team,Collision damage,1,51052.0,51052.0,56.0
1104,840,117,14,20,0.0,53,3,2023,6,Monaco Grand Prix,2023-05-28,Lance,Stroll,STR,Aston Martin,Accident,1,24656.0,24656.0,51.0
1105,830,9,1,1,26.0,66,1,2023,7,Spanish Grand Prix,2023-06-04,Max,Verstappen,VER,Red Bull,Finished,2,44598.0,22299.0,26.0
1105,1,131,4,2,18.0,66,1,2023,7,Spanish Grand Prix,2023-06-04,Lewis,Hamilton,HAM,Mercedes,Finished,2,45306.0,22653.0,24.0
1105,847,131,12,3,15.0,66,1,2023,7,Spanish Grand Prix,2023-06-04,George,Russell,RUS,Mercedes,Finished,2,44329.0,22164.5,25.0
1105,815,9,11,4,12.0,66,1,2023,7,Spanish Grand Prix,2023-06-04,Sergio,Pérez,PER,Red Bull,Finished,2,43312.0,21656.0,27.0
1105,832,6,2,5,10.0,66,1,2023,7,Spanish Grand Prix,2023-06-04,Carlos,Sainz,SAI,Ferrari,Finished,2,44696.0,22348.0,15.0
1105,840,117,5,6,8.0,66,1,2023,7,Spanish Grand Prix,2023-06-04,Lance,Stroll,STR,Aston Martin,Finished,2,45726.0,22863.0,14.0
1105,4,117,8,7,6.0,66,1,2023,7,Spanish Grand Prix,2023-06-04,Fernando,Alonso,ALO,Aston Martin,Finished,2,45454.0,22727.0,19.0
1105,839,214,6,8,4.0,66,1,2023,7,Spanish Grand Prix,2023-06-04,Esteban,Ocon,OCO,Alpine F1 Team,Finished,2,46222.0,23111.0,13.0
1105,855,51,13,9,2.0,66,1,2023,7,Spanish Grand Prix,2023-06-04,Guanyu,Zhou,ZHO,Alfa Romeo,Finished,2,46319.0,23159.5,9.0
1105,842,214,10,10,1.0,66,1,2023,7,Spanish Grand Prix,2023-06-04,Pierre,Gasly,GAS,Alpine F1 Team,Finished,2,46998.0,23499.0,19.0
1105,844,6,19,11,0.0,66,1,2023,7,Spanish Grand Prix,2023-06-04,Charles,Leclerc,LEC,Ferrari,Finished,2,44781.0,22390.5,16.0
1105,852,213,15,12,0.0,66,1,2023,7,Spanish Grand Prix,2023-06-04,Yuki,Tsunoda,TSU,AlphaTauri,Finished,2,44185.0,22092.5,10.0
1105,857,1,9,13,0.0,65,11,2023,7,Spanish Grand Prix,2023-06-04,Oscar,Piastri,PIA,McLaren,+1 Lap,2,45232.0,22616.0,17.0
1105,856,213,14,14,0.0,65,11,2023,7,Spanish Grand Prix,2023-06-04,Nyck,de Vries,DEV,AlphaTauri,+1 Lap,2,44498.0,22249.0,9.0
1105,807,210,7,15,0.0,65,11,2023,7,Spanish Grand Prix,2023-06-04,Nico,Hülkenberg,HUL,Haas F1 Team,+1 Lap,3,70039.0,23346.333333333332,8.0
1105,848,3,18,16,0.0,65,11,2023,7,Spanish Grand Prix,2023-06-04,Alexander,Albon,ALB,Williams,+1 Lap,2,46768.0,23384.0,16.0
1105,846,1,3,17,0.0,65,11,2023,7,Spanish Grand Prix,2023-06-04,Lando,Norris,NOR,McLaren,+1 Lap,3,82648.0,27549.333333333332,1.0
1105,825,210,17,18,0.0,65,11,2023,7,Spanish Grand Prix,2023-06-04,Kevin,Magnussen,MAG,Haas F1 Team,+1 Lap,3,69215.0,23071.666666666668,10.0
1105,822,51,16,19,0.0,65,11,2023,7,Spanish Grand Prix,2023-06-04,Valtteri,Bottas,BOT,Alfa Romeo,+1 Lap,2,47788.0,23894.0,5.0
1105,858,3,20,20,0.0,65,11,2023,7,Spanish Grand Prix,2023-06-04,Logan,Sargeant,SAR,Williams,+1 Lap,2,46410.0,23205.0,17.0
1106,830,9,1,1,25.0,70,1,2023,8,Canadian Grand Prix,2023-06-18,Max,Verstappen,VER,Red Bull,Finished,2,47554.0,23777.0,12.0
1106,4,117,2,2,18.0,70,1,2023,8,Canadian Grand Prix,2023-06-18,Fernando,Alonso,ALO,Aston Martin,Finished,2,47959.0,23979.5,12.0
1106,1,131,3,3,15.0,70,1,2023,8,Canadian Grand Prix,2023-06-18,Lewis,Hamilton,HAM,Mercedes,Finished,2,48088.0,24044.0,12.0
1106,844,6,10,4,12.0,70,1,2023,8,Canadian Grand Prix,2023-06-18,Charles,Leclerc,LEC,Ferrari,Finished,1,24343.0,24343.0,39.0
1106,832,6,11,5,10.0,70,1,2023,8,Canadian Grand Prix,2023-06-18,Carlos,Sainz,SAI,Ferrari,Finished,1,24133.0,24133.0,38.0
1106,815,9,12,6,9.0,70,1,2023,8,Canadian Grand Prix,2023-06-18,Sergio,Pérez,PER,Red Bull,Finished,2,46499.0,23249.5,37.0
1106,848,3,9,7,6.0,70,1,2023,8,Canadian Grand Prix,2023-06-18,Alexander,Albon,ALB,Williams,Finished,1,25064.0,25064.0,12.0
1106,839,214,6,8,4.0,70,1,2023,8,Canadian Grand Prix,2023-06-18,Esteban,Ocon,OCO,Alpine F1 Team,Finished,2,48100.0,24050.0,12.0
1106,840,117,16,9,2.0,70,1,2023,8,Canadian Grand Prix,2023-06-18,Lance,Stroll,STR,Aston Martin,Finished,2,47550.0,23775.0,11.0
1106,822,51,14,10,1.0,70,1,2023,8,Canadian Grand Prix,2023-06-18,Valtteri,Bottas,BOT,Alfa Romeo,Finished,1,24038.0,24038.0,36.0
1106,857,1,8,11,0.0,70,1,2023,8,Canadian Grand Prix,2023-06-18,Oscar,Piastri,PIA,McLaren,Finished,2,48264.0,24132.0,12.0
1106,842,214,15,12,0.0,70,1,2023,8,Canadian Grand Prix,2023-06-18,Pierre,Gasly,GAS,Alpine F1 Team,Finished,2,51632.0,25816.0,10.0
1106,846,1,7,13,0.0,70,1,2023,8,Canadian Grand Prix,2023-06-18,Lando,Norris,NOR,McLaren,Finished,2,49432.0,24716.0,12.0
1106,852,213,19,14,0.0,70,1,2023,8,Canadian Grand Prix,2023-06-18,Yuki,Tsunoda,TSU,AlphaTauri,Finished,2,51169.0,25584.5,1.0
1106,807,210,5,15,0.0,69,11,2023,8,Canadian Grand Prix,2023-06-18,Nico,Hülkenberg,HUL,Haas F1 Team,+1 Lap,2,49080.0,24540.0,11.0
1106,855,51,20,16,0.0,69,11,2023,8,Canadian Grand Prix,2023-06-18,Guanyu,Zhou,ZHO,Alfa Romeo,+1 Lap,2,51670.0,25835.0,12.0
1106,825,210,13,17,0.0,69,11,2023,8,Canadian Grand Prix,2023-06-18,Kevin,Magnussen,MAG,Haas F1 Team,+1 Lap,2,49424.0,24712.0,35.0
1106,856,213,17,18,0.0,69,11,2023,8,Canadian Grand Prix,2023-06-18,Nyck,de Vries,DEV,AlphaTauri,+1 Lap,2,48746.0,24373.0,11.0
1106,847,131,4,19,0.0,53,23,2023,8,Canadian Grand Prix,2023-06-18,George,Russell,RUS,Mercedes,Brakes,1,88943.0,88943.0,12.0
1106,858,3,18,20,0.0,6,5,2023,8,Canadian Grand Prix,2023-06-18,Logan,Sargeant,SAR,Williams,Engine,0,,,
1107,830,9,1,1,26.0,71,1,2023,9,Austrian Grand Prix,2023-07-02,Max,Verstappen,VER,Red Bull,Finished,4,80703.0,20175.75,2.0
1107,844,6,2,2,18.0,71,1,2023,9,Austrian Grand Prix,2023-07-02,Charles,Leclerc,LEC,Ferrari,Finished,3,61288.0,20429.333333333332,2.0
1107,815,9,15,3,15.0,71,1,2023,9,Austrian Grand Prix,2023-07-02,Sergio,Pérez,PER,Red Bull,Finished,3,60350.0,20116.666666666668,2.0
1107,846,1,4,4,12.0,71,1,2023,9,Austrian Grand Prix,2023-07-02,Lando,Norris,NOR,McLaren,Finished,3,61454.0,20484.666666666668,2.0
1107,4,117,7,5,10.0,71,1,2023,9,Austrian Grand Prix,2023-07-02,Fernando,Alonso,ALO,Aston Martin,Finished,3,60964.0,20321.333333333332,2.0
1107,832,6,3,6,8.0,71,1,2023,9,Austrian Grand Prix,2023-07-02,Carlos,Sainz,SAI,Ferrari,Finished,3,71246.0,23748.666666666668,2.0
1107,847,131,11,7,6.0,71,1,2023,9,Austrian Grand Prix,2023-07-02,George,Russell,RUS,Mercedes,Finished,3,61910.0,20636.666666666668,2.0
1107,1,131,5,8,4.0,71,1,2023,9,Austrian Grand Prix,2023-07-02,Lewis,Hamilton,HAM,Mercedes,Finished,3,66132.0,22044.0,2.0
1107,840,117,6,9,2.0,71,1,2023,9,Austrian Grand Prix,2023-07-02,Lance,Stroll,STR,Aston Martin,Finished,4,84865.0,21216.25,2.0
1107,842,214,9,10,1.0,71,1,2023,9,Austrian Grand Prix,2023-07-02,Pierre,Gasly,GAS,Alpine F1 Team,Finished,3,65998.0,21999.333333333332,2.0
1107,848,3,10,11,0.0,71,1,2023,9,Austrian Grand Prix,2023-07-02,Alexander,Albon,ALB,Williams,Finished,3,65982.0,21994.0,2.0
1107,855,51,17,12,0.0,70,11,2023,9,Austrian Grand Prix,2023-07-02,Guanyu,Zhou,ZHO,Alfa Romeo,+1 Lap,3,63751.0,21250.333333333332,2.0
1107,858,3,18,13,0.0,70,11,2023,9,Austrian Grand Prix,2023-07-02,Logan,Sargeant,SAR,Williams,+1 Lap,3,62074.0,20691.333333333332,2.0
1107,839,214,12,14,0.0,70,11,2023,9,Austrian Grand Prix,2023-07-02,Esteban,Ocon,OCO,Alpine F1 Team,+1 Lap,3,70598.0,23532.666666666668,2.0
1107,822,51,14,15,0.0,70,11,2023,9,Austrian Grand Prix,2023-07-02,Valtteri,Bottas,BOT,Alfa Romeo,+1 Lap,3,70890.0,23630.0,2.0
1107,857,1,13,16,0.0,70,11,2023,9,Austrian Grand Prix,2023-07-02,Oscar,Piastri,PIA,McLaren,+1 Lap,4,92016.0,23004.0,2.0
1107,856,213,0,17,0.0,70,11,2023,9,Austrian Grand Prix,2023-07-02,Nyck,de Vries,DEV,AlphaTauri,+1 Lap,3,59440.0,19813.333333333332,2.0
1107,825,210,0,18,0.0,70,11,2023,9,Austrian Grand Prix,2023-07-02,Kevin,Magnussen,MAG,Haas F1 Team,+1 Lap,3,74491.0,24830.333333333332,1.0
1107,852,213,16,19,0.0,70,11,2023,9,Austrian Grand Prix,2023-07-02,Yuki,Tsunoda,TSU,AlphaTauri,+1 Lap,4,94615.0,23653.75,1.0
1107,807,210,8,20,0.0,12,75,2023,9,Austrian Grand Prix,2023-07-02,Nico,Hülkenberg,HUL,Haas F1 Team,Power loss,2,38669.0,19334.5,2.0
1108,830,9,1,1,26.0,52,1,2023,10,British Grand Prix,2023-07-09,Max,Verstappen,VER,Red Bull,Finished,1,29056.0,29056.0,33.0
1108,846,1,2,2,18.0,52,1,2023,10,British Grand Prix,2023-07-09,Lando,Norris,NOR,McLaren,Finished,1,28438.0,28438.0,33.0
1108,1,131,7,3,15.0,52,1,2023,10,British Grand Prix,2023-07-09,Lewis,Hamilton,HAM,Mercedes,Finished,1,29169.0,29169.0,33.0
1108,857,1,3,4,12.0,52,1,2023,10,British Grand Prix,2023-07-09,Oscar,Piastri,PIA,McLaren,Finished,1,28655.0,28655.0,29.0
1108,847,131,6,5,10.0,52,1,2023,10,British Grand Prix,2023-07-09,George,Russell,RUS,Mercedes,Finished,1,29455.0,29455.0,28.0
1108,815,9,15,6,8.0,52,1,2023,10,British Grand Prix,2023-07-09,Sergio,Pérez,PER,Red Bull,Finished,1,28060.0,28060.0,28.0
1108,4,117,9,7,6.0,52,1,2023,10,British Grand Prix,2023-07-09,Fernando,Alonso,ALO,Aston Martin,Finished,1,28679.0,28679.0,33.0
1108,848,3,8,8,4.0,52,1,2023,10,British Grand Prix,2023-07-09,Alexander,Albon,ALB,Williams,Finished,1,29634.0,29634.0,32.0
1108,844,6,4,9,2.0,52,1,2023,10,British Grand Prix,2023-07-09,Charles,Leclerc,LEC,Ferrari,Finished,2,57049.0,28524.5,18.0
1108,832,6,5,10,1.0,52,1,2023,10,British Grand Prix,2023-07-09,Carlos,Sainz,SAI,Ferrari,Finished,1,28869.0,28869.0,26.0
1108,858,3,14,11,0.0,52,1,2023,10,British Grand Prix,2023-07-09,Logan,Sargeant,SAR,Williams,Finished,1,28847.0,28847.0,29.0
1108,822,51,20,12,0.0,52,1,2023,10,British Grand Prix,2023-07-09,Valtteri,Bottas,BOT,Alfa Romeo,Finished,1,29662.0,29662.0,32.0
1108,807,210,11,13,0.0,52,1,2023,10,British Grand Prix,2023-07-09,Nico,Hülkenberg,HUL,Haas F1 Team,Finished,2,71975.0,35987.5,7.0
1108,840,117,12,14,0.0,52,1,2023,10,British Grand Prix,2023-07-09,Lance,Stroll,STR,Aston Martin,Finished,1,28561.0,28561.0,31.0
1108,855,51,17,15,0.0,52,1,2023,10,British Grand Prix,2023-07-09,Guanyu,Zhou,ZHO,Alfa Romeo,Finished,3,92260.0,30753.333333333332,24.0
1108,852,213,16,16,0.0,52,1,2023,10,British Grand Prix,2023-07-09,Yuki,Tsunoda,TSU,AlphaTauri,Finished,2,56956.0,28478.0,14.0
1108,856,213,18,17,0.0,52,1,2023,10,British Grand Prix,2023-07-09,Nyck,de Vries,DEV,AlphaTauri,Finished,2,56655.0,28327.5,27.0
1108,842,214,10,18,0.0,46,130,2023,10,British Grand Prix,2023-07-09,Pierre,Gasly,GAS,Alpine F1 Team,Collision damage,1,28458.0,28458.0,31.0
1108,825,210,19,19,0.0,31,5,2023,10,British Grand Prix,2023-07-09,Kevin,Magnussen,MAG,Haas F1 Team,Engine,0,,,
1108,839,214,13,20,0.0,9,44,2023,10,British Grand Prix,2023-07-09,Esteban,Ocon,OCO,Alpine F1 Team,Oil leak,0,,,
1109,830,9,2,1,26.0,70,1,2023,11,Hungarian Grand Prix,2023-07-23,Max,Verstappen,VER,Red Bull,Finished,2,43087.0,21543.5,23.0
1109,846,1,3,2,18.0,70,1,2023,11,Hungarian Grand Prix,2023-07-23,Lando,Norris,NOR,McLaren,Finished,2,42971.0,21485.5,17.0
1109,815,9,9,3,15.0,70,1,2023,11,Hungarian Grand Prix,2023-07-23,Sergio,Pérez,PER,Red Bull,Finished,2,42742.0,21371.0,24.0
1109,1,131,1,4,12.0,70,1,2023,11,Hungarian Grand Prix,2023-07-23,Lewis,Hamilton,HAM,Mercedes,Finished,2,43702.0,21851.0,16.0
1109,857,1,4,5,10.0,70,1,2023,11,Hungarian Grand Prix,2023-07-23,Oscar,Piastri,PIA,McLaren,Finished,2,43201.0,21600.5,18.0
1109,847,131,18,6,8.0,70,1,2023,11,Hungarian Grand Prix,2023-07-23,George,Russell,RUS,Mercedes,Finished,2,43561.0,21780.5,28.0
1109,844,6,6,7,6.0,70,1,2023,11,Hungarian Grand Prix,2023-07-23,Charles,Leclerc,LEC,Ferrari,Finished,2,49856.0,24928.0,17.0
1109,832,6,11,8,4.0,70,1,2023,11,Hungarian Grand Prix,2023-07-23,Carlos,Sainz,SAI,Ferrari,Finished,2,43453.0,21726.5,15.0
1109,4,117,8,9,2.0,70,1,2023,11,Hungarian Grand Prix,2023-07-23,Fernando,Alonso,ALO,Aston Martin,Finished,2,47068.0,23534.0,20.0
1109,840,117,14,10,1.0,69,11,2023,11,Hungarian Grand Prix,2023-07-23,Lance,Stroll,STR,Aston Martin,+1 Lap,2,44313.0,22156.5,9.0
1109,848,3,16,11,0.0,69,11,2023,11,Hungarian Grand Prix,2023-07-23,Alexander,Albon,ALB,Williams,+1 Lap,2,43838.0,21919.0,8.0
1109,822,51,7,12,0.0,69,11,2023,11,Hungarian Grand Prix,2023-07-23,Valtteri,Bottas,BOT,Alfa Romeo,+1 Lap,2,45356.0,22678.0,9.0
1109,817,213,13,13,0.0,69,11,2023,11,Hungarian Grand Prix,2023-07-23,Daniel,Ricciardo,RIC,AlphaTauri,+1 Lap,2,44161.0,22080.5,18.0
1109,807,210,10,14,0.0,69,11,2023,11,Hungarian Grand Prix,2023-07-23,Nico,Hülkenberg,HUL,Haas F1 Team,+1 Lap,2,44877.0,22438.5,16.0
1109,852,213,17,15,0.0,69,11,2023,11,Hungarian Grand Prix,2023-07-23,Yuki,Tsunoda,TSU,AlphaTauri,+1 Lap,2,47351.0,23675.5,9.0
1109,855,51,5,16,0.0,69,11,2023,11,Hungarian Grand Prix,2023-07-23,Guanyu,Zhou,ZHO,Alfa Romeo,+1 Lap,2,52064.0,26032.0,10.0
1109,825,210,19,17,0.0,69,11,2023,11,Hungarian Grand Prix,2023-07-23,Kevin,Magnussen,MAG,Haas F1 Team,+1 Lap,2,44905.0,22452.5,14.0
1109,858,3,20,18,0.0,67,31,2023,11,Hungarian Grand Prix,2023-07-23,Logan,Sargeant,SAR,Williams,Retired,2,46198.0,23099.0,13.0
1109,839,214,12,19,0.0,2,130,2023,11,Hungarian Grand Prix,2023-07-23,Esteban,Ocon,OCO,Alpine F1 Team,Collision damage,0,,,
1109,842,214,15,20,0.0,1,130,2023,11,Hungarian Grand Prix,2023-07-23,Pierre,Gasly,GAS,Alpine F1 Team,Collision damage,0,,,
1110,830,9,6,1,25.0,44,1,2023,12,Belgian Grand Prix,2023-07-30,Max,Verstappen,VER,Red Bull,Finished,2,45899.0,22949.5,14.0
1110,815,9,2,2,18.0,44,1,2023,12,Belgian Grand Prix,2023-07-30,Sergio,Pérez,PER,Red Bull,Finished,2,46394.0,23197.0,13.0
1110,844,6,1,3,15.0,44,1,2023,12,Belgian Grand Prix,2023-07-30,Charles,Leclerc,LEC,Ferrari,Finished,2,46372.0,23186.0,13.0
1110,1,131,3,4,13.0,44,1,2023,12,Belgian Grand Prix,2023-07-30,Lewis,Hamilton,HAM,Mercedes,Finished,3,69269.0,23089.666666666668,12.0
1110,4,117,9,5,10.0,44,1,2023,12,Belgian Grand Prix,2023-07-30,Fernando,Alonso,ALO,Aston Martin,Finished,2,46883.0,23441.5,10.0
1110,847,131,8,6,8.0,44,1,2023,12,Belgian Grand Prix,2023-07-30,George,Russell,RUS,Mercedes,Finished,1,23837.0,23837.0,22.0
1110,846,1,7,7,6.0,44,1,2023,12,Belgian Grand Prix,2023-07-30,Lando,Norris,NOR,McLaren,Finished,2,48756.0,24378.0,5.0
1110,839,214,14,8,4.0,44,1,2023,12,Belgian Grand Prix,2023-07-30,Esteban,Ocon,OCO,Alpine F1 Team,Finished,2,46424.0,23212.0,6.0
1110,840,117,10,9,2.0,44,1,2023,12,Belgian Grand Prix,2023-07-30,Lance,Stroll,STR,Aston Martin,Finished,1,25397.0,25397.0,20.0
1110,852,213,11,10,1.0,44,1,2023,12,Belgian Grand Prix,2023-07-30,Yuki,Tsunoda,TSU,AlphaTauri,Finished,2,45347.0,22673.5,9.0
1110,842,214,12,11,0.0,44,1,2023,12,Belgian Grand Prix,2023-07-30,Pierre,Gasly,GAS,Alpine F1 Team,Finished,1,25664.0,25664.0,23.0
1110,822,51,13,12,0.0,44,1,2023,12,Belgian Grand Prix,2023-07-30,Valtteri,Bottas,BOT,Alfa Romeo,Finished,2,47148.0,23574.0,6.0
1110,855,51,17,13,0.0,44,1,2023,12,Belgian Grand Prix,2023-07-30,Guanyu,Zhou,ZHO,Alfa Romeo,Finished,2,48494.0,24247.0,7.0
1110,848,3,15,14,0.0,44,1,2023,12,Belgian Grand Prix,2023-07-30,Alexander,Albon,ALB,Williams,Finished,3,72140.0,24046.666666666668,7.0
1110,825,210,16,15,0.0,44,1,2023,12,Belgian Grand Prix,2023-07-30,Kevin,Magnussen,MAG,Haas F1 Team,Finished,2,47210.0,23605.0,5.0
1110,817,213,19,16,0.0,44,1,2023,12,Belgian Grand Prix,2023-07-30,Daniel,Ricciardo,RIC,AlphaTauri,Finished,2,46133.0,23066.5,5.0
1110,858,3,18,17,0.0,44,1,2023,12,Belgian Grand Prix,2023-07-30,Logan,Sargeant,SAR,Williams,Finished,3,70617.0,23539.0,8.0
1110,807,210,0,18,0.0,44,1,2023,12,Belgian Grand Prix,2023-07-30,Nico,Hülkenberg,HUL,Haas F1 Team,Finished,2,49809.0,24904.5,12.0
1110,832,6,4,19,0.0,23,130,2023,12,Belgian Grand Prix,2023-07-30,Carlos,Sainz,SAI,Ferrari,Collision damage,1,23303.0,23303.0,7.0
1110,857,1,5,20,0.0,0,130,2023,12,Belgian Grand Prix,2023-07-30,Oscar,Piastri,PIA,McLaren,Collision damage,0,,,
1111,830,9,1,1,25.0,72,1,2023,13,Dutch Grand Prix,2023-08-27,Max,Verstappen,VER,Red Bull,Finished,6,2581587.0,430264.5,2.0
1111,4,117,5,2,19.0,72,1,2023,13,Dutch Grand Prix,2023-08-27,Fernando,Alonso,ALO,Aston Martin,Finished,5,2541860.0,508372.0,2.0
1111,842,214,12,3,15.0,72,1,2023,13,Dutch Grand Prix,2023-08-27,Pierre,Gasly,GAS,Alpine F1 Team,Finished,5,2536977.0,507395.4,1.0
1111,815,9,7,4,12.0,72,1,2023,13,Dutch Grand Prix,2023-08-27,Sergio,Pérez,PER,Red Bull,Finished,6,2585715.0,430952.5,1.0
1111,832,6,6,5,10.0,72,1,2023,13,Dutch Grand Prix,2023-08-27,Carlos,Sainz,SAI,Ferrari,Finished,5,2522867.0,504573.4,2.0
1111,1,131,13,6,8.0,72,1,2023,13,Dutch Grand Prix,2023-08-27,Lewis,Hamilton,HAM,Mercedes,Finished,5,2511450.0,502290.0,3.0
1111,846,1,2,7,6.0,72,1,2023,13,Dutch Grand Prix,2023-08-27,Lando,Norris,NOR,McLaren,Finished,6,2566798.0,427799.6666666667,3.0
1111,848,3,4,8,4.0,72,1,2023,13,Dutch Grand Prix,2023-08-27,Alexander,Albon,ALB,Williams,Finished,4,2523676.0,630919.0,44.0
1111,857,1,8,9,2.0,72,1,2023,13,Dutch Grand Prix,2023-08-27,Oscar,Piastri,PIA,McLaren,Finished,5,2533581.0,506716.2,15.0
1111,839,214,16,10,1.0,72,1,2023,13,Dutch Grand Prix,2023-08-27,Esteban,Ocon,OCO,Alpine F1 Team,Finished,6,2552687.0,425447.8333333333,2.0
1111,840,117,11,11,0.0,72,1,2023,13,Dutch Grand Prix,2023-08-27,Lance,Stroll,STR,Aston Martin,Finished,7,2545639.0,363662.71428571426,4.0
1111,807,210,14,12,0.0,72,1,2023,13,Dutch Grand Prix,2023-08-27,Nico,Hülkenberg,HUL,Haas F1 Team,Finished,5,2507321.0,501464.2,16.0
1111,859,213,19,13,0.0,72,1,2023,13,Dutch Grand Prix,2023-08-27,Liam,Lawson,LAW,AlphaTauri,Finished,7,2559222.0,365603.14285714284,1.0
1111,822,51,18,14,0.0,72,1,2023,13,Dutch Grand Prix,2023-08-27,Valtteri,Bottas,BOT,Alfa Romeo,Finished,5,2497766.0,499553.2,16.0
1111,852,213,17,15,0.0,72,1,2023,13,Dutch Grand Prix,2023-08-27,Yuki,Tsunoda,TSU,AlphaTauri,Finished,5,2521623.0,504324.6,1.0
1111,825,210,0,16,0.0,72,1,2023,13,Dutch Grand Prix,2023-08-27,Kevin,Magnussen,MAG,Haas F1 Team,Finished,6,2520933.0,420155.5,1.0
1111,847,131,3,17,0.0,72,1,2023,13,Dutch Grand Prix,2023-08-27,George,Russell,RUS,Mercedes,Finished,7,2593450.0,370492.85714285716,4.0
1111,855,51,15,18,0.0,62,3,2023,13,Dutch Grand Prix,2023-08-27,Guanyu,Zhou,ZHO,Alfa Romeo,Accident,4,85227.0,21306.75,1.0
1111,844,6,9,19,0.0,41,140,2023,13,Dutch Grand Prix,2023-08-27,Charles,Leclerc,LEC,Ferrari,Undertray,2,59888.0,29944.0,1.0
1111,858,3,10,20,0.0,14,3,2023,13,Dutch Grand Prix,2023-08-27,Logan,Sargeant,SAR,Williams,Accident,0,,,
1112,830,9,2,1,25.0,51,1,2023,14,Italian Grand Prix,2023-09-03,Max,Verstappen,VER,Red Bull,Finished,1,24228.0,24228.0,20.0
1112,815,9,5,2,18.0,51,1,2023,14,Italian Grand Prix,2023-09-03,Sergio,Pérez,PER,Red Bull,Finished,1,23819.0,23819.0,21.0
1112,832,6,1,3,15.0,51,1,2023,14,Italian Grand Prix,2023-09-03,Carlos,Sainz,SAI,Ferrari,Finished,1,25183.0,25183.0,19.0
1112,844,6,3,4,12.0,51,1,2023,14,Italian Grand Prix,2023-09-03,Charles,Leclerc,LEC,Ferrari,Finished,1,23931.0,23931.0,20.0
1112,847,131,4,5,10.0,51,1,2023,14,Italian Grand Prix,2023-09-03,George,Russell,RUS,Mercedes,Finished,1,24215.0,24215.0,19.0
1112,1,131,8,6,8.0,51,1,2023,14,Italian Grand Prix,2023-09-03,Lewis,Hamilton,HAM,Mercedes,Finished,1,24255.0,24255.0,27.0
1112,848,3,6,7,6.0,51,1,2023,14,Italian Grand Prix,2023-09-03,Alexander,Albon,ALB,Williams,Finished,1,24538.0,24538.0,15.0
1112,846,1,9,8,4.0,51,1,2023,14,Italian Grand Prix,2023-09-03,Lando,Norris,NOR,McLaren,Finished,1,23727.0,23727.0,22.0
1112,4,117,10,9,2.0,51,1,2023,14,Italian Grand Prix,2023-09-03,Fernando,Alonso,ALO,Aston Martin,Finished,1,24798.0,24798.0,21.0
1112,822,51,14,10,1.0,51,1,2023,14,Italian Grand Prix,2023-09-03,Valtteri,Bottas,BOT,Alfa Romeo,Finished,1,24658.0,24658.0,25.0
1112,859,213,12,11,0.0,51,1,2023,14,Italian Grand Prix,2023-09-03,Liam,Lawson,LAW,AlphaTauri,Finished,2,48493.0,24246.5,13.0
1112,857,1,7,12,0.0,51,1,2023,14,Italian Grand Prix,2023-09-03,Oscar,Piastri,PIA,McLaren,Finished,2,55932.0,27966.0,23.0
1112,858,3,15,13,0.0,51,1,2023,14,Italian Grand Prix,2023-09-03,Logan,Sargeant,SAR,Williams,Finished,1,24779.0,24779.0,14.0
1112,855,51,16,14,0.0,51,1,2023,14,Italian Grand Prix,2023-09-03,Guanyu,Zhou,ZHO,Alfa Romeo,Finished,2,50355.0,25177.5,11.0
1112,842,214,17,15,0.0,51,1,2023,14,Italian Grand Prix,2023-09-03,Pierre,Gasly,GAS,Alpine F1 Team,Finished,2,52062.0,26031.0,10.0
1112,840,117,20,16,0.0,51,1,2023,14,Italian Grand Prix,2023-09-03,Lance,Stroll,STR,Aston Martin,Finished,1,25667.0,25667.0,20.0
1112,807,210,13,17,0.0,50,11,2023,14,Italian Grand Prix,2023-09-03,Nico,Hülkenberg,HUL,Haas F1 Team,+1 Lap,2,50423.0,25211.5,14.0
1112,825,210,19,18,0.0,50,11,2023,14,Italian Grand Prix,2023-09-03,Kevin,Magnussen,MAG,Haas F1 Team,+1 Lap,2,49425.0,24712.5,12.0
1112,839,214,18,19,0.0,39,38,2023,14,Italian Grand Prix,2023-09-03,Esteban,Ocon,OCO,Alpine F1 Team,Steering,1,24249.0,24249.0,24.0
1112,852,213,11,20,0.0,0,5,2023,14,Italian Grand Prix,2023-09-03,Yuki,Tsunoda,TSU,AlphaTauri,Engine,0,,,
1113,832,6,1,1,25.0,62,1,2023,15,Singapore Grand Prix,2023-09-17,Carlos,Sainz,SAI,Ferrari,Finished,1,29499.0,29499.0,20.0
1113,846,1,4,2,18.0,62,1,2023,15,Singapore Grand Prix,2023-09-17,Lando,Norris,NOR,McLaren,Finished,1,29485.0,29485.0,20.0
1113,1,131,5,3,16.0,62,1,2023,15,Singapore Grand Prix,2023-09-17,Lewis,Hamilton,HAM,Mercedes,Finished,2,66212.0,33106.0,20.0
1113,844,6,3,4,12.0,62,1,2023,15,Singapore Grand Prix,2023-09-17,Charles,Leclerc,LEC,Ferrari,Finished,1,32888.0,32888.0,20.0
1113,830,9,11,5,10.0,62,1,2023,15,Singapore Grand Prix,2023-09-17,Max,Verstappen,VER,Red Bull,Finished,1,29698.0,29698.0,40.0
1113,842,214,12,6,8.0,62,1,2023,15,Singapore Grand Prix,2023-09-17,Pierre,Gasly,GAS,Alpine F1 Team,Finished,1,31802.0,31802.0,20.0
1113,857,1,17,7,6.0,62,1,2023,15,Singapore Grand Prix,2023-09-17,Oscar,Piastri,PIA,McLaren,Finished,1,29369.0,29369.0,20.0
1113,815,9,13,8,4.0,62,1,2023,15,Singapore Grand Prix,2023-09-17,Sergio,Pérez,PER,Red Bull,Finished,1,28977.0,28977.0,39.0
1113,859,213,10,9,2.0,62,1,2023,15,Singapore Grand Prix,2023-09-17,Liam,Lawson,LAW,AlphaTauri,Finished,1,32348.0,32348.0,20.0
1113,825,210,6,10,1.0,62,1,2023,15,Singapore Grand Prix,2023-09-17,Kevin,Magnussen,MAG,Haas F1 Team,Finished,2,64553.0,32276.5,20.0
1113,848,3,14,11,0.0,62,1,2023,15,Singapore Grand Prix,2023-09-17,Alexander,Albon,ALB,Williams,Finished,2,59925.0,29962.5,20.0
1113,855,51,0,12,0.0,62,1,2023,15,Singapore Grand Prix,2023-09-17,Guanyu,Zhou,ZHO,Alfa Romeo,Finished,2,60669.0,30334.5,2.0
1113,807,210,9,13,0.0,62,1,2023,15,Singapore Grand Prix,2023-09-17,Nico,Hülkenberg,HUL,Haas F1 Team,Finished,1,35497.0,35497.0,20.0
1113,858,3,18,14,0.0,62,1,2023,15,Singapore Grand Prix,2023-09-17,Logan,Sargeant,SAR,Williams,Finished,2,94561.0,47280.5,19.0
1113,4,117,7,15,0.0,62,1,2023,15,Singapore Grand Prix,2023-09-17,Fernando,Alonso,ALO,Aston Martin,Finished,2,83378.0,41689.0,20.0
1113,847,131,2,16,0.0,61,3,2023,15,Singapore Grand Prix,2023-09-17,George,Russell,RUS,Mercedes,Accident,2,60015.0,30007.5,20.0
1113,822,51,16,17,0.0,51,39,2023,15,Singapore Grand Prix,2023-09-17,Valtteri,Bottas,BOT,Alfa Romeo,Technical,1,30487.0,30487.0,40.0
1113,839,214,8,18,0.0,42,6,2023,15,Singapore Grand Prix,2023-09-17,Esteban,Ocon,OCO,Alpine F1 Team,Gearbox,1,29755.0,29755.0,20.0
1113,852,213,15,19,0.0,0,4,2023,15,Singapore Grand Prix,2023-09-17,Yuki,Tsunoda,TSU,AlphaTauri,Collision,0,,,
1113,840,117,0,20,0.0,0,54,2023,15,Singapore Grand Prix,2023-09-17,Lance,Stroll,STR,Aston Martin,Withdrew,0,,,
1114,830,9,1,1,26.0,53,1,2023,16,Japanese Grand Prix,2023-09-24,Max,Verstappen,VER,Red Bull,Finished,2,48078.0,24039.0,16.0
1114,846,1,3,2,18.0,53,1,2023,16,Japanese Grand Prix,2023-09-24,Lando,Norris,NOR,McLaren,Finished,2,46705.0,23352.5,17.0
1114,857,1,2,3,15.0,53,1,2023,16,Japanese Grand Prix,2023-09-24,Oscar,Piastri,PIA,McLaren,Finished,2,47653.0,23826.5,13.0
1114,844,6,4,4,12.0,53,1,2023,16,Japanese Grand Prix,2023-09-24,Charles,Leclerc,LEC,Ferrari,Finished,2,46123.0,23061.5,17.0
1114,1,131,7,5,10.0,53,1,2023,16,Japanese Grand Prix,2023-09-24,Lewis,Hamilton,HAM,Mercedes,Finished,2,48472.0,24236.0,16.0
1114,832,6,6,6,8.0,53,1,2023,16,Japanese Grand Prix,2023-09-24,Carlos,Sainz,SAI,Ferrari,Finished,2,46449.0,23224.5,18.0
1114,847,131,8,7,6.0,53,1,2023,16,Japanese Grand Prix,2023-09-24,George,Russell,RUS,Mercedes,Finished,1,24034.0,24034.0,24.0
1114,4,117,10,8,4.0,53,1,2023,16,Japanese Grand Prix,2023-09-24,Fernando,Alonso,ALO,Aston Martin,Finished,2,48380.0,24190.0,11.0
1114,839,214,14,9,2.0,53,1,2023,16,Japanese Grand Prix,2023-09-24,Esteban,Ocon,OCO,Alpine F1 Team,Finished,2,50845.0,25422.5,1.0
1114,842,214,12,10,1.0,53,1,2023,16,Japanese Grand Prix,2023-09-24,Pierre,Gasly,GAS,Alpine F1 Team,Finished,2,49139.0,24569.5,18.0
1114,859,213,11,11,0.0,52,11,2023,16,Japanese Grand Prix,2023-09-24,Liam,Lawson,LAW,AlphaTauri,+1 Lap,2,46807.0,23403.5,10.0
1114,852,213,9,12,0.0,52,11,2023,16,Japanese Grand Prix,2023-09-24,Yuki,Tsunoda,TSU,AlphaTauri,+1 Lap,2,46271.0,23135.5,9.0
1114,855,51,19,13,0.0,52,11,2023,16,Japanese Grand Prix,2023-09-24,Guanyu,Zhou,ZHO,Alfa Romeo,+1 Lap,3,89248.0,29749.333333333332,1.0
1114,807,210,18,14,0.0,52,11,2023,16,Japanese Grand Prix,2023-09-24,Nico,Hülkenberg,HUL,Haas F1 Team,+1 Lap,3,70518.0,23506.0,8.0
1114,825,210,15,15,0.0,52,11,2023,16,Japanese Grand Prix,2023-09-24,Kevin,Magnussen,MAG,Haas F1 Team,+1 Lap,2,47674.0,23837.0,12.0
1114,848,3,13,16,0.0,26,130,2023,16,Japanese Grand Prix,2023-09-24,Alexander,Albon,ALB,Williams,Collision damage,2,102308.0,51154.0,1.0
1114,858,3,0,17,0.0,22,130,2023,16,Japanese Grand Prix,2023-09-24,Logan,Sargeant,SAR,Williams,Collision damage,3,111765.0,37255.0,2.0
1114,840,117,17,18,0.0,20,65,2023,16,Japanese Grand Prix,2023-09-24,Lance,Stroll,STR,Aston Martin,Rear wing,1,23441.0,23441.0,14.0
1114,815,9,5,19,0.0,15,130,2023,16,Japanese Grand Prix,2023-09-24,Sergio,Pérez,PER,Red Bull,Collision damage,4,2590513.0,647628.25,2.0
1114,822,51,16,20,0.0,7,130,2023,16,Japanese Grand Prix,2023-09-24,Valtteri,Bottas,BOT,Alfa Romeo,Collision damage,2,109314.0,54657.0,1.0
1115,830,9,1,1,26.0,57,1,2023,17,Qatar Grand Prix,2023-10-08,Max,Verstappen,VER,Red Bull,Finished,3,86062.0,28687.333333333332,17.0
1115,857,1,6,2,18.0,57,1,2023,17,Qatar Grand Prix,2023-10-08,Oscar,Piastri,PIA,McLaren,Finished,3,84232.0,28077.333333333332,12.0
1115,846,1,10,3,15.0,57,1,2023,17,Qatar Grand Prix,2023-10-08,Lando,Norris,NOR,McLaren,Finished,3,83422.0,27807.333333333332,13.0
1115,847,131,2,4,12.0,57,1,2023,17,Qatar Grand Prix,2023-10-08,George,Russell,RUS,Mercedes,Finished,4,124733.0,31183.25,1.0
1115,844,6,5,5,10.0,57,1,2023,17,Qatar Grand Prix,2023-10-08,Charles,Leclerc,LEC,Ferrari,Finished,3,83614.0,27871.333333333332,12.0
1115,4,117,4,6,8.0,57,1,2023,17,Qatar Grand Prix,2023-10-08,Fernando,Alonso,ALO,Aston Martin,Finished,3,85198.0,28399.333333333332,11.0
1115,839,214,8,7,6.0,57,1,2023,17,Qatar Grand Prix,2023-10-08,Esteban,Ocon,OCO,Alpine F1 Team,Finished,3,87099.0,29033.0,10.0
1115,822,51,9,8,4.0,57,1,2023,17,Qatar Grand Prix,2023-10-08,Valtteri,Bottas,BOT,Alfa Romeo,Finished,3,88310.0,29436.666666666668,3.0
1115,855,51,19,9,2.0,57,1,2023,17,Qatar Grand Prix,2023-10-08,Guanyu,Zhou,ZHO,Alfa Romeo,Finished,3,86653.0,28884.333333333332,18.0
1115,815,9,0,10,1.0,57,1,2023,17,Qatar Grand Prix,2023-10-08,Sergio,Pérez,PER,Red Bull,Finished,3,94219.0,31406.333333333332,17.0
1115,840,117,16,11,0.0,57,1,2023,17,Qatar Grand Prix,2023-10-08,Lance,Stroll,STR,Aston Martin,Finished,3,86441.0,28813.666666666668,3.0
1115,842,214,7,12,0.0,57,1,2023,17,Qatar Grand Prix,2023-10-08,Pierre,Gasly,GAS,Alpine F1 Team,Finished,3,93477.0,31159.0,11.0
1115,848,3,13,13,0.0,57,1,2023,17,Qatar Grand Prix,2023-10-08,Alexander,Albon,ALB,Williams,Finished,3,86981.0,28993.666666666668,18.0
1115,825,210,18,14,0.0,56,11,2023,17,Qatar Grand Prix,2023-10-08,Kevin,Magnussen,MAG,Haas F1 Team,+1 Lap,3,88022.0,29340.666666666668,3.0
1115,852,213,11,15,0.0,56,11,2023,17,Qatar Grand Prix,2023-10-08,Yuki,Tsunoda,TSU,AlphaTauri,+1 Lap,3,83186.0,27728.666666666668,9.0
1115,807,210,14,16,0.0,56,11,2023,17,Qatar Grand Prix,2023-10-08,Nico,Hülkenberg,HUL,Haas F1 Team,+1 Lap,3,96744.0,32248.0,13.0
1115,859,213,17,17,0.0,56,11,2023,17,Qatar Grand Prix,2023-10-08,Liam,Lawson,LAW,AlphaTauri,+1 Lap,3,86166.0,28722.0,3.0
1115,858,3,15,18,0.0,40,139,2023,17,Qatar Grand Prix,2023-10-08,Logan,Sargeant,SAR,Williams,Illness,2,58809.0,29404.5,13.0
1115,1,131,3,19,0.0,0,4,2023,17,Qatar Grand Prix,2023-10-08,Lewis,Hamilton,HAM,Mercedes,Collision,0,,,
1115,832,6,12,20,0.0,0,95,2023,17,Qatar Grand Prix,2023-10-08,Carlos,Sainz,SAI,Ferrari,Fuel leak,0,,,
1116,830,9,6,1,25.0,56,1,2023,18,United States Grand Prix,2023-10-22,Max,Verstappen,VER,Red Bull,Finished,2,48730.0,24365.0,16.0
1116,846,1,2,2,18.0,56,1,2023,18,United States Grand Prix,2023-10-22,Lando,Norris,NOR,McLaren,Finished,2,47516.0,23758.0,17.0
1116,832,6,4,3,15.0,56,1,2023,18,United States Grand Prix,2023-10-22,Carlos,Sainz,SAI,Ferrari,Finished,2,47341.0,23670.5,17.0
1116,815,9,9,4,12.0,56,1,2023,18,United States Grand Prix,2023-10-22,Sergio,Pérez,PER,Red Bull,Finished,2,47992.0,23996.0,17.0
1116,847,131,5,5,10.0,56,1,2023,18,United States Grand Prix,2023-10-22,George,Russell,RUS,Mercedes,Finished,2,48326.0,24163.0,21.0
1116,842,214,7,6,8.0,56,1,2023,18,United States Grand Prix,2023-10-22,Pierre,Gasly,GAS,Alpine F1 Team,Finished,2,48780.0,24390.0,18.0
1116,840,117,0,7,6.0,56,1,2023,18,United States Grand Prix,2023-10-22,Lance,Stroll,STR,Aston Martin,Finished,2,48412.0,24206.0,20.0
1116,852,213,11,8,5.0,56,1,2023,18,United States Grand Prix,2023-10-22,Yuki,Tsunoda,TSU,AlphaTauri,Finished,3,71951.0,23983.666666666668,17.0
1116,848,3,15,9,2.0,56,1,2023,18,United States Grand Prix,2023-10-22,Alexander,Albon,ALB,Williams,Finished,2,48917.0,24458.5,10.0
1116,858,3,16,10,1.0,56,1,2023,18,United States Grand Prix,2023-10-22,Logan,Sargeant,SAR,Williams,Finished,2,50537.0,25268.5,11.0
1116,807,210,0,11,0.0,56,1,2023,18,United States Grand Prix,2023-10-22,Nico,Hülkenberg,HUL,Haas F1 Team,Finished,2,50881.0,25440.5,19.0
1116,822,51,13,12,0.0,56,1,2023,18,United States Grand Prix,2023-10-22,Valtteri,Bottas,BOT,Alfa Romeo,Finished,2,49803.0,24901.5,10.0
1116,855,51,12,13,0.0,55,11,2023,18,United States Grand Prix,2023-10-22,Guanyu,Zhou,ZHO,Alfa Romeo,+1 Lap,2,50353.0,25176.5,9.0
1116,825,210,0,14,0.0,55,11,2023,18,United States Grand Prix,2023-10-22,Kevin,Magnussen,MAG,Haas F1 Team,+1 Lap,2,49812.0,24906.0,10.0
1116,817,213,14,15,0.0,55,11,2023,18,United States Grand Prix,2023-10-22,Daniel,Ricciardo,RIC,AlphaTauri,+1 Lap,2,50476.0,25238.0,23.0
1116,4,117,0,16,0.0,49,140,2023,18,United States Grand Prix,2023-10-22,Fernando,Alonso,ALO,Aston Martin,Undertray,2,49878.0,24939.0,19.0
1116,857,1,10,17,0.0,10,21,2023,18,United States Grand Prix,2023-10-22,Oscar,Piastri,PIA,McLaren,Radiator,0,,,
1116,839,214,8,18,0.0,6,130,2023,18,United States Grand Prix,2023-10-22,Esteban,Ocon,OCO,Alpine F1 Team,Collision damage,0,,,
1116,1,131,3,19,0.0,56,2,2023,18,United States Grand Prix,2023-10-22,Lewis,Hamilton,HAM,Mercedes,Disqualified,2,49564.0,24782.0,20.0
1116,844,6,1,20,0.0,56,2,2023,18,United States Grand Prix,2023-10-22,Charles,Leclerc,LEC,Ferrari,Disqualified,1,23963.0,23963.0,23.0
1117,830,9,3,1,25.0,71,1,2023,19,Mexico City Grand Prix,2023-10-29,Max,Verstappen,VER,Red Bull,Finished,3,1253935.0,417978.3333333333,19.0
1117,1,131,6,2,19.0,71,1,2023,19,Mexico City Grand Prix,2023-10-29,Lewis,Hamilton,HAM,Mercedes,Finished,2,1235118.0,617559.0,24.0
1117,844,6,1,3,15.0,71,1,2023,19,Mexico City Grand Prix,2023-10-29,Charles,Leclerc,LEC,Ferrari,Finished,2,1232760.0,616380.0,31.0
1117,832,6,2,4,12.0,71,1,2023,19,Mexico City Grand Prix,2023-10-29,Carlos,Sainz,SAI,Ferrari,Finished,2,1237499.0,618749.5,30.0
1117,846,1,17,5,10.0,71,1,2023,19,Mexico City Grand Prix,2023-10-29,Lando,Norris,NOR,McLaren,Finished,3,1272357.0,424119.0,11.0
1117,847,131,8,6,8.0,71,1,2023,19,Mexico City Grand Prix,2023-10-29,George,Russell,RUS,Mercedes,Finished,2,1240511.0,620255.5,26.0
1117,817,213,4,7,6.0,71,1,2023,19,Mexico City Grand Prix,2023-10-29,Daniel,Ricciardo,RIC,AlphaTauri,Finished,2,1239542.0,619771.0,27.0
1117,857,1,7,8,4.0,71,1,2023,19,Mexico City Grand Prix,2023-10-29,Oscar,Piastri,PIA,McLaren,Finished,2,1242798.0,621399.0,25.0
1117,848,3,14,9,2.0,71,1,2023,19,Mexico City Grand Prix,2023-10-29,Alexander,Albon,ALB,Williams,Finished,2,1251660.0,625830.0,33.0
1117,839,214,15,10,1.0,71,1,2023,19,Mexico City Grand Prix,2023-10-29,Esteban,Ocon,OCO,Alpine F1 Team,Finished,1,1226296.0,1226296.0,34.0
1117,842,214,11,11,0.0,71,1,2023,19,Mexico City Grand Prix,2023-10-29,Pierre,Gasly,GAS,Alpine F1 Team,Finished,2,1248325.0,624162.5,28.0
1117,852,213,18,12,0.0,71,1,2023,19,Mexico City Grand Prix,2023-10-29,Yuki,Tsunoda,TSU,AlphaTauri,Finished,2,1248178.0,624089.0,9.0
1117,807,210,12,13,0.0,71,1,2023,19,Mexico City Grand Prix,2023-10-29,Nico,Hülkenberg,HUL,Haas F1 Team,Finished,2,1242970.0,621485.0,23.0
1117,855,51,10,14,0.0,71,1,2023,19,Mexico City Grand Prix,2023-10-29,Guanyu,Zhou,ZHO,Alfa Romeo,Finished,2,1252356.0,626178.0,21.0
1117,822,51,9,15,0.0,71,1,2023,19,Mexico City Grand Prix,2023-10-29,Valtteri,Bottas,BOT,Alfa Romeo,Finished,2,1252987.0,626493.5,31.0
1117,858,3,19,16,0.0,70,31,2023,19,Mexico City Grand Prix,2023-10-29,Logan,Sargeant,SAR,Williams,Retired,2,1251663.0,625831.5,22.0
1117,840,117,0,17,0.0,66,130,2023,19,Mexico City Grand Prix,2023-10-29,Lance,Stroll,STR,Aston Martin,Collision damage,2,1252268.0,626134.0,30.0
1117,4,117,13,18,0.0,47,54,2023,19,Mexico City Grand Prix,2023-10-29,Fernando,Alonso,ALO,Aston Martin,Withdrew,2,1252681.0,626340.5,29.0
1117,825,210,16,19,0.0,31,3,2023,19,Mexico City Grand Prix,2023-10-29,Kevin,Magnussen,MAG,Haas F1 Team,Accident,1,23642.0,23642.0,23.0
1117,815,9,5,20,0.0,1,130,2023,19,Mexico City Grand Prix,2023-10-29,Sergio,Pérez,PER,Red Bull,Collision damage,0,,,
1118,830,9,1,1,25.0,71,1,2023,20,São Paulo Grand Prix,2023-11-05,Max,Verstappen,VER,Red Bull,Finished,4,1467558.0,366889.5,1.0
1118,846,1,6,2,19.0,71,1,2023,20,São Paulo Grand Prix,2023-11-05,Lando,Norris,NOR,McLaren,Finished,4,1471467.0,367866.75,1.0
1118,4,117,4,3,15.0,71,1,2023,20,São Paulo Grand Prix,2023-11-05,Fernando,Alonso,ALO,Aston Martin,Finished,4,1474675.0,368668.75,1.0
1118,815,9,9,4,12.0,71,1,2023,20,São Paulo Grand Prix,2023-11-05,Sergio,Pérez,PER,Red Bull,Finished,4,1479209.0,369802.25,1.0
1118,840,117,3,5,10.0,71,1,2023,20,São Paulo Grand Prix,2023-11-05,Lance,Stroll,STR,Aston Martin,Finished,4,1477340.0,369335.0,1.0
1118,832,6,7,6,8.0,71,1,2023,20,São Paulo Grand Prix,2023-11-05,Carlos,Sainz,SAI,Ferrari,Finished,4,1483995.0,370998.75,1.0
1118,842,214,15,7,6.0,71,1,2023,20,São Paulo Grand Prix,2023-11-05,Pierre,Gasly,GAS,Alpine F1 Team,Finished,4,1486107.0,371526.75,1.0
1118,1,131,5,8,4.0,71,1,2023,20,São Paulo Grand Prix,2023-11-05,Lewis,Hamilton,HAM,Mercedes,Finished,4,1472541.0,368135.25,1.0
1118,852,213,16,9,2.0,71,1,2023,20,São Paulo Grand Prix,2023-11-05,Yuki,Tsunoda,TSU,AlphaTauri,Finished,4,1486956.0,371739.0,1.0
1118,839,214,14,10,1.0,70,11,2023,20,São Paulo Grand Prix,2023-11-05,Esteban,Ocon,OCO,Alpine F1 Team,+1 Lap,5,1508976.0,301795.2,1.0
1118,858,3,19,11,0.0,70,11,2023,20,São Paulo Grand Prix,2023-11-05,Logan,Sargeant,SAR,Williams,+1 Lap,4,1497183.0,374295.75,1.0
1118,807,210,11,12,0.0,70,11,2023,20,São Paulo Grand Prix,2023-11-05,Nico,Hülkenberg,HUL,Haas F1 Team,+1 Lap,4,1503572.0,375893.0,1.0
1118,817,213,17,13,0.0,70,11,2023,20,São Paulo Grand Prix,2023-11-05,Daniel,Ricciardo,RIC,AlphaTauri,+1 Lap,4,1656958.0,414239.5,1.0
1118,857,1,10,14,0.0,69,12,2023,20,São Paulo Grand Prix,2023-11-05,Oscar,Piastri,PIA,McLaren,+2 Laps,4,1669370.0,417342.5,1.0
1118,847,131,8,15,0.0,57,25,2023,20,São Paulo Grand Prix,2023-11-05,George,Russell,RUS,Mercedes,Overheating,4,1479125.0,369781.25,1.0
1118,822,51,18,16,0.0,39,5,2023,20,São Paulo Grand Prix,2023-11-05,Valtteri,Bottas,BOT,Alfa Romeo,Engine,3,1462965.0,487655.0,1.0
1118,855,51,20,17,0.0,22,5,2023,20,São Paulo Grand Prix,2023-11-05,Guanyu,Zhou,ZHO,Alfa Romeo,Engine,3,1465154.0,488384.6666666667,1.0
1118,825,210,12,18,0.0,0,4,2023,20,São Paulo Grand Prix,2023-11-05,Kevin,Magnussen,MAG,Haas F1 Team,Collision,0,,,
1118,848,3,13,19,0.0,0,4,2023,20,São Paulo Grand Prix,2023-11-05,Alexander,Albon,ALB,Williams,Collision,0,,,
1118,844,6,0,20,0.0,0,5,2023,20,São Paulo Grand Prix,2023-11-05,Charles,Leclerc,LEC,Ferrari,Engine,0,,,
1119,830,9,2,1,25.0,50,1,2023,21,Las Vegas Grand Prix,2023-11-19,Max,Verstappen,VER,Red Bull,Finished,2,48009.0,24004.5,16.0
1119,844,6,1,2,18.0,50,1,2023,21,Las Vegas Grand Prix,2023-11-19,Charles,Leclerc,LEC,Ferrari,Finished,1,22559.0,22559.0,21.0
1119,815,9,11,3,15.0,50,1,2023,21,Las Vegas Grand Prix,2023-11-19,Sergio,Pérez,PER,Red Bull,Finished,2,55167.0,27583.5,1.0
1119,839,214,16,4,12.0,50,1,2023,21,Las Vegas Grand Prix,2023-11-19,Esteban,Ocon,OCO,Alpine F1 Team,Finished,1,21763.0,21763.0,20.0
1119,840,117,19,5,10.0,50,1,2023,21,Las Vegas Grand Prix,2023-11-19,Lance,Stroll,STR,Aston Martin,Finished,2,44792.0,22396.0,3.0
1119,832,6,12,6,8.0,50,1,2023,21,Las Vegas Grand Prix,2023-11-19,Carlos,Sainz,SAI,Ferrari,Finished,2,43891.0,21945.5,3.0
1119,1,131,10,7,6.0,50,1,2023,21,Las Vegas Grand Prix,2023-11-19,Lewis,Hamilton,HAM,Mercedes,Finished,2,47555.0,23777.5,17.0
1119,847,131,3,8,4.0,50,1,2023,21,Las Vegas Grand Prix,2023-11-19,George,Russell,RUS,Mercedes,Finished,2,43209.0,21604.5,15.0
1119,4,117,9,9,2.0,50,1,2023,21,Las Vegas Grand Prix,2023-11-19,Fernando,Alonso,ALO,Aston Martin,Finished,2,52518.0,26259.0,1.0
1119,857,1,18,10,2.0,50,1,2023,21,Las Vegas Grand Prix,2023-11-19,Oscar,Piastri,PIA,McLaren,Finished,2,43804.0,21902.0,16.0
1119,842,214,4,11,0.0,50,1,2023,21,Las Vegas Grand Prix,2023-11-19,Pierre,Gasly,GAS,Alpine F1 Team,Finished,1,22262.0,22262.0,17.0
1119,848,3,5,12,0.0,50,1,2023,21,Las Vegas Grand Prix,2023-11-19,Alexander,Albon,ALB,Williams,Finished,1,21242.0,21242.0,16.0
1119,825,210,8,13,0.0,50,1,2023,21,Las Vegas Grand Prix,2023-11-19,Kevin,Magnussen,MAG,Haas F1 Team,Finished,2,43479.0,21739.5,14.0
1119,817,213,14,14,0.0,50,1,2023,21,Las Vegas Grand Prix,2023-11-19,Daniel,Ricciardo,RIC,AlphaTauri,Finished,1,22242.0,22242.0,17.0
1119,855,51,17,15,0.0,50,1,2023,21,Las Vegas Grand Prix,2023-11-19,Guanyu,Zhou,ZHO,Alfa Romeo,Finished,1,22155.0,22155.0,26.0
1119,858,3,6,16,0.0,50,1,2023,21,Las Vegas Grand Prix,2023-11-19,Logan,Sargeant,SAR,Williams,Finished,1,21367.0,21367.0,15.0
1119,822,51,7,17,0.0,50,1,2023,21,Las Vegas Grand Prix,2023-11-19,Valtteri,Bottas,BOT,Alfa Romeo,Finished,2,65489.0,32744.5,1.0
1119,852,213,20,18,0.0,46,6,2023,21,Las Vegas Grand Prix,2023-11-19,Yuki,Tsunoda,TSU,AlphaTauri,Gearbox,2,41513.0,20756.5,10.0
1119,807,210,13,19,0.0,45,5,2023,21,Las Vegas Grand Prix,2023-11-19,Nico,Hülkenberg,HUL,Haas F1 Team,Engine,2,47607.0,23803.5,12.0
1119,846,1,15,20,0.0,2,3,2023,21,Las Vegas Grand Prix,2023-11-19,Lando,Norris,NOR,McLaren,Accident,0,,,
1120,830,9,1,1,26.0,58,1,2023,22,Abu Dhabi Grand Prix,2023-11-26,Max,Verstappen,VER,Red Bull,Finished,2,42937.0,21468.5,16.0
1120,844,6,2,2,18.0,58,1,2023,22,Abu Dhabi Grand Prix,2023-11-26,Charles,Leclerc,LEC,Ferrari,Finished,2,43165.0,21582.5,17.0
1120,847,131,4,3,15.0,58,1,2023,22,Abu Dhabi Grand Prix,2023-11-26,George,Russell,RUS,Mercedes,Finished,2,43734.0,21867.0,14.0
1120,815,9,9,4,12.0,58,1,2023,22,Abu Dhabi Grand Prix,2023-11-26,Sergio,Pérez,PER,Red Bull,Finished,2,42720.0,21360.0,17.0
1120,846,1,5,5,10.0,58,1,2023,22,Abu Dhabi Grand Prix,2023-11-26,Lando,Norris,NOR,McLaren,Finished,2,45493.0,22746.5,14.0
1120,857,1,3,6,8.0,58,1,2023,22,Abu Dhabi Grand Prix,2023-11-26,Oscar,Piastri,PIA,McLaren,Finished,2,42853.0,21426.5,13.0
1120,4,117,7,7,6.0,58,1,2023,22,Abu Dhabi Grand Prix,2023-11-26,Fernando,Alonso,ALO,Aston Martin,Finished,2,44303.0,22151.5,12.0
1120,852,213,6,8,4.0,58,1,2023,22,Abu Dhabi Grand Prix,2023-11-26,Yuki,Tsunoda,TSU,AlphaTauri,Finished,1,21486.0,21486.0,22.0
1120,1,131,11,9,2.0,58,1,2023,22,Abu Dhabi Grand Prix,2023-11-26,Lewis,Hamilton,HAM,Mercedes,Finished,2,44240.0,22120.0,15.0
1120,840,117,13,10,1.0,58,1,2023,22,Abu Dhabi Grand Prix,2023-11-26,Lance,Stroll,STR,Aston Martin,Finished,2,43533.0,21766.5,22.0
1120,817,213,15,11,0.0,58,1,2023,22,Abu Dhabi Grand Prix,2023-11-26,Daniel,Ricciardo,RIC,AlphaTauri,Finished,2,43432.0,21716.0,7.0
1120,839,214,12,12,0.0,58,1,2023,22,Abu Dhabi Grand Prix,2023-11-26,Esteban,Ocon,OCO,Alpine F1 Team,Finished,1,22160.0,22160.0,15.0
1120,842,214,10,13,0.0,58,1,2023,22,Abu Dhabi Grand Prix,2023-11-26,Pierre,Gasly,GAS,Alpine F1 Team,Finished,2,46569.0,23284.5,17.0
1120,848,3,14,14,0.0,58,1,2023,22,Abu Dhabi Grand Prix,2023-11-26,Alexander,Albon,ALB,Williams,Finished,2,44089.0,22044.5,16.0
1120,807,210,8,15,0.0,58,1,2023,22,Abu Dhabi Grand Prix,2023-11-26,Nico,Hülkenberg,HUL,Haas F1 Team,Finished,2,43942.0,21971.0,13.0
1120,858,3,20,16,0.0,58,1,2023,22,Abu Dhabi Grand Prix,2023-11-26,Logan,Sargeant,SAR,Williams,Finished,2,44004.0,22002.0,15.0
1120,855,51,19,17,0.0,58,1,2023,22,Abu Dhabi Grand Prix,2023-11-26,Guanyu,Zhou,ZHO,Alfa Romeo,Finished,2,45212.0,22606.0,13.0
1120,832,6,16,18,0.0,57,31,2023,22,Abu Dhabi Grand Prix,2023-11-26,Carlos,Sainz,SAI,Ferrari,Retired,2,42793.0,21396.5,23.0
1120,822,51,18,19,0.0,57,11,2023,22,Abu Dhabi Grand Prix,2023-11-26,Valtteri,Bottas,BOT,Alfa Romeo,+1 Lap,1,22665.0,22665.0,29.0
1120,825,210,17,20,0.0,57,11,2023,22,Abu Dhabi Grand Prix,2023-11-26,Kevin,Magnussen,MAG,Haas F1 Team,+1 Lap,2,44927.0,22463.5,5.0
1121,830,9,1,1,26.0,57,1,2024,1,Bahrain Grand Prix,2024-03-02,Max,Verstappen,VER,Red Bull,Finished,2,49273.0,24636.5,17.0
1121,815,9,5,2,18.0,57,1,2024,1,Bahrain Grand Prix,2024-03-02,Sergio,Pérez,PER,Red Bull,Finished,2,49079.0,24539.5,12.0
1121,832,6,4,3,15.0,57,1,2024,1,Bahrain Grand Prix,2024-03-02,Carlos,Sainz,SAI,Ferrari,Finished,2,48340.0,24170.0,14.0
1121,844,6,2,4,12.0,57,1,2024,1,Bahrain Grand Prix,2024-03-02,Charles,Leclerc,LEC,Ferrari,Finished,2,48205.0,24102.5,11.0
1121,847,131,3,5,10.0,57,1,2024,1,Bahrain Grand Prix,2024-03-02,George,Russell,RUS,Mercedes,Finished,2,49644.0,24822.0,11.0
1121,846,1,7,6,8.0,57,1,2024,1,Bahrain Grand Prix,2024-03-02,Lando,Norris,NOR,McLaren,Finished,2,48910.0,24455.0,13.0
1121,1,131,9,7,6.0,57,1,2024,1,Bahrain Grand Prix,2024-03-02,Lewis,Hamilton,HAM,Mercedes,Finished,2,49181.0,24590.5,12.0
1121,857,1,8,8,4.0,57,1,2024,1,Bahrain Grand Prix,2024-03-02,Oscar,Piastri,PIA,McLaren,Finished,2,50302.0,25151.0,12.0
1121,4,117,6,9,2.0,57,1,2024,1,Bahrain Grand Prix,2024-03-02,Fernando,Alonso,ALO,Aston Martin,Finished,2,49895.0,24947.5,15.0
1121,840,117,12,10,1.0,57,1,2024,1,Bahrain Grand Prix,2024-03-02,Lance,Stroll,STR,Aston Martin,Finished,2,48963.0,24481.5,9.0
1121,855,15,17,11,0.0,56,11,2024,1,Bahrain Grand Prix,2024-03-02,Guanyu,Zhou,ZHO,Sauber,+1 Lap,2,50302.0,25151.0,9.0
1121,825,210,15,12,0.0,56,11,2024,1,Bahrain Grand Prix,2024-03-02,Kevin,Magnussen,MAG,Haas F1 Team,+1 Lap,2,50397.0,25198.5,11.0
1121,817,215,14,13,0.0,56,11,2024,1,Bahrain Grand Prix,2024-03-02,Daniel,Ricciardo,RIC,RB F1 Team,+1 Lap,2,49844.0,24922.0,13.0
1121,852,215,11,14,0.0,56,11,2024,1,Bahrain Grand Prix,2024-03-02,Yuki,Tsunoda,TSU,RB F1 Team,+1 Lap,2,49048.0,24524.0,14.0
1121,848,3,13,15,0.0,56,11,2024,1,Bahrain Grand Prix,2024-03-02,Alexander,Albon,ALB,Williams,+1 Lap,2,49291.0,24645.5,15.0
1121,807,210,10,16,0.0,56,11,2024,1,Bahrain Grand Prix,2024-03-02,Nico,Hülkenberg,HUL,Haas F1 Team,+1 Lap,3,85759.0,28586.333333333332,1.0
1121,839,214,19,17,0.0,56,11,2024,1,Bahrain Grand Prix,2024-03-02,Esteban,Ocon,OCO,Alpine F1 Team,+1 Lap,2,50022.0,25011.0,10.0
1121,842,214,20,18,0.0,56,11,2024,1,Bahrain Grand Prix,2024-03-02,Pierre,Gasly,GAS,Alpine F1 Team,+1 Lap,3,81682.0,27227.333333333332,12.0
1121,822,15,16,19,0.0,56,11,2024,1,Bahrain Grand Prix,2024-03-02,Valtteri,Bottas,BOT,Sauber,+1 Lap,2,101193.0,50596.5,12.0
1121,858,3,18,20,0.0,55,12,2024,1,Bahrain Grand Prix,2024-03-02,Logan,Sargeant,SAR,Williams,+2 Laps,3,86145.0,28715.0,10.0
1122,830,9,1,1,25.0,50,1,2024,2,Saudi Arabian Grand Prix,2024-03-09,Max,Verstappen,VER,Red Bull,Finished,1,20607.0,20607.0,7.0
1122,815,9,3,2,18.0,50,1,2024,2,Saudi Arabian Grand Prix,2024-03-09,Sergio,Pérez,PER,Red Bull,Finished,1,22196.0,22196.0,7.0
1122,844,6,2,3,16.0,50,1,2024,2,Saudi Arabian Grand Prix,2024-03-09,Charles,Leclerc,LEC,Ferrari,Finished,1,23419.0,23419.0,7.0
1122,857,1,5,4,12.0,50,1,2024,2,Saudi Arabian Grand Prix,2024-03-09,Oscar,Piastri,PIA,McLaren,Finished,1,21427.0,21427.0,7.0
1122,4,117,4,5,10.0,50,1,2024,2,Saudi Arabian Grand Prix,2024-03-09,Fernando,Alonso,ALO,Aston Martin,Finished,1,22129.0,22129.0,7.0
1122,847,131,7,6,8.0,50,1,2024,2,Saudi Arabian Grand Prix,2024-03-09,George,Russell,RUS,Mercedes,Finished,1,21013.0,21013.0,7.0
1122,860,6,11,7,6.0,50,1,2024,2,Saudi Arabian Grand Prix,2024-03-09,Oliver,Bearman,BEA,Ferrari,Finished,1,22457.0,22457.0,7.0
1122,846,1,6,8,4.0,50,1,2024,2,Saudi Arabian Grand Prix,2024-03-09,Lando,Norris,NOR,McLaren,Finished,1,22211.0,22211.0,37.0
1122,1,131,8,9,2.0,50,1,2024,2,Saudi Arabian Grand Prix,2024-03-09,Lewis,Hamilton,HAM,Mercedes,Finished,1,20170.0,20170.0,36.0
1122,807,210,15,10,1.0,50,1,2024,2,Saudi Arabian Grand Prix,2024-03-09,Nico,Hülkenberg,HUL,Haas F1 Team,Finished,1,21035.0,21035.0,33.0
1122,848,3,12,11,0.0,50,1,2024,2,Saudi Arabian Grand Prix,2024-03-09,Alexander,Albon,ALB,Williams,Finished,1,21723.0,21723.0,7.0
1122,825,210,13,12,0.0,50,1,2024,2,Saudi Arabian Grand Prix,2024-03-09,Kevin,Magnussen,MAG,Haas F1 Team,Finished,1,21460.0,21460.0,7.0
1122,839,214,17,13,0.0,49,11,2024,2,Saudi Arabian Grand Prix,2024-03-09,Esteban,Ocon,OCO,Alpine F1 Team,+1 Lap,1,22502.0,22502.0,7.0
1122,858,3,19,14,0.0,49,11,2024,2,Saudi Arabian Grand Prix,2024-03-09,Logan,Sargeant,SAR,Williams,+1 Lap,1,23645.0,23645.0,7.0
1122,852,215,9,15,0.0,49,11,2024,2,Saudi Arabian Grand Prix,2024-03-09,Yuki,Tsunoda,TSU,RB F1 Team,+1 Lap,1,21694.0,21694.0,7.0
1122,817,215,14,16,0.0,49,11,2024,2,Saudi Arabian Grand Prix,2024-03-09,Daniel,Ricciardo,RIC,RB F1 Team,+1 Lap,1,63364.0,63364.0,7.0
1122,822,15,16,17,0.0,49,11,2024,2,Saudi Arabian Grand Prix,2024-03-09,Valtteri,Bottas,BOT,Sauber,+1 Lap,2,46076.0,23038.0,7.0
1122,855,15,20,18,0.0,49,11,2024,2,Saudi Arabian Grand Prix,2024-03-09,Guanyu,Zhou,ZHO,Sauber,+1 Lap,1,46381.0,46381.0,41.0
1122,840,117,10,19,0.0,5,3,2024,2,Saudi Arabian Grand Prix,2024-03-09,Lance,Stroll,STR,Aston Martin,Accident,0,,,
1122,842,214,18,20,0.0,1,6,2024,2,Saudi Arabian Grand Prix,2024-03-09,Pierre,Gasly,GAS,Alpine F1 Team,Gearbox,0,,,
1123,832,6,2,1,25.0,58,1,2024,3,Australian Grand Prix,2024-03-24,Carlos,Sainz,SAI,Ferrari,Finished,2,35339.0,17669.5,16.0
1123,844,6,4,2,19.0,58,1,2024,3,Australian Grand Prix,2024-03-24,Charles,Leclerc,LEC,Ferrari,Finished,2,34717.0,17358.5,9.0
1123,846,1,3,3,15.0,58,1,2024,3,Australian Grand Prix,2024-03-24,Lando,Norris,NOR,McLaren,Finished,2,35429.0,17714.5,14.0
1123,857,1,5,4,12.0,58,1,2024,3,Australian Grand Prix,2024-03-24,Oscar,Piastri,PIA,McLaren,Finished,2,36106.0,18053.0,9.0
1123,815,9,6,5,10.0,58,1,2024,3,Australian Grand Prix,2024-03-24,Sergio,Pérez,PER,Red Bull,Finished,2,35334.0,17667.0,14.0
1123,840,117,9,6,8.0,58,1,2024,3,Australian Grand Prix,2024-03-24,Lance,Stroll,STR,Aston Martin,Finished,2,35878.0,17939.0,8.0
1123,852,215,8,7,6.0,58,1,2024,3,Australian Grand Prix,2024-03-24,Yuki,Tsunoda,TSU,RB F1 Team,Finished,2,36058.0,18029.0,9.0
1123,4,117,10,8,4.0,58,1,2024,3,Australian Grand Prix,2024-03-24,Fernando,Alonso,ALO,Aston Martin,Finished,2,36155.0,18077.5,17.0
1123,807,210,16,9,2.0,58,1,2024,3,Australian Grand Prix,2024-03-24,Nico,Hülkenberg,HUL,Haas F1 Team,Finished,2,36465.0,18232.5,17.0
1123,825,210,14,10,1.0,57,11,2024,3,Australian Grand Prix,2024-03-24,Kevin,Magnussen,MAG,Haas F1 Team,+1 Lap,2,36452.0,18226.0,7.0
1123,848,3,12,11,0.0,57,11,2024,3,Australian Grand Prix,2024-03-24,Alexander,Albon,ALB,Williams,+1 Lap,2,35500.0,17750.0,6.0
1123,817,215,18,12,0.0,57,11,2024,3,Australian Grand Prix,2024-03-24,Daniel,Ricciardo,RIC,RB F1 Team,+1 Lap,2,36016.0,18008.0,5.0
1123,842,214,17,13,0.0,57,11,2024,3,Australian Grand Prix,2024-03-24,Pierre,Gasly,GAS,Alpine F1 Team,+1 Lap,2,37998.0,18999.0,17.0
1123,822,15,13,14,0.0,57,11,2024,3,Australian Grand Prix,2024-03-24,Valtteri,Bottas,BOT,Sauber,+1 Lap,2,65907.0,32953.5,8.0
1123,855,15,19,15,0.0,57,11,2024,3,Australian Grand Prix,2024-03-24,Guanyu,Zhou,ZHO,Sauber,+1 Lap,2,55898.0,27949.0,6.0
1123,839,214,15,16,0.0,57,11,2024,3,Australian Grand Prix,2024-03-24,Esteban,Ocon,OCO,Alpine F1 Team,+1 Lap,3,66920.0,22306.666666666668,9.0
1123,847,131,7,17,0.0,56,3,2024,3,Australian Grand Prix,2024-03-24,George,Russell,RUS,Mercedes,Accident,2,36010.0,18005.0,8.0
1123,1,131,11,18,0.0,15,5,2024,3,Australian Grand Prix,2024-03-24,Lewis,Hamilton,HAM,Mercedes,Engine,1,17596.0,17596.0,7.0
1123,830,9,1,19,0.0,3,23,2024,3,Australian Grand Prix,2024-03-24,Max,Verstappen,VER,Red Bull,Brakes,0,,,
1124,830,9,1,1,26.0,53,1,2024,4,Japanese Grand Prix,2024-04-07,Max,Verstappen,VER,Red Bull,Finished,3,1622014.0,540671.3333333334,1.0
1124,815,9,2,2,18.0,53,1,2024,4,Japanese Grand Prix,2024-04-07,Sergio,Pérez,PER,Red Bull,Finished,3,1623607.0,541202.3333333334,1.0
1124,832,6,4,3,15.0,53,1,2024,4,Japanese Grand Prix,2024-04-07,Carlos,Sainz,SAI,Ferrari,Finished,3,1626824.0,542274.6666666666,1.0
1124,844,6,8,4,12.0,53,1,2024,4,Japanese Grand Prix,2024-04-07,Charles,Leclerc,LEC,Ferrari,Finished,2,1606618.0,803309.0,1.0
1124,846,1,3,5,10.0,53,1,2024,4,Japanese Grand Prix,2024-04-07,Lando,Norris,NOR,McLaren,Finished,3,1626397.0,542132.3333333334,1.0
1124,4,117,5,6,8.0,53,1,2024,4,Japanese Grand Prix,2024-04-07,Fernando,Alonso,ALO,Aston Martin,Finished,3,1627079.0,542359.6666666666,1.0
1124,847,131,9,7,6.0,53,1,2024,4,Japanese Grand Prix,2024-04-07,George,Russell,RUS,Mercedes,Finished,3,1627806.0,542602.0,1.0
1124,857,1,6,8,4.0,53,1,2024,4,Japanese Grand Prix,2024-04-07,Oscar,Piastri,PIA,McLaren,Finished,3,1626472.0,542157.3333333334,1.0
1124,1,131,7,9,2.0,53,1,2024,4,Japanese Grand Prix,2024-04-07,Lewis,Hamilton,HAM,Mercedes,Finished,3,1627985.0,542661.6666666666,1.0
1124,852,215,10,10,1.0,52,11,2024,4,Japanese Grand Prix,2024-04-07,Yuki,Tsunoda,TSU,RB F1 Team,+1 Lap,3,1631397.0,543799.0,1.0
1124,807,210,12,11,0.0,52,11,2024,4,Japanese Grand Prix,2024-04-07,Nico,Hülkenberg,HUL,Haas F1 Team,+1 Lap,3,1628501.0,542833.6666666666,1.0
1124,840,117,16,12,0.0,52,11,2024,4,Japanese Grand Prix,2024-04-07,Lance,Stroll,STR,Aston Martin,+1 Lap,4,1655418.0,413854.5,1.0
1124,825,210,18,13,0.0,52,11,2024,4,Japanese Grand Prix,2024-04-07,Kevin,Magnussen,MAG,Haas F1 Team,+1 Lap,2,1610828.0,805414.0,1.0
1124,822,15,13,14,0.0,52,11,2024,4,Japanese Grand Prix,2024-04-07,Valtteri,Bottas,BOT,Sauber,+1 Lap,3,1633312.0,544437.3333333334,1.0
1124,839,214,15,15,0.0,52,11,2024,4,Japanese Grand Prix,2024-04-07,Esteban,Ocon,OCO,Alpine F1 Team,+1 Lap,3,1633670.0,544556.6666666666,1.0
1124,842,214,17,16,0.0,52,11,2024,4,Japanese Grand Prix,2024-04-07,Pierre,Gasly,GAS,Alpine F1 Team,+1 Lap,3,1633739.0,544579.6666666666,1.0
1124,858,3,19,17,0.0,52,11,2024,4,Japanese Grand Prix,2024-04-07,Logan,Sargeant,SAR,Williams,+1 Lap,4,1658304.0,414576.0,1.0
1124,855,15,20,18,0.0,12,6,2024,4,Japanese Grand Prix,2024-04-07,Guanyu,Zhou,ZHO,Sauber,Gearbox,3,1633475.0,544491.6666666666,1.0
1124,817,215,11,19,0.0,0,3,2024,4,Japanese Grand Prix,2024-04-07,Daniel,Ricciardo,RIC,RB F1 Team,Accident,0,,,
1124,848,3,14,20,0.0,0,3,2024,4,Japanese Grand Prix,2024-04-07,Alexander,Albon,ALB,Williams,Accident,0,,,
1125,830,9,1,1,25.0,56,1,2024,5,Chinese Grand Prix,2024-04-21,Max,Verstappen,VER,Red Bull,Finished,2,44726.0,22363.0,13.0
1125,846,1,4,2,18.0,56,1,2024,5,Chinese Grand Prix,2024-04-21,Lando,Norris,NOR,McLaren,Finished,1,22161.0,22161.0,22.0
1125,815,9,2,3,15.0,56,1,2024,5,Chinese Grand Prix,2024-04-21,Sergio,Pérez,PER,Red Bull,Finished,2,44398.0,22199.0,13.0
1125,844,6,6,4,12.0,56,1,2024,5,Chinese Grand Prix,2024-04-21,Charles,Leclerc,LEC,Ferrari,Finished,1,22360.0,22360.0,21.0
1125,832,6,7,5,10.0,56,1,2024,5,Chinese Grand Prix,2024-04-21,Carlos,Sainz,SAI,Ferrari,Finished,1,22629.0,22629.0,17.0
1125,847,131,8,6,8.0,56,1,2024,5,Chinese Grand Prix,2024-04-21,George,Russell,RUS,Mercedes,Finished,2,45122.0,22561.0,11.0
1125,4,117,3,7,7.0,56,1,2024,5,Chinese Grand Prix,2024-04-21,Fernando,Alonso,ALO,Aston Martin,Finished,3,68915.0,22971.666666666668,11.0
1125,857,1,5,8,4.0,56,1,2024,5,Chinese Grand Prix,2024-04-21,Oscar,Piastri,PIA,McLaren,Finished,2,44935.0,22467.5,16.0
1125,1,131,18,9,2.0,56,1,2024,5,Chinese Grand Prix,2024-04-21,Lewis,Hamilton,HAM,Mercedes,Finished,2,45180.0,22590.0,9.0
1125,807,210,9,10,1.0,56,1,2024,5,Chinese Grand Prix,2024-04-21,Nico,Hülkenberg,HUL,Haas F1 Team,Finished,2,46340.0,23170.0,8.0
1125,839,214,13,11,0.0,56,1,2024,5,Chinese Grand Prix,2024-04-21,Esteban,Ocon,OCO,Alpine F1 Team,Finished,2,46364.0,23182.0,9.0
1125,848,3,14,12,0.0,56,1,2024,5,Chinese Grand Prix,2024-04-21,Alexander,Albon,ALB,Williams,Finished,2,46873.0,23436.5,9.0
1125,842,214,15,13,0.0,56,1,2024,5,Chinese Grand Prix,2024-04-21,Pierre,Gasly,GAS,Alpine F1 Team,Finished,3,86535.0,28845.0,11.0
1125,855,15,16,14,0.0,56,1,2024,5,Chinese Grand Prix,2024-04-21,Guanyu,Zhou,ZHO,Sauber,Finished,3,72224.0,24074.666666666668,8.0
1125,840,117,11,15,0.0,56,1,2024,5,Chinese Grand Prix,2024-04-21,Lance,Stroll,STR,Aston Martin,Finished,4,174785.0,43696.25,9.0
1125,825,210,17,16,0.0,56,1,2024,5,Chinese Grand Prix,2024-04-21,Kevin,Magnussen,MAG,Haas F1 Team,Finished,2,48701.0,24350.5,17.0
1125,858,3,20,17,0.0,56,1,2024,5,Chinese Grand Prix,2024-04-21,Logan,Sargeant,SAR,Williams,Finished,2,45913.0,22956.5,12.0
1125,817,215,12,18,0.0,33,31,2024,5,Chinese Grand Prix,2024-04-21,Daniel,Ricciardo,RIC,RB F1 Team,Retired,1,22598.0,22598.0,14.0
1125,852,215,19,19,0.0,26,31,2024,5,Chinese Grand Prix,2024-04-21,Yuki,Tsunoda,TSU,RB F1 Team,Retired,2,45547.0,22773.5,8.0
1125,822,15,10,20,0.0,19,31,2024,5,Chinese Grand Prix,2024-04-21,Valtteri,Bottas,BOT,Sauber,Retired,1,22949.0,22949.0,9.0
1126,846,1,5,1,25.0,57,1,2024,6,Miami Grand Prix,2024-05-05,Lando,Norris,NOR,McLaren,Finished,1,22041.0,22041.0,29.0
1126,830,9,1,2,18.0,57,1,2024,6,Miami Grand Prix,2024-05-05,Max,Verstappen,VER,Red Bull,Finished,1,22187.0,22187.0,23.0
1126,844,6,2,3,15.0,57,1,2024,6,Miami Grand Prix,2024-05-05,Charles,Leclerc,LEC,Ferrari,Finished,1,21825.0,21825.0,19.0
1126,815,9,4,4,12.0,57,1,2024,6,Miami Grand Prix,2024-05-05,Sergio,Pérez,PER,Red Bull,Finished,2,44091.0,22045.5,17.0
1126,832,6,3,5,10.0,57,1,2024,6,Miami Grand Prix,2024-05-05,Carlos,Sainz,SAI,Ferrari,Finished,1,22805.0,22805.0,27.0
1126,1,131,8,6,8.0,57,1,2024,6,Miami Grand Prix,2024-05-05,Lewis,Hamilton,HAM,Mercedes,Finished,1,22107.0,22107.0,26.0
1126,852,215,10,7,6.0,57,1,2024,6,Miami Grand Prix,2024-05-05,Yuki,Tsunoda,TSU,RB F1 Team,Finished,1,22153.0,22153.0,28.0
1126,847,131,7,8,4.0,57,1,2024,6,Miami Grand Prix,2024-05-05,George,Russell,RUS,Mercedes,Finished,1,22800.0,22800.0,24.0
1126,4,117,15,9,2.0,57,1,2024,6,Miami Grand Prix,2024-05-05,Fernando,Alonso,ALO,Aston Martin,Finished,1,22374.0,22374.0,22.0
1126,839,214,13,10,1.0,57,1,2024,6,Miami Grand Prix,2024-05-05,Esteban,Ocon,OCO,Alpine F1 Team,Finished,1,22663.0,22663.0,22.0
1126,807,210,9,11,0.0,57,1,2024,6,Miami Grand Prix,2024-05-05,Nico,Hülkenberg,HUL,Haas F1 Team,Finished,2,45542.0,22771.0,12.0
1126,842,214,12,12,0.0,57,1,2024,6,Miami Grand Prix,2024-05-05,Pierre,Gasly,GAS,Alpine F1 Team,Finished,1,22466.0,22466.0,12.0
1126,857,1,6,13,0.0,57,1,2024,6,Miami Grand Prix,2024-05-05,Oscar,Piastri,PIA,McLaren,Finished,2,52625.0,26312.5,27.0
1126,855,15,19,14,0.0,57,1,2024,6,Miami Grand Prix,2024-05-05,Guanyu,Zhou,ZHO,Sauber,Finished,1,23017.0,23017.0,28.0
1126,817,215,20,15,0.0,57,1,2024,6,Miami Grand Prix,2024-05-05,Daniel,Ricciardo,RIC,RB F1 Team,Finished,1,22540.0,22540.0,28.0
1126,822,15,16,16,0.0,57,1,2024,6,Miami Grand Prix,2024-05-05,Valtteri,Bottas,BOT,Sauber,Finished,2,46495.0,23247.5,11.0
1126,840,117,11,17,0.0,57,1,2024,6,Miami Grand Prix,2024-05-05,Lance,Stroll,STR,Aston Martin,Finished,2,45669.0,22834.5,11.0
1126,848,3,14,18,0.0,57,1,2024,6,Miami Grand Prix,2024-05-05,Alexander,Albon,ALB,Williams,Finished,2,45395.0,22697.5,10.0
1126,825,210,18,19,0.0,57,1,2024,6,Miami Grand Prix,2024-05-05,Kevin,Magnussen,MAG,Haas F1 Team,Finished,3,83724.0,27908.0,22.0
1126,858,3,17,20,0.0,27,4,2024,6,Miami Grand Prix,2024-05-05,Logan,Sargeant,SAR,Williams,Collision,1,22611.0,22611.0,11.0
1127,830,9,1,1,25.0,63,1,2024,7,Emilia Romagna Grand Prix,2024-05-19,Max,Verstappen,VER,Red Bull,Finished,1,30416.0,30416.0,24.0
1127,846,1,2,2,18.0,63,1,2024,7,Emilia Romagna Grand Prix,2024-05-19,Lando,Norris,NOR,McLaren,Finished,1,29956.0,29956.0,22.0
1127,844,6,3,3,15.0,63,1,2024,7,Emilia Romagna Grand Prix,2024-05-19,Charles,Leclerc,LEC,Ferrari,Finished,1,30149.0,30149.0,25.0
1127,857,1,5,4,12.0,63,1,2024,7,Emilia Romagna Grand Prix,2024-05-19,Oscar,Piastri,PIA,McLaren,Finished,1,29770.0,29770.0,23.0
1127,832,6,4,5,10.0,63,1,2024,7,Emilia Romagna Grand Prix,2024-05-19,Carlos,Sainz,SAI,Ferrari,Finished,1,30508.0,30508.0,27.0
1127,1,131,8,6,8.0,63,1,2024,7,Emilia Romagna Grand Prix,2024-05-19,Lewis,Hamilton,HAM,Mercedes,Finished,1,29547.0,29547.0,27.0
1127,847,131,6,7,7.0,63,1,2024,7,Emilia Romagna Grand Prix,2024-05-19,George,Russell,RUS,Mercedes,Finished,2,59269.0,29634.5,21.0
1127,815,9,11,8,4.0,63,1,2024,7,Emilia Romagna Grand Prix,2024-05-19,Sergio,Pérez,PER,Red Bull,Finished,1,29669.0,29669.0,37.0
1127,840,117,13,9,2.0,63,1,2024,7,Emilia Romagna Grand Prix,2024-05-19,Lance,Stroll,STR,Aston Martin,Finished,1,29971.0,29971.0,37.0
1127,852,215,7,10,1.0,62,11,2024,7,Emilia Romagna Grand Prix,2024-05-19,Yuki,Tsunoda,TSU,RB F1 Team,+1 Lap,1,29628.0,29628.0,12.0
1127,807,210,10,11,0.0,62,11,2024,7,Emilia Romagna Grand Prix,2024-05-19,Nico,Hülkenberg,HUL,Haas F1 Team,+1 Lap,1,29749.0,29749.0,13.0
1127,825,210,18,12,0.0,62,11,2024,7,Emilia Romagna Grand Prix,2024-05-19,Kevin,Magnussen,MAG,Haas F1 Team,+1 Lap,1,31302.0,31302.0,37.0
1127,817,215,9,13,0.0,62,11,2024,7,Emilia Romagna Grand Prix,2024-05-19,Daniel,Ricciardo,RIC,RB F1 Team,+1 Lap,1,30068.0,30068.0,11.0
1127,839,214,12,14,0.0,62,11,2024,7,Emilia Romagna Grand Prix,2024-05-19,Esteban,Ocon,OCO,Alpine F1 Team,+1 Lap,1,30659.0,30659.0,25.0
1127,855,15,17,15,0.0,62,11,2024,7,Emilia Romagna Grand Prix,2024-05-19,Guanyu,Zhou,ZHO,Sauber,+1 Lap,1,30244.0,30244.0,33.0
1127,842,214,15,16,0.0,62,11,2024,7,Emilia Romagna Grand Prix,2024-05-19,Pierre,Gasly,GAS,Alpine F1 Team,+1 Lap,2,60735.0,30367.5,8.0
1127,858,3,19,17,0.0,62,11,2024,7,Emilia Romagna Grand Prix,2024-05-19,Logan,Sargeant,SAR,Williams,+1 Lap,1,31085.0,31085.0,31.0
1127,822,15,16,18,0.0,62,11,2024,7,Emilia Romagna Grand Prix,2024-05-19,Valtteri,Bottas,BOT,Sauber,+1 Lap,1,30240.0,30240.0,8.0
1127,4,117,20,19,0.0,62,11,2024,7,Emilia Romagna Grand Prix,2024-05-19,Fernando,Alonso,ALO,Aston Martin,+1 Lap,3,91782.0,30594.0,7.0
1127,848,3,14,20,0.0,51,31,2024,7,Emilia Romagna Grand Prix,2024-05-19,Alexander,Albon,ALB,Williams,Retired,4,132773.0,33193.25,8.0
1128,844,6,1,1,25.0,78,1,2024,8,Monaco Grand Prix,2024-05-26,Charles,Leclerc,LEC,Ferrari,Finished,1,2358026.0,2358026.0,1.0
1128,857,1,2,2,18.0,78,1,2024,8,Monaco Grand Prix,2024-05-26,Oscar,Piastri,PIA,McLaren,Finished,1,2357645.0,2357645.0,1.0
1128,832,6,3,3,15.0,78,1,2024,8,Monaco Grand Prix,2024-05-26,Carlos,Sainz,SAI,Ferrari,Finished,1,2327072.0,2327072.0,1.0
1128,846,1,4,4,12.0,78,1,2024,8,Monaco Grand Prix,2024-05-26,Lando,Norris,NOR,McLaren,Finished,1,2365538.0,2365538.0,1.0
1128,847,131,5,5,10.0,78,1,2024,8,Monaco Grand Prix,2024-05-26,George,Russell,RUS,Mercedes,Finished,1,2369363.0,2369363.0,1.0
1128,830,9,6,6,8.0,78,1,2024,8,Monaco Grand Prix,2024-05-26,Max,Verstappen,VER,Red Bull,Finished,2,2396483.0,1198241.5,1.0
1128,1,131,7,7,7.0,78,1,2024,8,Monaco Grand Prix,2024-05-26,Lewis,Hamilton,HAM,Mercedes,Finished,2,2399601.0,1199800.5,1.0
1128,852,215,8,8,4.0,77,11,2024,8,Monaco Grand Prix,2024-05-26,Yuki,Tsunoda,TSU,RB F1 Team,+1 Lap,1,2377564.0,2377564.0,1.0
1128,848,3,9,9,2.0,77,11,2024,8,Monaco Grand Prix,2024-05-26,Alexander,Albon,ALB,Williams,+1 Lap,1,2381390.0,2381390.0,1.0
1128,842,214,10,10,1.0,77,11,2024,8,Monaco Grand Prix,2024-05-26,Pierre,Gasly,GAS,Alpine F1 Team,+1 Lap,1,2381893.0,2381893.0,1.0
1128,4,117,14,11,0.0,76,12,2024,8,Monaco Grand Prix,2024-05-26,Fernando,Alonso,ALO,Aston Martin,+2 Laps,1,2389467.0,2389467.0,1.0
1128,817,215,12,12,0.0,76,12,2024,8,Monaco Grand Prix,2024-05-26,Daniel,Ricciardo,RIC,RB F1 Team,+2 Laps,1,2385823.0,2385823.0,1.0
1128,822,15,17,13,0.0,76,12,2024,8,Monaco Grand Prix,2024-05-26,Valtteri,Bottas,BOT,Sauber,+2 Laps,2,2418292.0,1209146.0,1.0
1128,840,117,13,14,0.0,76,12,2024,8,Monaco Grand Prix,2024-05-26,Lance,Stroll,STR,Aston Martin,+2 Laps,3,2435931.0,811977.0,1.0
1128,858,3,15,15,0.0,76,12,2024,8,Monaco Grand Prix,2024-05-26,Logan,Sargeant,SAR,Williams,+2 Laps,2,2415984.0,1207992.0,1.0
1128,855,15,18,16,0.0,76,12,2024,8,Monaco Grand Prix,2024-05-26,Guanyu,Zhou,ZHO,Sauber,+2 Laps,2,2410781.0,1205390.5,1.0
1128,839,214,11,17,0.0,0,4,2024,8,Monaco Grand Prix,2024-05-26,Esteban,Ocon,OCO,Alpine F1 Team,Collision,0,,,
1128,815,9,16,18,0.0,0,4,2024,8,Monaco Grand Prix,2024-05-26,Sergio,Pérez,PER,Red Bull,Collision,0,,,
1128,807,210,19,19,0.0,0,4,2024,8,Monaco Grand Prix,2024-05-26,Nico,Hülkenberg,HUL,Haas F1 Team,Collision,0,,,
1128,825,210,20,20,0.0,0,4,2024,8,Monaco Grand Prix,2024-05-26,Kevin,Magnussen,MAG,Haas F1 Team,Collision,0,,,
1129,830,9,2,1,25.0,70,1,2024,9,Canadian Grand Prix,2024-06-09,Max,Verstappen,VER,Red Bull,Finished,2,48552.0,24276.0,25.0
1129,846,1,3,2,18.0,70,1,2024,9,Canadian Grand Prix,2024-06-09,Lando,Norris,NOR,McLaren,Finished,2,47406.0,23703.0,26.0
1129,847,131,1,3,15.0,70,1,2024,9,Canadian Grand Prix,2024-06-09,George,Russell,RUS,Mercedes,Finished,3,77632.0,25877.333333333332,25.0
1129,1,131,7,4,13.0,70,1,2024,9,Canadian Grand Prix,2024-06-09,Lewis,Hamilton,HAM,Mercedes,Finished,3,76805.0,25601.666666666668,25.0
1129,857,1,4,5,10.0,70,1,2024,9,Canadian Grand Prix,2024-06-09,Oscar,Piastri,PIA,McLaren,Finished,2,47453.0,23726.5,25.0
1129,4,117,6,6,8.0,70,1,2024,9,Canadian Grand Prix,2024-06-09,Fernando,Alonso,ALO,Aston Martin,Finished,2,50134.0,25067.0,25.0
1129,840,117,9,7,6.0,70,1,2024,9,Canadian Grand Prix,2024-06-09,Lance,Stroll,STR,Aston Martin,Finished,2,49309.0,24654.5,25.0
1129,817,215,5,8,4.0,70,1,2024,9,Canadian Grand Prix,2024-06-09,Daniel,Ricciardo,RIC,RB F1 Team,Finished,2,54158.0,27079.0,26.0
1129,842,214,15,9,2.0,70,1,2024,9,Canadian Grand Prix,2024-06-09,Pierre,Gasly,GAS,Alpine F1 Team,Finished,2,49319.0,24659.5,25.0
1129,839,214,18,10,1.0,70,1,2024,9,Canadian Grand Prix,2024-06-09,Esteban,Ocon,OCO,Alpine F1 Team,Finished,1,24495.0,24495.0,44.0
1129,807,210,17,11,0.0,70,1,2024,9,Canadian Grand Prix,2024-06-09,Nico,Hülkenberg,HUL,Haas F1 Team,Finished,3,73652.0,24550.666666666668,12.0
1129,825,210,14,12,0.0,70,1,2024,9,Canadian Grand Prix,2024-06-09,Kevin,Magnussen,MAG,Haas F1 Team,Finished,4,108944.0,27236.0,7.0
1129,822,15,0,13,0.0,70,1,2024,9,Canadian Grand Prix,2024-06-09,Valtteri,Bottas,BOT,Sauber,Finished,1,24929.0,24929.0,42.0
1129,852,215,8,14,0.0,70,1,2024,9,Canadian Grand Prix,2024-06-09,Yuki,Tsunoda,TSU,RB F1 Team,Finished,1,25569.0,25569.0,44.0
1129,855,15,0,15,0.0,69,11,2024,9,Canadian Grand Prix,2024-06-09,Guanyu,Zhou,ZHO,Sauber,+1 Lap,3,119537.0,39845.666666666664,24.0
1129,832,6,12,16,0.0,52,4,2024,9,Canadian Grand Prix,2024-06-09,Carlos,Sainz,SAI,Ferrari,Collision,2,51751.0,25875.5,25.0
1129,848,3,10,17,0.0,52,4,2024,9,Canadian Grand Prix,2024-06-09,Alexander,Albon,ALB,Williams,Collision,2,49557.0,24778.5,25.0
1129,815,9,16,18,0.0,51,3,2024,9,Canadian Grand Prix,2024-06-09,Sergio,Pérez,PER,Red Bull,Accident,2,58185.0,29092.5,25.0
1129,844,6,11,19,0.0,40,5,2024,9,Canadian Grand Prix,2024-06-09,Charles,Leclerc,LEC,Ferrari,Engine,3,95846.0,31948.666666666668,25.0
1129,858,3,13,20,0.0,23,3,2024,9,Canadian Grand Prix,2024-06-09,Logan,Sargeant,SAR,Williams,Accident,0,,,
1130,830,9,2,1,25.0,66,1,2024,10,Spanish Grand Prix,2024-06-23,Max,Verstappen,VER,Red Bull,Finished,2,43884.0,21942.0,17.0
1130,846,1,1,2,19.0,66,1,2024,10,Spanish Grand Prix,2024-06-23,Lando,Norris,NOR,McLaren,Finished,2,44249.0,22124.5,23.0
1130,1,131,3,3,15.0,66,1,2024,10,Spanish Grand Prix,2024-06-23,Lewis,Hamilton,HAM,Mercedes,Finished,2,43443.0,21721.5,16.0
1130,847,131,4,4,12.0,66,1,2024,10,Spanish Grand Prix,2024-06-23,George,Russell,RUS,Mercedes,Finished,2,47723.0,23861.5,15.0
1130,844,6,5,5,10.0,66,1,2024,10,Spanish Grand Prix,2024-06-23,Charles,Leclerc,LEC,Ferrari,Finished,2,43884.0,21942.0,24.0
1130,832,6,6,6,8.0,66,1,2024,10,Spanish Grand Prix,2024-06-23,Carlos,Sainz,SAI,Ferrari,Finished,2,44443.0,22221.5,15.0
1130,857,1,9,7,6.0,66,1,2024,10,Spanish Grand Prix,2024-06-23,Oscar,Piastri,PIA,McLaren,Finished,2,44644.0,22322.0,21.0
1130,815,9,11,8,4.0,66,1,2024,10,Spanish Grand Prix,2024-06-23,Sergio,Pérez,PER,Red Bull,Finished,3,65117.0,21705.666666666668,13.0
1130,842,214,7,9,2.0,66,1,2024,10,Spanish Grand Prix,2024-06-23,Pierre,Gasly,GAS,Alpine F1 Team,Finished,2,47784.0,23892.0,14.0
1130,839,214,8,10,1.0,66,1,2024,10,Spanish Grand Prix,2024-06-23,Esteban,Ocon,OCO,Alpine F1 Team,Finished,2,43755.0,21877.5,13.0
1130,807,210,13,11,0.0,66,1,2024,10,Spanish Grand Prix,2024-06-23,Nico,Hülkenberg,HUL,Haas F1 Team,Finished,2,45240.0,22620.0,12.0
1130,4,117,10,12,0.0,65,11,2024,10,Spanish Grand Prix,2024-06-23,Fernando,Alonso,ALO,Aston Martin,+1 Lap,2,44528.0,22264.0,19.0
1130,855,15,15,13,0.0,65,11,2024,10,Spanish Grand Prix,2024-06-23,Guanyu,Zhou,ZHO,Sauber,+1 Lap,2,46776.0,23388.0,9.0
1130,840,117,14,14,0.0,65,11,2024,10,Spanish Grand Prix,2024-06-23,Lance,Stroll,STR,Aston Martin,+1 Lap,2,45261.0,22630.5,17.0
1130,817,215,18,15,0.0,65,11,2024,10,Spanish Grand Prix,2024-06-23,Daniel,Ricciardo,RIC,RB F1 Team,+1 Lap,2,44472.0,22236.0,16.0
1130,822,15,12,16,0.0,65,11,2024,10,Spanish Grand Prix,2024-06-23,Valtteri,Bottas,BOT,Sauber,+1 Lap,2,45707.0,22853.5,11.0
1130,825,210,16,17,0.0,65,11,2024,10,Spanish Grand Prix,2024-06-23,Kevin,Magnussen,MAG,Haas F1 Team,+1 Lap,2,52327.0,26163.5,10.0
1130,848,3,0,18,0.0,65,11,2024,10,Spanish Grand Prix,2024-06-23,Alexander,Albon,ALB,Williams,+1 Lap,2,45140.0,22570.0,18.0
1130,852,215,17,19,0.0,65,11,2024,10,Spanish Grand Prix,2024-06-23,Yuki,Tsunoda,TSU,RB F1 Team,+1 Lap,3,66712.0,22237.333333333332,9.0
1130,858,3,19,20,0.0,64,12,2024,10,Spanish Grand Prix,2024-06-23,Logan,Sargeant,SAR,Williams,+2 Laps,2,44907.0,22453.5,14.0
1131,847,131,3,1,25.0,71,1,2024,11,Austrian Grand Prix,2024-06-30,George,Russell,RUS,Mercedes,Finished,2,42902.0,21451.0,22.0
1131,857,1,7,2,18.0,71,1,2024,11,Austrian Grand Prix,2024-06-30,Oscar,Piastri,PIA,McLaren,Finished,2,41753.0,20876.5,25.0
1131,832,6,4,3,15.0,71,1,2024,11,Austrian Grand Prix,2024-06-30,Carlos,Sainz,SAI,Ferrari,Finished,2,42509.0,21254.5,22.0
1131,1,131,5,4,12.0,71,1,2024,11,Austrian Grand Prix,2024-06-30,Lewis,Hamilton,HAM,Mercedes,Finished,2,48844.0,24422.0,21.0
1131,830,9,1,5,10.0,71,1,2024,11,Austrian Grand Prix,2024-06-30,Max,Verstappen,VER,Red Bull,Finished,3,70469.0,23489.666666666668,23.0
1131,807,210,9,6,8.0,71,1,2024,11,Austrian Grand Prix,2024-06-30,Nico,Hülkenberg,HUL,Haas F1 Team,Finished,2,44169.0,22084.5,11.0
1131,815,9,8,7,6.0,71,1,2024,11,Austrian Grand Prix,2024-06-30,Sergio,Pérez,PER,Red Bull,Finished,2,48791.0,24395.5,21.0
1131,825,210,12,8,4.0,71,1,2024,11,Austrian Grand Prix,2024-06-30,Kevin,Magnussen,MAG,Haas F1 Team,Finished,2,43350.0,21675.0,10.0
1131,817,215,11,9,2.0,71,1,2024,11,Austrian Grand Prix,2024-06-30,Daniel,Ricciardo,RIC,RB F1 Team,Finished,2,42595.0,21297.5,10.0
1131,842,214,13,10,1.0,71,1,2024,11,Austrian Grand Prix,2024-06-30,Pierre,Gasly,GAS,Alpine F1 Team,Finished,2,43474.0,21737.0,20.0
1131,844,6,6,11,0.0,71,1,2024,11,Austrian Grand Prix,2024-06-30,Charles,Leclerc,LEC,Ferrari,Finished,4,96748.0,24187.0,1.0
1131,839,214,10,12,0.0,71,1,2024,11,Austrian Grand Prix,2024-06-30,Esteban,Ocon,OCO,Alpine F1 Team,Finished,2,43522.0,21761.0,19.0
1131,840,117,17,13,0.0,70,11,2024,11,Austrian Grand Prix,2024-06-30,Lance,Stroll,STR,Aston Martin,+1 Lap,2,42701.0,21350.5,20.0
1131,852,215,14,14,0.0,70,11,2024,11,Austrian Grand Prix,2024-06-30,Yuki,Tsunoda,TSU,RB F1 Team,+1 Lap,2,44694.0,22347.0,21.0
1131,848,3,16,15,0.0,70,11,2024,11,Austrian Grand Prix,2024-06-30,Alexander,Albon,ALB,Williams,+1 Lap,2,43570.0,21785.0,12.0
1131,822,15,18,16,0.0,70,11,2024,11,Austrian Grand Prix,2024-06-30,Valtteri,Bottas,BOT,Sauber,+1 Lap,2,43909.0,21954.5,19.0
1131,855,15,20,17,0.0,70,11,2024,11,Austrian Grand Prix,2024-06-30,Guanyu,Zhou,ZHO,Sauber,+1 Lap,2,44792.0,22396.0,28.0
1131,4,117,15,18,0.0,70,11,2024,11,Austrian Grand Prix,2024-06-30,Fernando,Alonso,ALO,Aston Martin,+1 Lap,3,77917.0,25972.333333333332,11.0
1131,858,3,19,19,0.0,69,12,2024,11,Austrian Grand Prix,2024-06-30,Logan,Sargeant,SAR,Williams,+2 Laps,3,76317.0,25439.0,1.0
1131,846,1,2,20,0.0,64,17,2024,11,Austrian Grand Prix,2024-06-30,Lando,Norris,NOR,McLaren,+7 Laps,2,43028.0,21514.0,23.0
1132,1,131,2,1,25.0,52,1,2024,12,British Grand Prix,2024-07-07,Lewis,Hamilton,HAM,Mercedes,Finished,2,58967.0,29483.5,27.0
1132,830,9,4,2,18.0,52,1,2024,12,British Grand Prix,2024-07-07,Max,Verstappen,VER,Red Bull,Finished,2,57441.0,28720.5,26.0
1132,846,1,3,3,15.0,52,1,2024,12,British Grand Prix,2024-07-07,Lando,Norris,NOR,McLaren,Finished,2,59048.0,29524.0,27.0
1132,857,1,5,4,12.0,52,1,2024,12,British Grand Prix,2024-07-07,Oscar,Piastri,PIA,McLaren,Finished,2,58741.0,29370.5,28.0
1132,832,6,7,5,11.0,52,1,2024,12,British Grand Prix,2024-07-07,Carlos,Sainz,SAI,Ferrari,Finished,3,87002.0,29000.666666666668,26.0
1132,807,210,6,6,8.0,52,1,2024,12,British Grand Prix,2024-07-07,Nico,Hülkenberg,HUL,Haas F1 Team,Finished,2,59677.0,29838.5,26.0
1132,840,117,8,7,6.0,52,1,2024,12,British Grand Prix,2024-07-07,Lance,Stroll,STR,Aston Martin,Finished,2,58492.0,29246.0,26.0
1132,4,117,10,8,4.0,52,1,2024,12,British Grand Prix,2024-07-07,Fernando,Alonso,ALO,Aston Martin,Finished,2,59027.0,29513.5,27.0
1132,848,3,9,9,2.0,52,1,2024,12,British Grand Prix,2024-07-07,Alexander,Albon,ALB,Williams,Finished,2,64152.0,32076.0,27.0
1132,852,215,13,10,1.0,52,1,2024,12,British Grand Prix,2024-07-07,Yuki,Tsunoda,TSU,RB F1 Team,Finished,2,59658.0,29829.0,27.0
1132,858,3,12,11,0.0,52,1,2024,12,British Grand Prix,2024-07-07,Logan,Sargeant,SAR,Williams,Finished,2,62245.0,31122.5,27.0
1132,825,210,17,12,0.0,52,1,2024,12,British Grand Prix,2024-07-07,Kevin,Magnussen,MAG,Haas F1 Team,Finished,2,60192.0,30096.0,27.0
1132,817,215,15,13,0.0,51,11,2024,12,British Grand Prix,2024-07-07,Daniel,Ricciardo,RIC,RB F1 Team,+1 Lap,2,58748.0,29374.0,26.0
1132,844,6,11,14,0.0,51,11,2024,12,British Grand Prix,2024-07-07,Charles,Leclerc,LEC,Ferrari,+1 Lap,3,86880.0,28960.0,19.0
1132,822,15,16,15,0.0,51,11,2024,12,British Grand Prix,2024-07-07,Valtteri,Bottas,BOT,Sauber,+1 Lap,2,62155.0,31077.5,26.0
1132,839,214,18,16,0.0,50,12,2024,12,British Grand Prix,2024-07-07,Esteban,Ocon,OCO,Alpine F1 Team,+2 Laps,4,115146.0,28786.5,19.0
1132,815,9,0,17,0.0,50,12,2024,12,British Grand Prix,2024-07-07,Sergio,Pérez,PER,Red Bull,+2 Laps,4,118875.0,29718.75,19.0
1132,855,15,14,18,0.0,50,12,2024,12,British Grand Prix,2024-07-07,Guanyu,Zhou,ZHO,Sauber,+2 Laps,4,121224.0,30306.0,12.0
1132,847,131,1,19,0.0,33,34,2024,12,British Grand Prix,2024-07-07,George,Russell,RUS,Mercedes,Water pressure,1,32045.0,32045.0,27.0
1132,842,214,19,20,0.0,0,6,2024,12,British Grand Prix,2024-07-07,Pierre,Gasly,GAS,Alpine F1 Team,Gearbox,0,,,
1133,857,1,2,1,25.0,70,1,2024,13,Hungarian Grand Prix,2024-07-21,Oscar,Piastri,PIA,McLaren,Finished,2,43464.0,21732.0,18.0
1133,846,1,1,2,18.0,70,1,2024,13,Hungarian Grand Prix,2024-07-21,Lando,Norris,NOR,McLaren,Finished,2,43110.0,21555.0,17.0
1133,1,131,5,3,15.0,70,1,2024,13,Hungarian Grand Prix,2024-07-21,Lewis,Hamilton,HAM,Mercedes,Finished,2,43216.0,21608.0,16.0
1133,844,6,6,4,12.0,70,1,2024,13,Hungarian Grand Prix,2024-07-21,Charles,Leclerc,LEC,Ferrari,Finished,2,43617.0,21808.5,23.0
1133,830,9,3,5,10.0,70,1,2024,13,Hungarian Grand Prix,2024-07-21,Max,Verstappen,VER,Red Bull,Finished,2,43445.0,21722.5,21.0
1133,832,6,4,6,8.0,70,1,2024,13,Hungarian Grand Prix,2024-07-21,Carlos,Sainz,SAI,Ferrari,Finished,2,43094.0,21547.0,21.0
1133,815,9,16,7,6.0,70,1,2024,13,Hungarian Grand Prix,2024-07-21,Sergio,Pérez,PER,Red Bull,Finished,2,42451.0,21225.5,28.0
1133,847,131,17,8,5.0,70,1,2024,13,Hungarian Grand Prix,2024-07-21,George,Russell,RUS,Mercedes,Finished,2,42697.0,21348.5,33.0
1133,852,215,10,9,2.0,70,1,2024,13,Hungarian Grand Prix,2024-07-21,Yuki,Tsunoda,TSU,RB F1 Team,Finished,1,21467.0,21467.0,29.0
1133,840,117,8,10,1.0,70,1,2024,13,Hungarian Grand Prix,2024-07-21,Lance,Stroll,STR,Aston Martin,Finished,2,45513.0,22756.5,14.0
1133,4,117,7,11,0.0,70,1,2024,13,Hungarian Grand Prix,2024-07-21,Fernando,Alonso,ALO,Aston Martin,Finished,2,44342.0,22171.0,7.0
1133,817,215,9,12,0.0,69,11,2024,13,Hungarian Grand Prix,2024-07-21,Daniel,Ricciardo,RIC,RB F1 Team,+1 Lap,2,42462.0,21231.0,7.0
1133,807,210,11,13,0.0,69,11,2024,13,Hungarian Grand Prix,2024-07-21,Nico,Hülkenberg,HUL,Haas F1 Team,+1 Lap,2,44759.0,22379.5,2.0
1133,848,3,13,14,0.0,69,11,2024,13,Hungarian Grand Prix,2024-07-21,Alexander,Albon,ALB,Williams,+1 Lap,2,45501.0,22750.5,6.0
1133,825,210,15,15,0.0,69,11,2024,13,Hungarian Grand Prix,2024-07-21,Kevin,Magnussen,MAG,Haas F1 Team,+1 Lap,2,44402.0,22201.0,6.0
1133,822,15,12,16,0.0,69,11,2024,13,Hungarian Grand Prix,2024-07-21,Valtteri,Bottas,BOT,Sauber,+1 Lap,2,44127.0,22063.5,16.0
1133,858,3,14,17,0.0,69,11,2024,13,Hungarian Grand Prix,2024-07-21,Logan,Sargeant,SAR,Williams,+1 Lap,3,65063.0,21687.666666666668,8.0
1133,839,214,19,18,0.0,69,11,2024,13,Hungarian Grand Prix,2024-07-21,Esteban,Ocon,OCO,Alpine F1 Team,+1 Lap,3,64603.0,21534.333333333332,6.0
1133,855,15,18,19,0.0,69,11,2024,13,Hungarian Grand Prix,2024-07-21,Guanyu,Zhou,ZHO,Sauber,+1 Lap,2,44176.0,22088.0,7.0
1133,842,214,0,20,0.0,33,9,2024,13,Hungarian Grand Prix,2024-07-21,Pierre,Gasly,GAS,Alpine F1 Team,Hydraulics,1,21405.0,21405.0,28.0
1134,1,131,3,1,25.0,44,1,2024,14,Belgian Grand Prix,2024-07-28,Lewis,Hamilton,HAM,Mercedes,Finished,2,45892.0,22946.0,11.0
1134,857,1,5,2,18.0,44,1,2024,14,Belgian Grand Prix,2024-07-28,Oscar,Piastri,PIA,McLaren,Finished,2,46748.0,23374.0,11.0
1134,844,6,1,3,15.0,44,1,2024,14,Belgian Grand Prix,2024-07-28,Charles,Leclerc,LEC,Ferrari,Finished,2,46272.0,23136.0,12.0
1134,830,9,11,4,12.0,44,1,2024,14,Belgian Grand Prix,2024-07-28,Max,Verstappen,VER,Red Bull,Finished,2,46157.0,23078.5,10.0
1134,846,1,4,5,10.0,44,1,2024,14,Belgian Grand Prix,2024-07-28,Lando,Norris,NOR,McLaren,Finished,2,45292.0,22646.0,15.0
1134,832,6,7,6,8.0,44,1,2024,14,Belgian Grand Prix,2024-07-28,Carlos,Sainz,SAI,Ferrari,Finished,2,46169.0,23084.5,20.0
1134,815,9,2,7,7.0,44,1,2024,14,Belgian Grand Prix,2024-07-28,Sergio,Pérez,PER,Red Bull,Finished,3,67972.0,22657.333333333332,11.0
1134,4,117,8,8,4.0,44,1,2024,14,Belgian Grand Prix,2024-07-28,Fernando,Alonso,ALO,Aston Martin,Finished,1,23075.0,23075.0,13.0
1134,839,214,9,9,2.0,44,1,2024,14,Belgian Grand Prix,2024-07-28,Esteban,Ocon,OCO,Alpine F1 Team,Finished,2,46912.0,23456.0,12.0
1134,817,215,13,10,1.0,44,1,2024,14,Belgian Grand Prix,2024-07-28,Daniel,Ricciardo,RIC,RB F1 Team,Finished,2,44971.0,22485.5,8.0
1134,840,117,15,11,0.0,44,1,2024,14,Belgian Grand Prix,2024-07-28,Lance,Stroll,STR,Aston Martin,Finished,1,23010.0,23010.0,12.0
1134,848,3,10,12,0.0,44,1,2024,14,Belgian Grand Prix,2024-07-28,Alexander,Albon,ALB,Williams,Finished,2,46752.0,23376.0,8.0
1134,842,214,12,13,0.0,44,1,2024,14,Belgian Grand Prix,2024-07-28,Pierre,Gasly,GAS,Alpine F1 Team,Finished,2,45744.0,22872.0,9.0
1134,825,210,17,14,0.0,44,1,2024,14,Belgian Grand Prix,2024-07-28,Kevin,Magnussen,MAG,Haas F1 Team,Finished,1,23619.0,23619.0,17.0
1134,822,15,14,15,0.0,44,1,2024,14,Belgian Grand Prix,2024-07-28,Valtteri,Bottas,BOT,Sauber,Finished,2,46096.0,23048.0,11.0
1134,852,215,20,16,0.0,44,1,2024,14,Belgian Grand Prix,2024-07-28,Yuki,Tsunoda,TSU,RB F1 Team,Finished,1,23452.0,23452.0,15.0
1134,858,3,18,17,0.0,44,1,2024,14,Belgian Grand Prix,2024-07-28,Logan,Sargeant,SAR,Williams,Finished,2,47030.0,23515.0,8.0
1134,807,210,16,18,0.0,44,1,2024,14,Belgian Grand Prix,2024-07-28,Nico,Hülkenberg,HUL,Haas F1 Team,Finished,2,46830.0,23415.0,7.0
1134,855,15,19,19,0.0,5,31,2024,14,Belgian Grand Prix,2024-07-28,Guanyu,Zhou,ZHO,Sauber,Retired,0,,,
1134,847,131,6,20,0.0,44,2,2024,14,Belgian Grand Prix,2024-07-28,George,Russell,RUS,Mercedes,Disqualified,1,22686.0,22686.0,10.0
1135,846,1,1,1,26.0,72,1,2024,15,Dutch Grand Prix,2024-08-25,Lando,Norris,NOR,McLaren,Finished,1,21536.0,21536.0,28.0
1135,830,9,2,2,18.0,72,1,2024,15,Dutch Grand Prix,2024-08-25,Max,Verstappen,VER,Red Bull,Finished,1,20785.0,20785.0,27.0
1135,844,6,6,3,15.0,72,1,2024,15,Dutch Grand Prix,2024-08-25,Charles,Leclerc,LEC,Ferrari,Finished,1,20841.0,20841.0,24.0
1135,857,1,3,4,12.0,72,1,2024,15,Dutch Grand Prix,2024-08-25,Oscar,Piastri,PIA,McLaren,Finished,1,20969.0,20969.0,33.0
1135,832,6,10,5,10.0,72,1,2024,15,Dutch Grand Prix,2024-08-25,Carlos,Sainz,SAI,Ferrari,Finished,1,20840.0,20840.0,30.0
1135,815,9,5,6,8.0,72,1,2024,15,Dutch Grand Prix,2024-08-25,Sergio,Pérez,PER,Red Bull,Finished,1,22934.0,22934.0,29.0
1135,847,131,4,7,6.0,72,1,2024,15,Dutch Grand Prix,2024-08-25,George,Russell,RUS,Mercedes,Finished,2,43005.0,21502.5,25.0
1135,1,131,14,8,4.0,72,1,2024,15,Dutch Grand Prix,2024-08-25,Lewis,Hamilton,HAM,Mercedes,Finished,2,42194.0,21097.0,23.0
1135,842,214,9,9,2.0,71,11,2024,15,Dutch Grand Prix,2024-08-25,Pierre,Gasly,GAS,Alpine F1 Team,+1 Lap,1,22646.0,22646.0,32.0
1135,4,117,7,10,1.0,71,11,2024,15,Dutch Grand Prix,2024-08-25,Fernando,Alonso,ALO,Aston Martin,+1 Lap,1,21348.0,21348.0,31.0
1135,807,210,12,11,0.0,71,11,2024,15,Dutch Grand Prix,2024-08-25,Nico,Hülkenberg,HUL,Haas F1 Team,+1 Lap,1,21619.0,21619.0,14.0
1135,817,215,13,12,0.0,71,11,2024,15,Dutch Grand Prix,2024-08-25,Daniel,Ricciardo,RIC,RB F1 Team,+1 Lap,1,20942.0,20942.0,29.0
1135,840,117,8,13,0.0,71,11,2024,15,Dutch Grand Prix,2024-08-25,Lance,Stroll,STR,Aston Martin,+1 Lap,1,21385.0,21385.0,30.0
1135,848,3,19,14,0.0,71,11,2024,15,Dutch Grand Prix,2024-08-25,Alexander,Albon,ALB,Williams,+1 Lap,2,42274.0,21137.0,12.0
1135,839,214,15,15,0.0,71,11,2024,15,Dutch Grand Prix,2024-08-25,Esteban,Ocon,OCO,Alpine F1 Team,+1 Lap,1,21015.0,21015.0,30.0
1135,858,3,18,16,0.0,71,11,2024,15,Dutch Grand Prix,2024-08-25,Logan,Sargeant,SAR,Williams,+1 Lap,1,22030.0,22030.0,22.0
1135,852,215,11,17,0.0,71,11,2024,15,Dutch Grand Prix,2024-08-25,Yuki,Tsunoda,TSU,RB F1 Team,+1 Lap,2,42129.0,21064.5,14.0
1135,825,210,0,18,0.0,71,11,2024,15,Dutch Grand Prix,2024-08-25,Kevin,Magnussen,MAG,Haas F1 Team,+1 Lap,1,21403.0,21403.0,40.0
1135,822,15,16,19,0.0,70,12,2024,15,Dutch Grand Prix,2024-08-25,Valtteri,Bottas,BOT,Sauber,+2 Laps,2,42368.0,21184.0,15.0
1135,855,15,17,20,0.0,70,12,2024,15,Dutch Grand Prix,2024-08-25,Guanyu,Zhou,ZHO,Sauber,+2 Laps,2,43258.0,21629.0,18.0
1136,844,6,4,1,25.0,53,1,2024,16,Italian Grand Prix,2024-09-01,Charles,Leclerc,LEC,Ferrari,Finished,1,24551.0,24551.0,15.0
1136,857,1,2,2,18.0,53,1,2024,16,Italian Grand Prix,2024-09-01,Oscar,Piastri,PIA,McLaren,Finished,2,48463.0,24231.5,16.0
1136,846,1,1,3,16.0,53,1,2024,16,Italian Grand Prix,2024-09-01,Lando,Norris,NOR,McLaren,Finished,2,49039.0,24519.5,14.0
1136,832,6,5,4,12.0,53,1,2024,16,Italian Grand Prix,2024-09-01,Carlos,Sainz,SAI,Ferrari,Finished,1,24313.0,24313.0,19.0
1136,1,131,6,5,10.0,53,1,2024,16,Italian Grand Prix,2024-09-01,Lewis,Hamilton,HAM,Mercedes,Finished,2,48624.0,24312.0,15.0
1136,830,9,7,6,8.0,53,1,2024,16,Italian Grand Prix,2024-09-01,Max,Verstappen,VER,Red Bull,Finished,2,52348.0,26174.0,22.0
1136,847,131,3,7,6.0,53,1,2024,16,Italian Grand Prix,2024-09-01,George,Russell,RUS,Mercedes,Finished,2,58993.0,29496.5,11.0
1136,815,9,8,8,4.0,53,1,2024,16,Italian Grand Prix,2024-09-01,Sergio,Pérez,PER,Red Bull,Finished,2,48758.0,24379.0,23.0
1136,848,3,9,9,2.0,53,1,2024,16,Italian Grand Prix,2024-09-01,Alexander,Albon,ALB,Williams,Finished,1,24801.0,24801.0,17.0
1136,825,210,13,10,1.0,53,1,2024,16,Italian Grand Prix,2024-09-01,Kevin,Magnussen,MAG,Haas F1 Team,Finished,1,25672.0,25672.0,14.0
1136,4,117,11,11,0.0,53,1,2024,16,Italian Grand Prix,2024-09-01,Fernando,Alonso,ALO,Aston Martin,Finished,2,49367.0,24683.5,12.0
1136,861,3,18,12,0.0,53,1,2024,16,Italian Grand Prix,2024-09-01,Franco,Colapinto,COL,Williams,Finished,1,25147.0,25147.0,16.0
1136,817,215,12,13,0.0,53,1,2024,16,Italian Grand Prix,2024-09-01,Daniel,Ricciardo,RIC,RB F1 Team,Finished,1,30317.0,30317.0,11.0
1136,839,214,15,14,0.0,52,11,2024,16,Italian Grand Prix,2024-09-01,Esteban,Ocon,OCO,Alpine F1 Team,+1 Lap,1,24146.0,24146.0,31.0
1136,842,214,14,15,0.0,52,11,2024,16,Italian Grand Prix,2024-09-01,Pierre,Gasly,GAS,Alpine F1 Team,+1 Lap,2,48538.0,24269.0,10.0
1136,822,15,19,16,0.0,52,11,2024,16,Italian Grand Prix,2024-09-01,Valtteri,Bottas,BOT,Sauber,+1 Lap,1,24410.0,24410.0,33.0
1136,807,210,10,17,0.0,52,11,2024,16,Italian Grand Prix,2024-09-01,Nico,Hülkenberg,HUL,Haas F1 Team,+1 Lap,2,75451.0,37725.5,5.0
1136,855,15,20,18,0.0,52,11,2024,16,Italian Grand Prix,2024-09-01,Guanyu,Zhou,ZHO,Sauber,+1 Lap,1,27138.0,27138.0,15.0
1136,840,117,17,19,0.0,52,11,2024,16,Italian Grand Prix,2024-09-01,Lance,Stroll,STR,Aston Martin,+1 Lap,3,74458.0,24819.333333333332,19.0
1136,852,215,16,20,0.0,7,25,2024,16,Italian Grand Prix,2024-09-01,Yuki,Tsunoda,TSU,RB F1 Team,Overheating,0,,,
1137,857,1,2,1,25.0,51,1,2024,17,Azerbaijan Grand Prix,2024-09-15,Oscar,Piastri,PIA,McLaren,Finished,1,20181.0,20181.0,15.0
1137,844,6,1,2,18.0,51,1,2024,17,Azerbaijan Grand Prix,2024-09-15,Charles,Leclerc,LEC,Ferrari,Finished,1,20671.0,20671.0,16.0
1137,847,131,5,3,15.0,51,1,2024,17,Azerbaijan Grand Prix,2024-09-15,George,Russell,RUS,Mercedes,Finished,1,19954.0,19954.0,12.0
1137,846,1,15,4,13.0,51,1,2024,17,Azerbaijan Grand Prix,2024-09-15,Lando,Norris,NOR,McLaren,Finished,1,19712.0,19712.0,37.0
1137,830,9,6,5,10.0,51,1,2024,17,Azerbaijan Grand Prix,2024-09-15,Max,Verstappen,VER,Red Bull,Finished,2,41870.0,20935.0,12.0
1137,4,117,7,6,8.0,51,1,2024,17,Azerbaijan Grand Prix,2024-09-15,Fernando,Alonso,ALO,Aston Martin,Finished,1,20073.0,20073.0,11.0
1137,848,3,9,7,6.0,51,1,2024,17,Azerbaijan Grand Prix,2024-09-15,Alexander,Albon,ALB,Williams,Finished,1,20287.0,20287.0,31.0
1137,861,3,8,8,4.0,51,1,2024,17,Azerbaijan Grand Prix,2024-09-15,Franco,Colapinto,COL,Williams,Finished,1,20596.0,20596.0,10.0
1137,1,131,0,9,2.0,51,1,2024,17,Azerbaijan Grand Prix,2024-09-15,Lewis,Hamilton,HAM,Mercedes,Finished,1,21289.0,21289.0,12.0
1137,860,210,10,10,1.0,51,1,2024,17,Azerbaijan Grand Prix,2024-09-15,Oliver,Bearman,BEA,Haas F1 Team,Finished,1,21276.0,21276.0,14.0
1137,807,210,12,11,0.0,51,1,2024,17,Azerbaijan Grand Prix,2024-09-15,Nico,Hülkenberg,HUL,Haas F1 Team,Finished,1,21617.0,21617.0,15.0
1137,842,214,18,12,0.0,51,1,2024,17,Azerbaijan Grand Prix,2024-09-15,Pierre,Gasly,GAS,Alpine F1 Team,Finished,1,20257.0,20257.0,50.0
1137,817,215,14,13,0.0,51,1,2024,17,Azerbaijan Grand Prix,2024-09-15,Daniel,Ricciardo,RIC,RB F1 Team,Finished,1,21984.0,21984.0,49.0
1137,855,15,17,14,0.0,51,1,2024,17,Azerbaijan Grand Prix,2024-09-15,Guanyu,Zhou,ZHO,Sauber,Finished,1,20520.0,20520.0,34.0
1137,839,214,0,15,0.0,50,11,2024,17,Azerbaijan Grand Prix,2024-09-15,Esteban,Ocon,OCO,Alpine F1 Team,+1 Lap,1,20634.0,20634.0,49.0
1137,822,15,16,16,0.0,50,11,2024,17,Azerbaijan Grand Prix,2024-09-15,Valtteri,Bottas,BOT,Sauber,+1 Lap,1,20045.0,20045.0,11.0
1137,815,9,4,17,0.0,49,31,2024,17,Azerbaijan Grand Prix,2024-09-15,Sergio,Pérez,PER,Red Bull,Retired,1,20630.0,20630.0,13.0
1137,832,6,3,18,0.0,49,31,2024,17,Azerbaijan Grand Prix,2024-09-15,Carlos,Sainz,SAI,Ferrari,Retired,1,21483.0,21483.0,17.0
1137,840,117,13,19,0.0,45,31,2024,17,Azerbaijan Grand Prix,2024-09-15,Lance,Stroll,STR,Aston Martin,Retired,2,41337.0,20668.5,1.0
1137,852,215,11,20,0.0,14,31,2024,17,Azerbaijan Grand Prix,2024-09-15,Yuki,Tsunoda,TSU,RB F1 Team,Retired,1,20922.0,20922.0,12.0
1138,846,1,1,1,25.0,62,1,2024,18,Singapore Grand Prix,2024-09-22,Lando,Norris,NOR,McLaren,Finished,1,29091.0,29091.0,30.0
1138,830,9,2,2,18.0,62,1,2024,18,Singapore Grand Prix,2024-09-22,Max,Verstappen,VER,Red Bull,Finished,1,29655.0,29655.0,29.0
1138,857,1,5,3,15.0,62,1,2024,18,Singapore Grand Prix,2024-09-22,Oscar,Piastri,PIA,McLaren,Finished,1,29152.0,29152.0,38.0
1138,847,131,4,4,12.0,62,1,2024,18,Singapore Grand Prix,2024-09-22,George,Russell,RUS,Mercedes,Finished,1,28739.0,28739.0,27.0
1138,844,6,9,5,10.0,62,1,2024,18,Singapore Grand Prix,2024-09-22,Charles,Leclerc,LEC,Ferrari,Finished,1,29042.0,29042.0,36.0
1138,1,131,3,6,8.0,62,1,2024,18,Singapore Grand Prix,2024-09-22,Lewis,Hamilton,HAM,Mercedes,Finished,1,29272.0,29272.0,17.0
1138,832,6,10,7,6.0,62,1,2024,18,Singapore Grand Prix,2024-09-22,Carlos,Sainz,SAI,Ferrari,Finished,1,29385.0,29385.0,13.0
1138,4,117,7,8,4.0,61,11,2024,18,Singapore Grand Prix,2024-09-22,Fernando,Alonso,ALO,Aston Martin,+1 Lap,1,29251.0,29251.0,25.0
1138,807,210,6,9,2.0,61,11,2024,18,Singapore Grand Prix,2024-09-22,Nico,Hülkenberg,HUL,Haas F1 Team,+1 Lap,1,29808.0,29808.0,29.0
1138,815,9,13,10,1.0,61,11,2024,18,Singapore Grand Prix,2024-09-22,Sergio,Pérez,PER,Red Bull,+1 Lap,1,28990.0,28990.0,28.0
1138,861,3,12,11,0.0,61,11,2024,18,Singapore Grand Prix,2024-09-22,Franco,Colapinto,COL,Williams,+1 Lap,1,29772.0,29772.0,29.0
1138,852,215,8,12,0.0,61,11,2024,18,Singapore Grand Prix,2024-09-22,Yuki,Tsunoda,TSU,RB F1 Team,+1 Lap,1,29662.0,29662.0,33.0
1138,839,214,15,13,0.0,61,11,2024,18,Singapore Grand Prix,2024-09-22,Esteban,Ocon,OCO,Alpine F1 Team,+1 Lap,1,29601.0,29601.0,29.0
1138,840,117,17,14,0.0,61,11,2024,18,Singapore Grand Prix,2024-09-22,Lance,Stroll,STR,Aston Martin,+1 Lap,1,29816.0,29816.0,26.0
1138,855,15,20,15,0.0,61,11,2024,18,Singapore Grand Prix,2024-09-22,Guanyu,Zhou,ZHO,Sauber,+1 Lap,1,29360.0,29360.0,34.0
1138,822,15,19,16,0.0,61,11,2024,18,Singapore Grand Prix,2024-09-22,Valtteri,Bottas,BOT,Sauber,+1 Lap,1,30423.0,30423.0,33.0
1138,842,214,18,17,0.0,61,11,2024,18,Singapore Grand Prix,2024-09-22,Pierre,Gasly,GAS,Alpine F1 Team,+1 Lap,1,31509.0,31509.0,37.0
1138,817,215,16,18,0.0,61,11,2024,18,Singapore Grand Prix,2024-09-22,Daniel,Ricciardo,RIC,RB F1 Team,+1 Lap,3,89035.0,29678.333333333332,10.0
1138,825,210,14,19,0.0,57,3,2024,18,Singapore Grand Prix,2024-09-22,Kevin,Magnussen,MAG,Haas F1 Team,Accident,2,60998.0,30499.0,28.0
1138,848,3,11,20,0.0,15,131,2024,18,Singapore Grand Prix,2024-09-22,Alexander,Albon,ALB,Williams,Power Unit,1,29126.0,29126.0,11.0
1139,844,6,4,1,25.0,56,1,2024,19,United States Grand Prix,2024-10-20,Charles,Leclerc,LEC,Ferrari,Finished,1,23817.0,23817.0,26.0
1139,832,6,3,2,18.0,56,1,2024,19,United States Grand Prix,2024-10-20,Carlos,Sainz,SAI,Ferrari,Finished,1,23963.0,23963.0,21.0
1139,830,9,2,3,15.0,56,1,2024,19,United States Grand Prix,2024-10-20,Max,Verstappen,VER,Red Bull,Finished,1,24228.0,24228.0,25.0
1139,846,1,1,4,12.0,56,1,2024,19,United States Grand Prix,2024-10-20,Lando,Norris,NOR,McLaren,Finished,1,23731.0,23731.0,31.0
1139,857,1,5,5,10.0,56,1,2024,19,United States Grand Prix,2024-10-20,Oscar,Piastri,PIA,McLaren,Finished,1,24107.0,24107.0,32.0
1139,847,131,20,6,8.0,56,1,2024,19,United States Grand Prix,2024-10-20,George,Russell,RUS,Mercedes,Finished,1,29327.0,29327.0,40.0
1139,815,9,9,7,6.0,56,1,2024,19,United States Grand Prix,2024-10-20,Sergio,Pérez,PER,Red Bull,Finished,1,23580.0,23580.0,26.0
1139,807,210,11,8,4.0,56,1,2024,19,United States Grand Prix,2024-10-20,Nico,Hülkenberg,HUL,Haas F1 Team,Finished,1,24500.0,24500.0,27.0
1139,859,215,19,9,2.0,56,1,2024,19,United States Grand Prix,2024-10-20,Liam,Lawson,LAW,RB F1 Team,Finished,1,23839.0,23839.0,36.0
1139,861,3,15,10,1.0,56,1,2024,19,United States Grand Prix,2024-10-20,Franco,Colapinto,COL,Williams,Finished,1,23971.0,23971.0,39.0
1139,825,210,8,11,0.0,56,1,2024,19,United States Grand Prix,2024-10-20,Kevin,Magnussen,MAG,Haas F1 Team,Finished,2,48053.0,24026.5,17.0
1139,842,214,6,12,0.0,56,1,2024,19,United States Grand Prix,2024-10-20,Pierre,Gasly,GAS,Alpine F1 Team,Finished,1,28228.0,28228.0,18.0
1139,4,117,7,13,0.0,55,11,2024,19,United States Grand Prix,2024-10-20,Fernando,Alonso,ALO,Aston Martin,+1 Lap,1,24247.0,24247.0,26.0
1139,852,215,10,14,0.0,55,11,2024,19,United States Grand Prix,2024-10-20,Yuki,Tsunoda,TSU,RB F1 Team,+1 Lap,1,24193.0,24193.0,18.0
1139,840,117,13,15,0.0,55,11,2024,19,United States Grand Prix,2024-10-20,Lance,Stroll,STR,Aston Martin,+1 Lap,1,26399.0,26399.0,27.0
1139,848,3,14,16,0.0,55,11,2024,19,United States Grand Prix,2024-10-20,Alexander,Albon,ALB,Williams,+1 Lap,2,59374.0,29687.0,3.0
1139,822,15,16,17,0.0,55,11,2024,19,United States Grand Prix,2024-10-20,Valtteri,Bottas,BOT,Sauber,+1 Lap,1,24439.0,24439.0,15.0
1139,839,214,12,18,0.0,55,11,2024,19,United States Grand Prix,2024-10-20,Esteban,Ocon,OCO,Alpine F1 Team,+1 Lap,2,50331.0,25165.5,31.0
1139,855,15,18,19,0.0,55,11,2024,19,United States Grand Prix,2024-10-20,Guanyu,Zhou,ZHO,Sauber,+1 Lap,2,49323.0,24661.5,13.0
1139,1,131,17,20,0.0,1,20,2024,19,United States Grand Prix,2024-10-20,Lewis,Hamilton,HAM,Mercedes,Spun off,0,,,
1140,832,6,1,1,25.0,71,1,2024,20,Mexico City Grand Prix,2024-10-27,Carlos,Sainz,SAI,Ferrari,Finished,1,22249.0,22249.0,32.0
1140,846,1,3,2,18.0,71,1,2024,20,Mexico City Grand Prix,2024-10-27,Lando,Norris,NOR,McLaren,Finished,1,22111.0,22111.0,30.0
1140,844,6,4,3,16.0,71,1,2024,20,Mexico City Grand Prix,2024-10-27,Charles,Leclerc,LEC,Ferrari,Finished,2,45550.0,22775.0,31.0
1140,1,131,6,4,12.0,71,1,2024,20,Mexico City Grand Prix,2024-10-27,Lewis,Hamilton,HAM,Mercedes,Finished,1,22538.0,22538.0,28.0
1140,847,131,5,5,10.0,71,1,2024,20,Mexico City Grand Prix,2024-10-27,George,Russell,RUS,Mercedes,Finished,1,22462.0,22462.0,31.0
1140,830,9,2,6,8.0,71,1,2024,20,Mexico City Grand Prix,2024-10-27,Max,Verstappen,VER,Red Bull,Finished,1,43730.0,43730.0,26.0
1140,825,210,7,7,6.0,71,1,2024,20,Mexico City Grand Prix,2024-10-27,Kevin,Magnussen,MAG,Haas F1 Team,Finished,1,23332.0,23332.0,30.0
1140,857,1,17,8,4.0,71,1,2024,20,Mexico City Grand Prix,2024-10-27,Oscar,Piastri,PIA,McLaren,Finished,1,21825.0,21825.0,39.0
1140,807,210,10,9,2.0,70,11,2024,20,Mexico City Grand Prix,2024-10-27,Nico,Hülkenberg,HUL,Haas F1 Team,+1 Lap,1,23077.0,23077.0,29.0
1140,842,214,8,10,1.0,70,11,2024,20,Mexico City Grand Prix,2024-10-27,Pierre,Gasly,GAS,Alpine F1 Team,+1 Lap,1,23204.0,23204.0,28.0
1140,840,117,14,11,0.0,70,11,2024,20,Mexico City Grand Prix,2024-10-27,Lance,Stroll,STR,Aston Martin,+1 Lap,1,22592.0,22592.0,26.0
1140,861,3,16,12,0.0,70,11,2024,20,Mexico City Grand Prix,2024-10-27,Franco,Colapinto,COL,Williams,+1 Lap,1,23895.0,23895.0,47.0
1140,839,214,0,13,0.0,70,11,2024,20,Mexico City Grand Prix,2024-10-27,Esteban,Ocon,OCO,Alpine F1 Team,+1 Lap,1,23245.0,23245.0,48.0
1140,822,15,15,14,0.0,70,11,2024,20,Mexico City Grand Prix,2024-10-27,Valtteri,Bottas,BOT,Sauber,+1 Lap,1,22505.0,22505.0,49.0
1140,855,15,19,15,0.0,70,11,2024,20,Mexico City Grand Prix,2024-10-27,Guanyu,Zhou,ZHO,Sauber,+1 Lap,1,22935.0,22935.0,43.0
1140,859,215,12,16,0.0,70,11,2024,20,Mexico City Grand Prix,2024-10-27,Liam,Lawson,LAW,RB F1 Team,+1 Lap,2,52885.0,26442.5,39.0
1140,815,9,18,17,0.0,70,11,2024,20,Mexico City Grand Prix,2024-10-27,Sergio,Pérez,PER,Red Bull,+1 Lap,3,71824.0,23941.333333333332,20.0
1140,4,117,13,18,0.0,15,23,2024,20,Mexico City Grand Prix,2024-10-27,Fernando,Alonso,ALO,Aston Martin,Brakes,0,,,
1140,848,3,9,19,0.0,0,4,2024,20,Mexico City Grand Prix,2024-10-27,Alexander,Albon,ALB,Williams,Collision,0,,,
1140,852,215,11,20,0.0,0,4,2024,20,Mexico City Grand Prix,2024-10-27,Yuki,Tsunoda,TSU,RB F1 Team,Collision,0,,,
1141,830,9,17,1,26.0,69,1,2024,21,São Paulo Grand Prix,2024-11-03,Max,Verstappen,VER,Red Bull,Finished,1,1409303.0,1409303.0,32.0
1141,839,214,4,2,18.0,69,1,2024,21,São Paulo Grand Prix,2024-11-03,Esteban,Ocon,OCO,Alpine F1 Team,Finished,1,1408695.0,1408695.0,32.0
1141,842,214,13,3,15.0,69,1,2024,21,São Paulo Grand Prix,2024-11-03,Pierre,Gasly,GAS,Alpine F1 Team,Finished,1,1407586.0,1407586.0,32.0
1141,847,131,2,4,12.0,69,1,2024,21,São Paulo Grand Prix,2024-11-03,George,Russell,RUS,Mercedes,Finished,2,1441536.0,720768.0,28.0
1141,844,6,6,5,10.0,69,1,2024,21,São Paulo Grand Prix,2024-11-03,Charles,Leclerc,LEC,Ferrari,Finished,2,1444833.0,722416.5,24.0
1141,846,1,1,6,8.0,69,1,2024,21,São Paulo Grand Prix,2024-11-03,Lando,Norris,NOR,McLaren,Finished,2,1440127.0,720063.5,28.0
1141,852,215,3,7,6.0,69,1,2024,21,São Paulo Grand Prix,2024-11-03,Yuki,Tsunoda,TSU,RB F1 Team,Finished,2,1444461.0,722230.5,28.0
1141,857,1,8,8,4.0,69,1,2024,21,São Paulo Grand Prix,2024-11-03,Oscar,Piastri,PIA,McLaren,Finished,2,1446320.0,723160.0,27.0
1141,859,215,5,9,2.0,69,1,2024,21,São Paulo Grand Prix,2024-11-03,Liam,Lawson,LAW,RB F1 Team,Finished,2,1450889.0,725444.5,28.0
1141,1,131,14,10,1.0,69,1,2024,21,São Paulo Grand Prix,2024-11-03,Lewis,Hamilton,HAM,Mercedes,Finished,2,1450908.0,725454.0,27.0
1141,815,9,12,11,0.0,69,1,2024,21,São Paulo Grand Prix,2024-11-03,Sergio,Pérez,PER,Red Bull,Finished,2,1451907.0,725953.5,27.0
1141,860,210,15,12,0.0,69,1,2024,21,São Paulo Grand Prix,2024-11-03,Oliver,Bearman,BEA,Haas F1 Team,Finished,2,1460492.0,730246.0,27.0
1141,822,15,11,13,0.0,69,1,2024,21,São Paulo Grand Prix,2024-11-03,Valtteri,Bottas,BOT,Sauber,Finished,1,1422094.0,1422094.0,32.0
1141,4,117,9,14,0.0,69,1,2024,21,São Paulo Grand Prix,2024-11-03,Fernando,Alonso,ALO,Aston Martin,Finished,2,1447979.0,723989.5,27.0
1141,855,15,19,15,0.0,69,1,2024,21,São Paulo Grand Prix,2024-11-03,Guanyu,Zhou,ZHO,Sauber,Finished,4,1404011.0,351002.75,27.0
1141,832,6,0,16,0.0,38,3,2024,21,São Paulo Grand Prix,2024-11-03,Carlos,Sainz,SAI,Ferrari,Accident,2,1450579.0,725289.5,27.0
1141,861,3,16,17,0.0,30,3,2024,21,São Paulo Grand Prix,2024-11-03,Franco,Colapinto,COL,Williams,Accident,2,50526.0,25263.0,26.0
1141,848,3,7,18,0.0,0,54,2024,21,São Paulo Grand Prix,2024-11-03,Alexander,Albon,ALB,Williams,Withdrew,0,,,
1141,840,117,10,19,0.0,0,54,2024,21,São Paulo Grand Prix,2024-11-03,Lance,Stroll,STR,Aston Martin,Withdrew,0,,,
1141,807,210,17,20,0.0,0,2,2024,21,São Paulo Grand Prix,2024-11-03,Nico,Hülkenberg,HUL,Haas F1 Team,Disqualified,3,112943.0,37647.666666666664,25.0
1142,847,131,1,1,25.0,50,1,2024,22,Las Vegas Grand Prix,2024-11-23,George,Russell,RUS,Mercedes,Finished,2,42047.0,21023.5,12.0
1142,1,131,10,2,18.0,50,1,2024,22,Las Vegas Grand Prix,2024-11-23,Lewis,Hamilton,HAM,Mercedes,Finished,2,42422.0,21211.0,13.0
1142,832,6,2,3,15.0,50,1,2024,22,Las Vegas Grand Prix,2024-11-23,Carlos,Sainz,SAI,Ferrari,Finished,2,41927.0,20963.5,10.0
1142,844,6,4,4,12.0,50,1,2024,22,Las Vegas Grand Prix,2024-11-23,Charles,Leclerc,LEC,Ferrari,Finished,2,42914.0,21457.0,9.0
1142,830,9,5,5,10.0,50,1,2024,22,Las Vegas Grand Prix,2024-11-23,Max,Verstappen,VER,Red Bull,Finished,2,42951.0,21475.5,11.0
1142,846,1,6,6,9.0,50,1,2024,22,Las Vegas Grand Prix,2024-11-23,Lando,Norris,NOR,McLaren,Finished,3,62921.0,20973.666666666668,9.0
1142,857,1,8,7,6.0,50,1,2024,22,Las Vegas Grand Prix,2024-11-23,Oscar,Piastri,PIA,McLaren,Finished,2,48814.0,24407.0,10.0
1142,807,210,9,8,4.0,50,1,2024,22,Las Vegas Grand Prix,2024-11-23,Nico,Hülkenberg,HUL,Haas F1 Team,Finished,2,43213.0,21606.5,14.0
1142,852,215,7,9,2.0,50,1,2024,22,Las Vegas Grand Prix,2024-11-23,Yuki,Tsunoda,TSU,RB F1 Team,Finished,2,42376.0,21188.0,10.0
1142,815,9,15,10,1.0,50,1,2024,22,Las Vegas Grand Prix,2024-11-23,Sergio,Pérez,PER,Red Bull,Finished,2,42328.0,21164.0,17.0
1142,4,117,16,11,0.0,50,1,2024,22,Las Vegas Grand Prix,2024-11-23,Fernando,Alonso,ALO,Aston Martin,Finished,2,42814.0,21407.0,4.0
1142,825,210,12,12,0.0,50,1,2024,22,Las Vegas Grand Prix,2024-11-23,Kevin,Magnussen,MAG,Haas F1 Team,Finished,1,21963.0,21963.0,17.0
1142,855,15,13,13,0.0,50,1,2024,22,Las Vegas Grand Prix,2024-11-23,Guanyu,Zhou,ZHO,Sauber,Finished,2,44721.0,22360.5,11.0
1142,861,3,0,14,0.0,50,1,2024,22,Las Vegas Grand Prix,2024-11-23,Franco,Colapinto,COL,Williams,Finished,2,42391.0,21195.5,16.0
1142,840,117,18,15,0.0,50,1,2024,22,Las Vegas Grand Prix,2024-11-23,Lance,Stroll,STR,Aston Martin,Finished,2,56451.0,28225.5,9.0
1142,859,215,14,16,0.0,50,1,2024,22,Las Vegas Grand Prix,2024-11-23,Liam,Lawson,LAW,RB F1 Team,Finished,2,41691.0,20845.5,11.0
1142,839,214,11,17,0.0,49,11,2024,22,Las Vegas Grand Prix,2024-11-23,Esteban,Ocon,OCO,Alpine F1 Team,+1 Lap,3,58790.0,19596.666666666668,11.0
1142,822,15,19,18,0.0,49,11,2024,22,Las Vegas Grand Prix,2024-11-23,Valtteri,Bottas,BOT,Sauber,+1 Lap,2,44444.0,22222.0,17.0
1142,848,3,17,19,0.0,25,21,2024,22,Las Vegas Grand Prix,2024-11-23,Alexander,Albon,ALB,Williams,Radiator,1,22012.0,22012.0,9.0
1142,842,214,3,20,0.0,15,5,2024,22,Las Vegas Grand Prix,2024-11-23,Pierre,Gasly,GAS,Alpine F1 Team,Engine,1,22179.0,22179.0,10.0
1143,830,9,2,1,25.0,57,1,2024,23,Qatar Grand Prix,2024-12-01,Max,Verstappen,VER,Red Bull,Finished,3,74890.0,24963.333333333332,35.0
1143,844,6,5,2,18.0,57,1,2024,23,Qatar Grand Prix,2024-12-01,Charles,Leclerc,LEC,Ferrari,Finished,3,83118.0,27706.0,35.0
1143,857,1,4,3,15.0,57,1,2024,23,Qatar Grand Prix,2024-12-01,Oscar,Piastri,PIA,McLaren,Finished,3,80011.0,26670.333333333332,34.0
1143,847,131,1,4,12.0,57,1,2024,23,Qatar Grand Prix,2024-12-01,George,Russell,RUS,Mercedes,Finished,4,116979.0,29244.75,23.0
1143,842,214,11,5,10.0,57,1,2024,23,Qatar Grand Prix,2024-12-01,Pierre,Gasly,GAS,Alpine F1 Team,Finished,3,81997.0,27332.333333333332,35.0
1143,832,6,7,6,8.0,57,1,2024,23,Qatar Grand Prix,2024-12-01,Carlos,Sainz,SAI,Ferrari,Finished,3,93275.0,31091.666666666668,34.0
1143,4,117,8,7,6.0,57,1,2024,23,Qatar Grand Prix,2024-12-01,Fernando,Alonso,ALO,Aston Martin,Finished,3,90031.0,30010.333333333332,35.0
1143,855,15,12,8,4.0,57,1,2024,23,Qatar Grand Prix,2024-12-01,Guanyu,Zhou,ZHO,Sauber,Finished,3,87131.0,29043.666666666668,35.0
1143,825,210,10,9,2.0,57,1,2024,23,Qatar Grand Prix,2024-12-01,Kevin,Magnussen,MAG,Haas F1 Team,Finished,3,84602.0,28200.666666666668,27.0
1143,846,1,3,10,2.0,57,1,2024,23,Qatar Grand Prix,2024-12-01,Lando,Norris,NOR,McLaren,Finished,4,118431.0,29607.75,35.0
1143,822,15,13,11,0.0,57,1,2024,23,Qatar Grand Prix,2024-12-01,Valtteri,Bottas,BOT,Sauber,Finished,3,86142.0,28714.0,24.0
1143,1,131,6,12,0.0,57,1,2024,23,Qatar Grand Prix,2024-12-01,Lewis,Hamilton,HAM,Mercedes,Finished,4,110847.0,27711.75,34.0
1143,852,215,14,13,0.0,57,1,2024,23,Qatar Grand Prix,2024-12-01,Yuki,Tsunoda,TSU,RB F1 Team,Finished,4,116858.0,29214.5,35.0
1143,859,215,17,14,0.0,57,1,2024,23,Qatar Grand Prix,2024-12-01,Liam,Lawson,LAW,RB F1 Team,Finished,4,129231.0,32307.75,35.0
1143,848,3,16,15,0.0,56,11,2024,23,Qatar Grand Prix,2024-12-01,Alexander,Albon,ALB,Williams,+1 Lap,4,128124.0,32031.0,35.0
1143,807,210,18,16,0.0,39,20,2024,23,Qatar Grand Prix,2024-12-01,Nico,Hülkenberg,HUL,Haas F1 Team,Spun off,4,122802.0,30700.5,1.0
1143,815,9,9,17,0.0,38,20,2024,23,Qatar Grand Prix,2024-12-01,Sergio,Pérez,PER,Red Bull,Spun off,3,80252.0,26750.666666666668,35.0
1143,840,117,15,18,0.0,8,130,2024,23,Qatar Grand Prix,2024-12-01,Lance,Stroll,STR,Aston Martin,Collision damage,2,71457.0,35728.5,1.0
1143,861,3,19,19,0.0,0,4,2024,23,Qatar Grand Prix,2024-12-01,Franco,Colapinto,COL,Williams,Collision,0,,,
1143,839,214,20,20,0.0,0,4,2024,23,Qatar Grand Prix,2024-12-01,Esteban,Ocon,OCO,Alpine F1 Team,Collision,0,,,
1144,846,1,1,1,25.0,58,1,2024,24,Abu Dhabi Grand Prix,2024-12-08,Lando,Norris,NOR,McLaren,Finished,1,21276.0,21276.0,26.0
1144,832,6,3,2,18.0,58,1,2024,24,Abu Dhabi Grand Prix,2024-12-08,Carlos,Sainz,SAI,Ferrari,Finished,1,21280.0,21280.0,25.0
1144,844,6,19,3,15.0,58,1,2024,24,Abu Dhabi Grand Prix,2024-12-08,Charles,Leclerc,LEC,Ferrari,Finished,1,21869.0,21869.0,20.0
1144,1,131,16,4,12.0,58,1,2024,24,Abu Dhabi Grand Prix,2024-12-08,Lewis,Hamilton,HAM,Mercedes,Finished,1,21694.0,21694.0,34.0
1144,847,131,6,5,10.0,58,1,2024,24,Abu Dhabi Grand Prix,2024-12-08,George,Russell,RUS,Mercedes,Finished,1,21656.0,21656.0,26.0
1144,830,9,4,6,8.0,58,1,2024,24,Abu Dhabi Grand Prix,2024-12-08,Max,Verstappen,VER,Red Bull,Finished,1,32652.0,32652.0,29.0
1144,842,214,5,7,6.0,58,1,2024,24,Abu Dhabi Grand Prix,2024-12-08,Pierre,Gasly,GAS,Alpine F1 Team,Finished,1,22059.0,22059.0,14.0
1144,807,210,7,8,4.0,58,1,2024,24,Abu Dhabi Grand Prix,2024-12-08,Nico,Hülkenberg,HUL,Haas F1 Team,Finished,1,21530.0,21530.0,13.0
1144,4,117,8,9,2.0,58,1,2024,24,Abu Dhabi Grand Prix,2024-12-08,Fernando,Alonso,ALO,Aston Martin,Finished,2,45763.0,22881.5,13.0
1144,857,1,2,10,1.0,58,1,2024,24,Abu Dhabi Grand Prix,2024-12-08,Oscar,Piastri,PIA,McLaren,Finished,2,56356.0,28178.0,4.0
1144,848,3,18,11,0.0,57,11,2024,24,Abu Dhabi Grand Prix,2024-12-08,Alexander,Albon,ALB,Williams,+1 Lap,1,22065.0,22065.0,12.0
1144,852,215,11,12,0.0,57,11,2024,24,Abu Dhabi Grand Prix,2024-12-08,Yuki,Tsunoda,TSU,RB F1 Team,+1 Lap,1,21869.0,21869.0,22.0
1144,855,15,15,13,0.0,57,11,2024,24,Abu Dhabi Grand Prix,2024-12-08,Guanyu,Zhou,ZHO,Sauber,+1 Lap,2,51789.0,25894.5,12.0
1144,840,117,13,14,0.0,57,11,2024,24,Abu Dhabi Grand Prix,2024-12-08,Lance,Stroll,STR,Aston Martin,+1 Lap,2,45319.0,22659.5,11.0
1144,862,214,17,15,0.0,57,11,2024,24,Abu Dhabi Grand Prix,2024-12-08,Jack,Doohan,DOO,Alpine F1 Team,+1 Lap,1,22080.0,22080.0,22.0
1144,825,210,14,16,0.0,57,11,2024,24,Abu Dhabi Grand Prix,2024-12-08,Kevin,Magnussen,MAG,Haas F1 Team,+1 Lap,4,92946.0,23236.5,12.0
1144,859,215,12,17,0.0,55,5,2024,24,Abu Dhabi Grand Prix,2024-12-08,Liam,Lawson,LAW,RB F1 Team,Engine,3,78297.0,26099.0,23.0
1144,822,15,9,18,0.0,30,130,2024,24,Abu Dhabi Grand Prix,2024-12-08,Valtteri,Bottas,BOT,Sauber,Collision damage,1,41144.0,41144.0,6.0
1144,861,3,20,19,0.0,26,5,2024,24,Abu Dhabi Grand Prix,2024-12-08,Franco,Colapinto,COL,Williams,Engine,1,24941.0,24941.0,3.0
1144,815,9,10,20,0.0,0,4,2024,24,Abu Dhabi Grand Prix,2024-12-08,Sergio,Pérez,PER,Red Bull,Collision,0,,,
